controller,speed_kmh,target_force_N,mean_force_N,std_force_N,cv_percent,min_force_N,max_force_N,contact_loss_percent,NoC,ATR_percent,effort_N2s,mechanical_work_J,signed_mechanical_work_J,trial,scenario_seed,measurement_noise_std_N,actuator_delay_s,actuator_time_constant_s,irregularity_scale,mass_scale_1,mass_scale_2,mass_scale_3,stiffness_scale_1,stiffness_scale_2,stiffness_scale_3,damping_scale_3,contact_stiffness_scale
Passive,300.0,157.3,165.84448610409547,97.31938562807285,58.68111018595365,81.9375737464322,460.6572883266884,0.0,0,0.0,0.0,0.0,0.0,0,202237189,2.0,0.005,0.015,0.9294111037858581,0.977735286904033,1.0683014900774386,0.9658873870096214,0.9007147274221264,1.0612987522970652,0.9562367097774847,1.0347920679102154,0.9210956013172273
Continuous,300.0,157.3,163.82251491422272,92.6297051727072,56.54271955305289,90.5028916857207,461.43147592629674,0.0,1,100.0,73.81443110719198,1.62992142556144,-0.5199472565232034,0,202237189,2.0,0.005,0.015,0.9294111037858581,0.977735286904033,1.0683014900774386,0.9658873870096214,0.9007147274221264,1.0612987522970652,0.9562367097774847,1.0347920679102154,0.9210956013172273
T-APIC,300.0,157.3,165.9895933400644,95.96300860384586,57.81266564539716,87.9594475158729,466.75289658142714,0.0,8,27.594936708860757,21.36166516314982,0.6006503081535943,-0.1910722476101889,0,202237189,2.0,0.005,0.015,0.9294111037858581,0.977735286904033,1.0683014900774386,0.9658873870096214,0.9007147274221264,1.0612987522970652,0.9562367097774847,1.0347920679102154,0.9210956013172273
E-APIC,300.0,157.3,166.68819614265854,95.99312082828072,57.58843340420212,87.95943128336107,470.1815810624587,0.0,6,18.73417721518987,15.195198082613585,0.37606752384065034,-0.05248105247738272,0,202237189,2.0,0.005,0.015,0.9294111037858581,0.977735286904033,1.0683014900774386,0.9658873870096214,0.9007147274221264,1.0612987522970652,0.9562367097774847,1.0347920679102154,0.9210956013172273
ME-APIC,300.0,157.3,165.85771834801398,96.16083827421129,57.97790976024405,86.80754737933525,464.820444262225,0.0,7,22.531645569620252,14.893019311087096,0.47354223304527443,-0.10204261709475344,0,202237189,2.0,0.005,0.015,0.9294111037858581,0.977735286904033,1.0683014900774386,0.9658873870096214,0.9007147274221264,1.0612987522970652,0.9562367097774847,1.0347920679102154,0.9210956013172273
Passive,350.0,188.825,191.63259810726137,167.03763639681046,87.1655647560106,91.41614180154141,1002.1870775135984,0.0,0,0.0,0.0,0.0,0.0,0,202237189,2.0,0.005,0.015,0.9294111037858581,0.977735286904033,1.0683014900774386,0.9658873870096214,0.9007147274221264,1.0612987522970652,0.9562367097774847,1.0347920679102154,0.9210956013172273
Continuous,350.0,188.825,190.7538367904606,165.1331317106764,86.56870786408975,99.88974716809878,989.6182157042655,0.0,1,99.99999999999999,130.86365315256518,2.8306470075275296,-1.1609870871961316,0,202237189,2.0,0.005,0.015,0.9294111037858581,0.977735286904033,1.0683014900774386,0.9658873870096214,0.9007147274221264,1.0612987522970652,0.9562367097774847,1.0347920679102154,0.9210956013172273
T-APIC,350.0,188.825,192.78274406041047,166.97270409433617,86.6118515472596,98.58411218520439,982.753165658808,0.0,7,26.923076923076923,21.64623207963012,0.8470941174089717,-0.1554221905047729,0,202237189,2.0,0.005,0.015,0.9294111037858581,0.977735286904033,1.0683014900774386,0.9658873870096214,0.9007147274221264,1.0612987522970652,0.9562367097774847,1.0347920679102154,0.9210956013172273
E-APIC,350.0,188.825,192.74618797001247,168.32775044932498,87.33129937465404,98.58411218520439,987.8978344805894,0.0,7,27.36686390532544,50.17580931942756,1.247019205825047,-0.5189281169070421,0,202237189,2.0,0.005,0.015,0.9294111037858581,0.977735286904033,1.0683014900774386,0.9658873870096214,0.9007147274221264,1.0612987522970652,0.9562367097774847,1.0347920679102154,0.9210956013172273
ME-APIC,350.0,188.825,191.4567886026038,165.98769276733438,86.6972093174851,96.84140525625922,983.9353946169063,0.0,7,22.928994082840234,24.4401053156923,0.8047271487072083,-0.46263087895389077,0,202237189,2.0,0.005,0.015,0.9294111037858581,0.977735286904033,1.0683014900774386,0.9658873870096214,0.9007147274221264,1.0612987522970652,0.9562367097774847,1.0347920679102154,0.9210956013172273
Passive,300.0,157.3,168.16114740475572,98.47734980194979,58.56129749455121,84.77615661798393,460.39578969280007,0.0,0,0.0,0.0,0.0,0.0,1,1159259416,2.0,0.005,0.015,1.178564017169005,0.9678971766516108,1.0152599755981129,0.9081843625348296,0.9391544899107706,1.0333945979184942,0.9296979292646003,0.9607255405916412,0.9613238722764251
Continuous,300.0,157.3,165.5956083391328,93.4161991016923,56.41224428511405,88.44388531395292,462.07268833303357,0.0,1,100.0,75.69292270299968,1.6610781857165688,-0.6113674812300143,1,1159259416,2.0,0.005,0.015,1.178564017169005,0.9678971766516108,1.0152599755981129,0.9081843625348296,0.9391544899107706,1.0333945979184942,0.9296979292646003,0.9607255405916412,0.9613238722764251
T-APIC,300.0,157.3,168.21999335531683,97.00810715899621,57.667406367145794,88.21644385417524,468.0844295849559,0.0,8,27.594936708860757,22.933677820131997,0.6344408553076211,-0.1940664071956768,1,1159259416,2.0,0.005,0.015,1.178564017169005,0.9678971766516108,1.0152599755981129,0.9081843625348296,0.9391544899107706,1.0333945979184942,0.9296979292646003,0.9607255405916412,0.9613238722764251
E-APIC,300.0,157.3,169.1540889920751,97.03219547855629,57.36319828668302,88.21644385417524,471.55521166002933,0.0,6,18.73417721518987,17.684785618642497,0.42647168165413746,-0.011005598890503034,1,1159259416,2.0,0.005,0.015,1.178564017169005,0.9678971766516108,1.0152599755981129,0.9081843625348296,0.9391544899107706,1.0333945979184942,0.9296979292646003,0.9607255405916412,0.9613238722764251
ME-APIC,300.0,157.3,168.139454010456,97.23973822112079,57.83279052105985,87.94021698522991,465.6770519781131,0.0,7,22.531645569620252,16.02396731008333,0.4823710820282566,-0.1169499412121897,1,1159259416,2.0,0.005,0.015,1.178564017169005,0.9678971766516108,1.0152599755981129,0.9081843625348296,0.9391544899107706,1.0333945979184942,0.9296979292646003,0.9607255405916412,0.9613238722764251
Passive,350.0,188.825,194.2010190708342,169.17809073775763,87.11493459055973,97.96881390951259,1021.500890388299,0.0,0,0.0,0.0,0.0,0.0,1,1159259416,2.0,0.005,0.015,1.178564017169005,0.9678971766516108,1.0152599755981129,0.9081843625348296,0.9391544899107706,1.0333945979184942,0.9296979292646003,0.9607255405916412,0.9613238722764251
Continuous,350.0,188.825,192.71598527674595,166.74043522940846,86.52133085377645,100.24680365771718,1021.3817897726647,0.0,1,99.99999999999999,136.13569679704176,2.9303352859944836,-1.2739861496421614,1,1159259416,2.0,0.005,0.015,1.178564017169005,0.9678971766516108,1.0152599755981129,0.9081843625348296,0.9391544899107706,1.0333945979184942,0.9296979292646003,0.9607255405916412,0.9613238722764251
T-APIC,350.0,188.825,195.23142204646106,168.89504418238155,86.5101746491341,105.29333956425856,998.9121230442796,0.0,7,26.923076923076923,23.493129261459714,0.8797293389319424,-0.1930216896441875,1,1159259416,2.0,0.005,0.015,1.178564017169005,0.9678971766516108,1.0152599755981129,0.9081843625348296,0.9391544899107706,1.0333945979184942,0.9296979292646003,0.9607255405916412,0.9613238722764251
E-APIC,350.0,188.825,197.95350019795546,172.12834555858126,86.95392876935807,105.29333956425856,1011.4497723990225,0.0,5,16.420118343195266,36.25797814930339,0.8923619286919687,0.30716382438262346,1,1159259416,2.0,0.005,0.015,1.178564017169005,0.9678971766516108,1.0152599755981129,0.9081843625348296,0.9391544899107706,1.0333945979184942,0.9296979292646003,0.9607255405916412,0.9613238722764251
ME-APIC,350.0,188.825,194.00456307317052,167.85556159355795,86.52145028684184,103.06189155187036,997.0923031895644,0.0,7,23.076923076923073,27.44461634346314,0.874662000437817,-0.46637457443355507,1,1159259416,2.0,0.005,0.015,1.178564017169005,0.9678971766516108,1.0152599755981129,0.9081843625348296,0.9391544899107706,1.0333945979184942,0.9296979292646003,0.9607255405916412,0.9613238722764251
Passive,300.0,157.3,168.55844507043838,98.86044505836944,58.6505440395211,85.5617211161233,473.20309408226484,0.0,0,0.0,0.0,0.0,0.0,2,2037257404,2.0,0.005,0.015,0.8112797797935276,1.0419330327817269,0.9316646289055773,1.0477735548899636,0.933224478398405,0.9638482909356714,1.0252483846415041,0.9223760666720565,0.9765864004062519
Continuous,300.0,157.3,165.60132752517606,93.63113249437754,56.54008569474963,89.48118005520087,472.9351957742398,0.0,1,100.0,83.84300453011969,1.8232194432123126,-0.653795739900211,2,2037257404,2.0,0.005,0.015,0.8112797797935276,1.0419330327817269,0.9316646289055773,1.0477735548899636,0.933224478398405,0.9638482909356714,1.0252483846415041,0.9223760666720565,0.9765864004062519
T-APIC,300.0,157.3,168.4689882634853,97.37701612386202,57.80115208596402,89.10500339290182,478.71995580854684,0.0,8,27.594936708860757,23.749256153658763,0.6428129591889301,-0.23994733694664758,2,2037257404,2.0,0.005,0.015,0.8112797797935276,1.0419330327817269,0.9316646289055773,1.0477735548899636,0.933224478398405,0.9638482909356714,1.0252483846415041,0.9223760666720565,0.9765864004062519
E-APIC,300.0,157.3,169.57010553483394,97.44501416441878,57.46591585649578,89.10500339290182,482.20625418854826,0.0,6,18.73417721518987,16.71543925163999,0.45214214858340457,-0.019100284126178504,2,2037257404,2.0,0.005,0.015,0.8112797797935276,1.0419330327817269,0.9316646289055773,1.0477735548899636,0.933224478398405,0.9638482909356714,1.0252483846415041,0.9223760666720565,0.9765864004062519
ME-APIC,300.0,157.3,168.37589148047482,97.4671132212659,57.886620444452625,88.73291141069731,476.9339377209388,0.0,7,22.78481012658228,17.9283737586824,0.554171316553413,-0.12608079251867324,2,2037257404,2.0,0.005,0.015,0.8112797797935276,1.0419330327817269,0.9316646289055773,1.0477735548899636,0.933224478398405,0.9638482909356714,1.0252483846415041,0.9223760666720565,0.9765864004062519
Passive,350.0,188.825,195.75214325694398,173.99684547082774,88.88630416804158,100.69633062956639,1041.1238888078888,0.0,0,0.0,0.0,0.0,0.0,2,2037257404,2.0,0.005,0.015,0.8112797797935276,1.0419330327817269,0.9316646289055773,1.0477735548899636,0.933224478398405,0.9638482909356714,1.0252483846415041,0.9223760666720565,0.9765864004062519
Continuous,350.0,188.825,193.88264513418972,170.97242939626847,88.18346236092215,102.67423109696956,1023.8219559087955,0.0,1,99.99999999999999,140.65812348413428,2.988876085262685,-1.4065671333297336,2,2037257404,2.0,0.005,0.015,0.8112797797935276,1.0419330327817269,0.9316646289055773,1.0477735548899636,0.933224478398405,0.9638482909356714,1.0252483846415041,0.9223760666720565,0.9765864004062519
T-APIC,350.0,188.825,196.70736128046343,173.74199499766974,88.32511089910362,106.449649286446,1018.3609657467191,0.0,7,26.923076923076923,23.077872689081108,0.8737010504063278,-0.22581850443115561,2,2037257404,2.0,0.005,0.015,0.8112797797935276,1.0419330327817269,0.9316646289055773,1.0477735548899636,0.933224478398405,0.9638482909356714,1.0252483846415041,0.9223760666720565,0.9765864004062519
E-APIC,350.0,188.825,197.18880548496998,175.03420144765937,88.76477598065308,106.449649286446,1023.6617670958009,0.0,7,27.36686390532544,48.48113705960358,1.1690597702394518,-0.46147762194845265,2,2037257404,2.0,0.005,0.015,0.8112797797935276,1.0419330327817269,0.9316646289055773,1.0477735548899636,0.933224478398405,0.9638482909356714,1.0252483846415041,0.9223760666720565,0.9765864004062519
ME-APIC,350.0,188.825,195.3017052352038,172.40665314225328,88.27708541234814,105.28108754691371,1018.0935666982779,0.0,7,23.076923076923073,28.064108847749416,0.9005541550321938,-0.5370214153834436,2,2037257404,2.0,0.005,0.015,0.8112797797935276,1.0419330327817269,0.9316646289055773,1.0477735548899636,0.933224478398405,0.9638482909356714,1.0252483846415041,0.9223760666720565,0.9765864004062519
Passive,300.0,157.3,170.55646436832657,103.9250810463129,60.93294759082286,83.17953390328758,473.566966423115,0.0,0,0.0,0.0,0.0,0.0,3,1009938822,2.0,0.005,0.015,0.9319170664384594,1.0719241794038814,1.0481107374819216,0.964626298362669,1.0590405828338882,1.0124589657009393,0.9155213535849533,0.9110904480721791,1.0932180358185066
Continuous,300.0,157.3,167.77974586766766,98.73758873037825,58.84952812376722,89.09904215804399,476.3331216100584,0.0,1,100.0,78.63462474955256,1.728072549832604,-0.656128947863077,3,1009938822,2.0,0.005,0.015,0.9319170664384594,1.0719241794038814,1.0481107374819216,0.964626298362669,1.0590405828338882,1.0124589657009393,0.9155213535849533,0.9110904480721791,1.0932180358185066
T-APIC,300.0,157.3,170.54613757930642,102.49065975963376,60.09556194843412,88.65725168418037,476.5209673004804,0.0,8,27.594936708860757,23.809467442565406,0.6552904875470145,-0.2245326852538356,3,1009938822,2.0,0.005,0.015,0.9319170664384594,1.0719241794038814,1.0481107374819216,0.964626298362669,1.0590405828338882,1.0124589657009393,0.9155213535849533,0.9110904480721791,1.0932180358185066
E-APIC,300.0,157.3,171.47534532135543,102.67635833416256,59.878204730680494,88.65725168418037,476.4258941513693,0.0,6,18.73417721518987,19.26809685114986,0.4002447828471906,-0.03312263166066186,3,1009938822,2.0,0.005,0.015,0.9319170664384594,1.0719241794038814,1.0481107374819216,0.964626298362669,1.0590405828338882,1.0124589657009393,0.9155213535849533,0.9110904480721791,1.0932180358185066
ME-APIC,300.0,157.3,170.47193451338458,102.58530410388867,60.1772393776843,88.17905622603315,470.5775465906123,0.0,7,22.78481012658228,17.514299926780712,0.5313205700956418,-0.11080668525423293,3,1009938822,2.0,0.005,0.015,0.9319170664384594,1.0719241794038814,1.0481107374819216,0.964626298362669,1.0590405828338882,1.0124589657009393,0.9155213535849533,0.9110904480721791,1.0932180358185066
Passive,350.0,188.825,196.61956556429521,177.64771465951756,90.35098523876363,93.32015390366024,1082.1289545795064,0.0,0,0.0,0.0,0.0,0.0,3,1009938822,2.0,0.005,0.015,0.9319170664384594,1.0719241794038814,1.0481107374819216,0.964626298362669,1.0590405828338882,1.0124589657009393,0.9155213535849533,0.9110904480721791,1.0932180358185066
Continuous,350.0,188.825,194.95059015326146,174.9823288662825,89.75727066469469,98.2097028745969,1063.064892235423,0.0,1,99.99999999999999,137.25523912765962,2.9549775314912097,-1.346862914196839,3,1009938822,2.0,0.005,0.015,0.9319170664384594,1.0719241794038814,1.0481107374819216,0.964626298362669,1.0590405828338882,1.0124589657009393,0.9155213535849533,0.9110904480721791,1.0932180358185066
T-APIC,350.0,188.825,197.63571291948128,177.32889765993937,89.72512864220288,100.72413680837434,1049.7125317066375,0.0,7,26.923076923076923,23.355686197080818,0.8919748615682525,-0.2066585503340108,3,1009938822,2.0,0.005,0.015,0.9319170664384594,1.0719241794038814,1.0481107374819216,0.964626298362669,1.0590405828338882,1.0124589657009393,0.9155213535849533,0.9110904480721791,1.0932180358185066
E-APIC,350.0,188.825,199.17244020676407,179.6861445652412,90.21636948299984,100.72413680837434,1061.5074329997879,0.0,6,21.89349112426035,46.94064669548606,1.0490928349453987,-0.25804344186670697,3,1009938822,2.0,0.005,0.015,0.9319170664384594,1.0719241794038814,1.0481107374819216,0.964626298362669,1.0590405828338882,1.0124589657009393,0.9155213535849533,0.9110904480721791,1.0932180358185066
ME-APIC,350.0,188.825,196.4231904628408,176.299690361522,89.75502838850092,98.97679393953723,1052.0857830335135,0.0,7,23.076923076923073,29.790734789669123,0.9154194464529789,-0.4888414729443115,3,1009938822,2.0,0.005,0.015,0.9319170664384594,1.0719241794038814,1.0481107374819216,0.964626298362669,1.0590405828338882,1.0124589657009393,0.9155213535849533,0.9110904480721791,1.0932180358185066
Passive,300.0,157.3,166.83805595498936,99.37414222943879,59.56323433560541,81.31716713848968,478.96246152980416,0.0,0,0.0,0.0,0.0,0.0,4,567986487,2.0,0.005,0.015,1.1070368537728992,1.0354142179401176,0.9369872845583189,1.085813145024001,0.9565878716706834,1.0573302585051136,0.9882996947111851,1.0155119869102782,1.0827080328553205
Continuous,300.0,157.3,164.7839882873322,94.74041312810967,57.49370076109079,88.05072798637686,472.70471862456884,0.0,1,100.0,76.141283131106,1.685387420119084,-0.5298951756398813,4,567986487,2.0,0.005,0.015,1.1070368537728992,1.0354142179401176,0.9369872845583189,1.085813145024001,0.9565878716706834,1.0573302585051136,0.9882996947111851,1.0155119869102782,1.0827080328553205
T-APIC,300.0,157.3,167.05475065767448,98.05902736092732,58.69873617773857,86.7096490224426,477.9540788376894,0.0,8,27.594936708860757,23.20186076516282,0.6349281696353772,-0.18173665730468155,4,567986487,2.0,0.005,0.015,1.1070368537728992,1.0354142179401176,0.9369872845583189,1.085813145024001,0.9565878716706834,1.0573302585051136,0.9882996947111851,1.0155119869102782,1.0827080328553205
E-APIC,300.0,157.3,168.07004772851818,98.00457188005001,58.311741565252476,86.70964902242571,480.6824590264491,0.0,6,18.73417721518987,13.457560076624585,0.45576056212761057,0.03957975733797716,4,567986487,2.0,0.005,0.015,1.1070368537728992,1.0354142179401176,0.9369872845583189,1.085813145024001,0.9565878716706834,1.0573302585051136,0.9882996947111851,1.0155119869102782,1.0827080328553205
ME-APIC,300.0,157.3,166.86443913891375,98.10892347050367,58.79558519285737,85.89473092779227,476.02439928258514,0.0,7,22.78481012658228,16.287027581603216,0.5142027008494858,-0.09561700615152402,4,567986487,2.0,0.005,0.015,1.1070368537728992,1.0354142179401176,0.9369872845583189,1.085813145024001,0.9565878716706834,1.0573302585051136,0.9882996947111851,1.0155119869102782,1.0827080328553205
Passive,350.0,188.825,193.22556075472954,171.96599068800919,88.99753739428597,94.88572628025956,1024.250277245523,0.0,0,0.0,0.0,0.0,0.0,4,567986487,2.0,0.005,0.015,1.1070368537728992,1.0354142179401176,0.9369872845583189,1.085813145024001,0.9565878716706834,1.0573302585051136,0.9882996947111851,1.0155119869102782,1.0827080328553205
Continuous,350.0,188.825,192.27304893108294,170.08598238591532,88.46064663325737,85.0087023611504,1024.7040817773884,0.0,1,99.99999999999999,133.13756464177948,2.8772366153681235,-1.1964505426927974,4,567986487,2.0,0.005,0.015,1.1070368537728992,1.0354142179401176,0.9369872845583189,1.085813145024001,0.9565878716706834,1.0573302585051136,0.9882996947111851,1.0155119869102782,1.0827080328553205
T-APIC,350.0,188.825,194.52609521935358,172.13569229559303,88.48976899551063,96.34593905842507,999.111140766698,0.0,7,26.923076923076923,21.864117220261633,0.8531800145575308,-0.1378104400913196,4,567986487,2.0,0.005,0.015,1.1070368537728992,1.0354142179401176,0.9369872845583189,1.085813145024001,0.9565878716706834,1.0573302585051136,0.9882996947111851,1.0155119869102782,1.0827080328553205
E-APIC,350.0,188.825,194.62669710173722,173.44705540308556,89.11781270809911,93.35157717783466,1004.0918753035407,0.0,7,27.36686390532544,43.077882015050136,1.1144905756404149,-0.3782748797211607,4,567986487,2.0,0.005,0.015,1.1070368537728992,1.0354142179401176,0.9369872845583189,1.085813145024001,0.9565878716706834,1.0573302585051136,0.9882996947111851,1.0155119869102782,1.0827080328553205
ME-APIC,350.0,188.825,192.92953409129504,170.82170023590984,88.54098002179195,97.32299021209414,999.3081838299344,0.0,7,23.076923076923073,25.839642508411323,0.8453207303778095,-0.5048269221404692,4,567986487,2.0,0.005,0.015,1.1070368537728992,1.0354142179401176,0.9369872845583189,1.085813145024001,0.9565878716706834,1.0573302585051136,0.9882996947111851,1.0155119869102782,1.0827080328553205
Passive,300.0,157.3,167.5553081750423,98.06239867626545,58.5253906571681,83.84283477564702,465.97933764983947,0.0,0,0.0,0.0,0.0,0.0,5,729014651,2.0,0.005,0.015,0.8580293285657016,0.9460307715431999,1.0294396240042594,1.0462418026206193,0.921209267695264,0.9183349442252751,1.0161381519234285,0.9505726107194925,1.0213495370690233
Continuous,300.0,157.3,164.4118753101889,92.54009649175514,56.28553066325877,89.03984056090984,456.80186469725567,0.0,1,100.0,85.8115866931685,1.8147750465765466,-0.6775949625264807,5,729014651,2.0,0.005,0.015,0.8580293285657016,0.9460307715431999,1.0294396240042594,1.0462418026206193,0.921209267695264,0.9183349442252751,1.0161381519234285,0.9505726107194925,1.0213495370690233
T-APIC,300.0,157.3,167.2660461924694,96.42510714866212,57.64774701358568,88.67505458618557,461.5630070976372,0.0,8,27.594936708860757,23.336817343179987,0.6245422154434237,-0.27509641072597824,5,729014651,2.0,0.005,0.015,0.8580293285657016,0.9460307715431999,1.0294396240042594,1.0462418026206193,0.921209267695264,0.9183349442252751,1.0161381519234285,0.9505726107194925,1.0213495370690233
E-APIC,300.0,157.3,168.44518170295365,96.52554376025492,57.30383189616777,88.67505458618557,466.0743376087017,0.0,6,18.73417721518987,15.985191307552752,0.42159977239067603,-0.03546493443278958,5,729014651,2.0,0.005,0.015,0.8580293285657016,0.9460307715431999,1.0294396240042594,1.0462418026206193,0.921209267695264,0.9183349442252751,1.0161381519234285,0.9505726107194925,1.0213495370690233
ME-APIC,300.0,157.3,167.30956472633278,96.63576732602432,57.75866280214813,88.21787228026439,461.67512709060065,0.0,7,22.78481012658228,17.742190733343566,0.5454486956071384,-0.12502202040260188,5,729014651,2.0,0.005,0.015,0.8580293285657016,0.9460307715431999,1.0294396240042594,1.0462418026206193,0.921209267695264,0.9183349442252751,1.0161381519234285,0.9505726107194925,1.0213495370690233
Passive,350.0,188.825,193.2822797398256,166.63190010814756,86.2116797941582,96.26908919959153,996.7213988386435,0.0,0,0.0,0.0,0.0,0.0,5,729014651,2.0,0.005,0.015,0.8580293285657016,0.9460307715431999,1.0294396240042594,1.0462418026206193,0.921209267695264,0.9183349442252751,1.0161381519234285,0.9505726107194925,1.0213495370690233
Continuous,350.0,188.825,191.16338298212375,163.54224972924496,85.55103345526076,98.35667454794287,981.0507448999471,0.0,1,99.99999999999999,142.6804849143736,2.971484434133766,-1.4366526531435457,5,729014651,2.0,0.005,0.015,0.8580293285657016,0.9460307715431999,1.0294396240042594,1.0462418026206193,0.921209267695264,0.9183349442252751,1.0161381519234285,0.9505726107194925,1.0213495370690233
T-APIC,350.0,188.825,193.96851416234153,166.27850782864047,85.72448396932815,102.52295633953167,972.3589282469611,0.0,7,26.923076923076923,22.33252633517817,0.8505418788338392,-0.25993921082647625,5,729014651,2.0,0.005,0.015,0.8580293285657016,0.9460307715431999,1.0294396240042594,1.0462418026206193,0.921209267695264,0.9183349442252751,1.0161381519234285,0.9505726107194925,1.0213495370690233
E-APIC,350.0,188.825,195.57366276096542,169.66042491873233,86.7501393201881,102.52295633953167,990.4688556771139,0.0,6,21.89349112426035,36.062197165980855,0.7954759296435666,-0.0685950404514871,5,729014651,2.0,0.005,0.015,0.8580293285657016,0.9460307715431999,1.0294396240042594,1.0462418026206193,0.921209267695264,0.9183349442252751,1.0161381519234285,0.9505726107194925,1.0213495370690233
ME-APIC,350.0,188.825,192.67357260775688,165.1915209072811,85.73647058674545,101.04843960569134,975.0314446097383,0.0,7,23.076923076923073,29.16074416734618,0.8803348879879606,-0.5743926305731787,5,729014651,2.0,0.005,0.015,0.8580293285657016,0.9460307715431999,1.0294396240042594,1.0462418026206193,0.921209267695264,0.9183349442252751,1.0161381519234285,0.9505726107194925,1.0213495370690233
Passive,300.0,157.3,166.35295984836802,97.31855502337986,58.501246453376275,82.73543418185977,458.0793006405194,0.0,0,0.0,0.0,0.0,0.0,6,645772366,2.0,0.005,0.015,0.8175581814891468,0.9427934820904945,0.966523798014102,1.0372363969604115,0.984945833221034,0.9114431098741737,0.9507461081451261,1.026363134733071,0.9905217122521917
Continuous,300.0,157.3,163.21476794284175,92.00592775334634,56.371080211054846,86.65522958252224,455.4621261516127,0.0,1,100.0,83.74633660039255,1.7794503308464462,-0.6430673171844266,6,645772366,2.0,0.005,0.015,0.8175581814891468,0.9427934820904945,0.966523798014102,1.0372363969604115,0.984945833221034,0.9114431098741737,0.9507461081451261,1.026363134733071,0.9905217122521917
T-APIC,300.0,157.3,166.159384156285,95.80523136064774,57.65863411634695,86.2510924011416,461.2209088001181,0.0,8,27.594936708860757,23.71877147578424,0.6245707744341232,-0.23637917720871393,6,645772366,2.0,0.005,0.015,0.8175581814891468,0.9427934820904945,0.966523798014102,1.0372363969604115,0.984945833221034,0.9114431098741737,0.9507461081451261,1.026363134733071,0.9905217122521917
E-APIC,300.0,157.3,167.2440706055627,95.81142470209213,57.28838359122391,86.2510924011416,464.47133597171864,0.0,6,18.73417721518987,16.37030358076151,0.4248423414328162,-0.02112773676082819,6,645772366,2.0,0.005,0.015,0.8175581814891468,0.9427934820904945,0.966523798014102,1.0372363969604115,0.984945833221034,0.9114431098741737,0.9507461081451261,1.026363134733071,0.9905217122521917
ME-APIC,300.0,157.3,166.12538217091983,96.04558197732436,57.815115741017145,85.86476788110356,459.1179735235832,0.0,7,22.658227848101262,16.752661946362238,0.5078123075695476,-0.1021617526970169,6,645772366,2.0,0.005,0.015,0.8175581814891468,0.9427934820904945,0.966523798014102,1.0372363969604115,0.984945833221034,0.9114431098741737,0.9507461081451261,1.026363134733071,0.9905217122521917
Passive,350.0,188.825,191.73693212609166,166.05671361074621,86.60653519872875,99.0052284393137,995.4922808768492,0.0,0,0.0,0.0,0.0,0.0,6,645772366,2.0,0.005,0.015,0.8175581814891468,0.9427934820904945,0.966523798014102,1.0372363969604115,0.984945833221034,0.9114431098741737,0.9507461081451261,1.026363134733071,0.9905217122521917
Continuous,350.0,188.825,189.60729461136444,163.097886281965,86.0187824610148,93.00359939780812,994.7405765841041,0.0,1,99.99999999999999,140.70699058042004,2.9038963380906897,-1.3994758047584468,6,645772366,2.0,0.005,0.015,0.8175581814891468,0.9427934820904945,0.966523798014102,1.0372363969604115,0.984945833221034,0.9114431098741737,0.9507461081451261,1.026363134733071,0.9905217122521917
T-APIC,350.0,188.825,192.4575279241723,165.55126671982845,86.0196369066193,101.7650892743364,971.7079296994505,0.0,7,26.923076923076923,22.1374328032494,0.8468207268781939,-0.2366928318739125,6,645772366,2.0,0.005,0.015,0.8175581814891468,0.9427934820904945,0.966523798014102,1.0372363969604115,0.984945833221034,0.9114431098741737,0.9507461081451261,1.026363134733071,0.9905217122521917
E-APIC,350.0,188.825,193.5200507562059,167.6320048949818,86.62255112063941,101.7650892743364,979.6909373995605,0.0,7,27.36686390532544,49.73452655142362,1.0920481595391407,-0.3856585456583187,6,645772366,2.0,0.005,0.015,0.8175581814891468,0.9427934820904945,0.966523798014102,1.0372363969604115,0.984945833221034,0.9114431098741737,0.9507461081451261,1.026363134733071,0.9905217122521917
ME-APIC,350.0,188.825,191.21724752219055,164.75131854561081,86.1592354667126,101.398168358027,972.2889596465286,0.0,7,22.928994082840234,26.429962700014883,0.849981884408645,-0.5344063517596347,6,645772366,2.0,0.005,0.015,0.8175581814891468,0.9427934820904945,0.966523798014102,1.0372363969604115,0.984945833221034,0.9114431098741737,0.9507461081451261,1.026363134733071,0.9905217122521917
Passive,300.0,157.3,168.08291231177236,98.96897178534736,58.88104294728815,83.64433768122863,470.85722695013413,0.0,0,0.0,0.0,0.0,0.0,7,1823774653,2.0,0.005,0.015,0.9232260448282649,1.0253234063721084,0.9535491225159085,0.9202870494223899,0.9179494551454774,1.0845868094727087,1.0200871538972063,0.9661965389326654,0.9804996927914758
Continuous,300.0,157.3,165.86942806566432,94.23570103980583,56.81318259715699,90.91466814901844,473.0595195427125,0.0,1,100.0,74.25380922743463,1.6500320188690607,-0.5581370022370824,7,1823774653,2.0,0.005,0.015,0.9232260448282649,1.0253234063721084,0.9535491225159085,0.9202870494223899,0.9179494551454774,1.0845868094727087,1.0200871538972063,0.9661965389326654,0.9804996927914758
T-APIC,300.0,157.3,168.2449778022546,97.5965679192688,58.008606969521644,89.4572974501226,478.62986585502324,0.0,8,27.594936708860757,23.024975296426035,0.646941258268824,-0.17026905616823146,7,1823774653,2.0,0.005,0.015,0.9232260448282649,1.0253234063721084,0.9535491225159085,0.9202870494223899,0.9179494551454774,1.0845868094727087,1.0200871538972063,0.9661965389326654,0.9804996927914758
E-APIC,300.0,157.3,167.79163930128624,96.32337250599437,57.40653879245817,89.45729745011562,481.0031219478903,0.0,7,23.41772151898734,33.441461650141505,0.7067669503853218,-0.2706603576169749,7,1823774653,2.0,0.005,0.015,0.9232260448282649,1.0253234063721084,0.9535491225159085,0.9202870494223899,0.9179494551454774,1.0845868094727087,1.0200871538972063,0.9661965389326654,0.9804996927914758
ME-APIC,300.0,157.3,168.1520461318982,97.80421645490134,58.164154825796096,88.56937027449227,476.59908283958424,0.0,7,22.658227848101262,15.425583341640293,0.4816311940308009,-0.103727460560453,7,1823774653,2.0,0.005,0.015,0.9232260448282649,1.0253234063721084,0.9535491225159085,0.9202870494223899,0.9179494551454774,1.0845868094727087,1.0200871538972063,0.9661965389326654,0.9804996927914758
Passive,350.0,188.825,195.24266405512626,173.77764473785447,89.00597908702413,95.29397907350348,1049.4083324887156,0.0,0,0.0,0.0,0.0,0.0,7,1823774653,2.0,0.005,0.015,0.9232260448282649,1.0253234063721084,0.9535491225159085,0.9202870494223899,0.9179494551454774,1.0845868094727087,1.0200871538972063,0.9661965389326654,0.9804996927914758
Continuous,350.0,188.825,194.15966541615063,171.86493698810995,88.51732239018055,93.32701635124387,1044.4172647109528,0.0,1,99.99999999999999,135.17117073700163,2.91649348313107,-1.2003781348421594,7,1823774653,2.0,0.005,0.015,0.9232260448282649,1.0253234063721084,0.9535491225159085,0.9202870494223899,0.9179494551454774,1.0845868094727087,1.0200871538972063,0.9661965389326654,0.9804996927914758
T-APIC,350.0,188.825,196.48541591508814,173.8060956464171,88.45750451093429,103.05311559277094,1023.80159095105,0.0,7,26.923076923076923,23.01236228587784,0.8833518029698854,-0.14385721282863742,7,1823774653,2.0,0.005,0.015,0.9232260448282649,1.0253234063721084,0.9535491225159085,0.9202870494223899,0.9179494551454774,1.0845868094727087,1.0200871538972063,0.9661965389326654,0.9804996927914758
E-APIC,350.0,188.825,197.96506444953278,177.07225719921001,89.44621501353387,103.05311559277094,1040.5878806796875,0.0,6,21.89349112426035,33.84759477661226,0.7995914850436088,0.0075633735408704526,7,1823774653,2.0,0.005,0.015,0.9232260448282649,1.0253234063721084,0.9535491225159085,0.9202870494223899,0.9179494551454774,1.0845868094727087,1.0200871538972063,0.9661965389326654,0.9804996927914758
ME-APIC,350.0,188.825,195.05722017419313,172.59650608952387,88.48506399065307,101.11464441091648,1024.7082310101532,0.0,7,23.076923076923073,27.236352298552635,0.8701363629404972,-0.46395040692276207,7,1823774653,2.0,0.005,0.015,0.9232260448282649,1.0253234063721084,0.9535491225159085,0.9202870494223899,0.9179494551454774,1.0845868094727087,1.0200871538972063,0.9661965389326654,0.9804996927914758
Passive,300.0,157.3,167.04387143058884,99.27621962099325,59.43122532468673,83.98445495925696,449.23461792379453,0.0,0,0.0,0.0,0.0,0.0,8,2081653221,2.0,0.005,0.015,1.1527538758645037,0.9585245712657914,1.0290967686259294,0.9377308091842157,1.0490260582593252,0.9222640774564632,1.0356887959634165,1.0331493739586015,0.9249021219718588
Continuous,300.0,157.3,163.83082527572947,93.93649072570541,57.33749467941033,87.4654868705417,446.6886430877648,0.0,1,100.0,81.2155842574157,1.736504105899853,-0.6497951074013498,8,2081653221,2.0,0.005,0.015,1.1527538758645037,0.9585245712657914,1.0290967686259294,0.9377308091842157,1.0490260582593252,0.9222640774564632,1.0356887959634165,1.0331493739586015,0.9249021219718588
T-APIC,300.0,157.3,166.82639830834788,97.792724207507,58.61945423454815,87.24391421185793,452.66822845334804,0.0,8,27.594936708860757,23.489080447262346,0.6258687388071513,-0.22303880068317222,8,2081653221,2.0,0.005,0.015,1.1527538758645037,0.9585245712657914,1.0290967686259294,0.9377308091842157,1.0490260582593252,0.9222640774564632,1.0356887959634165,1.0331493739586015,0.9249021219718588
E-APIC,300.0,157.3,166.81956639027896,96.52092414932056,57.8594743038159,87.24391421185793,449.8716046716733,0.0,6,18.73417721518987,17.879164306413088,0.5022380938598364,-0.24976556643725467,8,2081653221,2.0,0.005,0.015,1.1527538758645037,0.9585245712657914,1.0290967686259294,0.9377308091842157,1.0490260582593252,0.9222640774564632,1.0356887959634165,1.0331493739586015,0.9249021219718588
ME-APIC,300.0,157.3,166.85877790610886,98.13558534856647,58.813558735152185,86.99385718375194,450.37852839122684,0.0,7,22.658227848101262,15.700739975925828,0.4828606512964562,-0.08339348915369024,8,2081653221,2.0,0.005,0.015,1.1527538758645037,0.9585245712657914,1.0290967686259294,0.9377308091842157,1.0490260582593252,0.9222640774564632,1.0356887959634165,1.0331493739586015,0.9249021219718588
Passive,350.0,188.825,192.0723459719598,168.50082791935822,87.72779187273385,95.40660794944934,1022.1611113424399,0.0,0,0.0,0.0,0.0,0.0,8,2081653221,2.0,0.005,0.015,1.1527538758645037,0.9585245712657914,1.0290967686259294,0.9377308091842157,1.0490260582593252,0.9222640774564632,1.0356887959634165,1.0331493739586015,0.9249021219718588
Continuous,350.0,188.825,189.9175476813235,165.6351364291738,87.21423504641345,93.25123852385315,1013.4779836820853,0.0,1,99.99999999999999,139.02846279214032,2.86082157509536,-1.3837250878829082,8,2081653221,2.0,0.005,0.015,1.1527538758645037,0.9585245712657914,1.0290967686259294,0.9377308091842157,1.0490260582593252,0.9222640774564632,1.0356887959634165,1.0331493739586015,0.9249021219718588
T-APIC,350.0,188.825,192.73456695238056,167.78892522676014,87.05699651075886,100.41872397176411,993.4647361543581,0.0,7,26.923076923076923,22.11187160174398,0.8573733527060188,-0.23172270025930605,8,2081653221,2.0,0.005,0.015,1.1527538758645037,0.9585245712657914,1.0290967686259294,0.9377308091842157,1.0490260582593252,0.9222640774564632,1.0356887959634165,1.0331493739586015,0.9249021219718588
E-APIC,350.0,188.825,194.45022647230977,171.39019404744357,88.14090739660311,100.41872397176411,1014.1489771960798,0.0,6,21.89349112426035,35.28460419143366,0.7804297614057021,-0.023682332392371167,8,2081653221,2.0,0.005,0.015,1.1527538758645037,0.9585245712657914,1.0290967686259294,0.9377308091842157,1.0490260582593252,0.9222640774564632,1.0356887959634165,1.0331493739586015,0.9249021219718588
ME-APIC,350.0,188.825,191.59248274165387,167.29093520010238,87.31602242749783,99.44948887818582,1000.422393588109,0.0,7,22.781065088757394,25.41380234710549,0.8319534389602995,-0.511444993782663,8,2081653221,2.0,0.005,0.015,1.1527538758645037,0.9585245712657914,1.0290967686259294,0.9377308091842157,1.0490260582593252,0.9222640774564632,1.0356887959634165,1.0331493739586015,0.9249021219718588
Passive,300.0,157.3,166.24791290631484,95.8351903170273,57.64595094257394,85.25913528873586,464.7629110457021,0.0,0,0.0,0.0,0.0,0.0,9,2059701891,2.0,0.005,0.015,0.9522259745688791,0.9698257193342987,0.9280483270260163,0.9785068888530289,0.9178942953066509,0.9571334178712823,1.0866155536105087,1.017455968054992,0.9105407616662242
Continuous,300.0,157.3,163.3895823320536,90.71707137805687,55.52194337194293,89.49093358997332,464.66212060539914,0.0,1,100.0,79.67273611822179,1.7260120100022358,-0.5965376221328511,9,2059701891,2.0,0.005,0.015,0.9522259745688791,0.9698257193342987,0.9280483270260163,0.9785068888530289,0.9178942953066509,0.9571334178712823,1.0866155536105087,1.017455968054992,0.9105407616662242
T-APIC,300.0,157.3,166.1816572306202,94.3896155809375,56.79905782257749,89.07818645834908,470.76267785084485,0.0,8,27.594936708860757,22.5973193113258,0.6144084969506356,-0.20975470595100737,9,2059701891,2.0,0.005,0.015,0.9522259745688791,0.9698257193342987,0.9280483270260163,0.9785068888530289,0.9178942953066509,0.9571334178712823,1.0866155536105087,1.017455968054992,0.9105407616662242
E-APIC,300.0,157.3,167.19566948222152,94.4181349727175,56.47163904730038,89.07818645834908,474.1160845382157,0.0,6,18.73417721518987,16.42622262940676,0.4268554942436731,-0.008897057653553826,9,2059701891,2.0,0.005,0.015,0.9522259745688791,0.9698257193342987,0.9280483270260163,0.9785068888530289,0.9178942953066509,0.9571334178712823,1.0866155536105087,1.017455968054992,0.9105407616662242
ME-APIC,300.0,157.3,166.1039222951147,94.64744958179008,56.98086371111163,88.67117716645636,468.4769806409112,0.0,7,22.278481012658226,15.658732902250216,0.4871715926277716,-0.10579677074365157,9,2059701891,2.0,0.005,0.015,0.9522259745688791,0.9698257193342987,0.9280483270260163,0.9785068888530289,0.9178942953066509,0.9571334178712823,1.0866155536105087,1.017455968054992,0.9105407616662242
Passive,350.0,188.825,192.80454635939265,168.29178925022026,87.28621416246068,99.7076163445668,1011.9147371848363,0.0,0,0.0,0.0,0.0,0.0,9,2059701891,2.0,0.005,0.015,0.9522259745688791,0.9698257193342987,0.9280483270260163,0.9785068888530289,0.9178942953066509,0.9571334178712823,1.0866155536105087,1.017455968054992,0.9105407616662242
Continuous,350.0,188.825,191.00224806897378,165.57802819845872,86.68904678999695,101.53275848242353,1006.478842277391,0.0,1,99.99999999999999,137.97128824062162,2.903970595879538,-1.3303929331492927,9,2059701891,2.0,0.005,0.015,0.9522259745688791,0.9698257193342987,0.9280483270260163,0.9785068888530289,0.9178942953066509,0.9571334178712823,1.0866155536105087,1.017455968054992,0.9105407616662242
T-APIC,350.0,188.825,193.67893559089336,167.87030553714237,86.67452917633419,106.45323272897801,988.0508710736668,0.0,7,26.923076923076923,22.83462988898149,0.8628455771372335,-0.2133979741730522,9,2059701891,2.0,0.005,0.015,0.9522259745688791,0.9698257193342987,0.9280483270260163,0.9785068888530289,0.9178942953066509,0.9571334178712823,1.0866155536105087,1.017455968054992,0.9105407616662242
E-APIC,350.0,188.825,195.13758765846472,171.05725195764524,87.65981685549707,106.45323272897801,1005.1147671643421,0.0,6,21.89349112426035,34.66851966368292,0.7863011104977253,-0.04079454329355034,9,2059701891,2.0,0.005,0.015,0.9522259745688791,0.9698257193342987,0.9280483270260163,0.9785068888530289,0.9178942953066509,0.9571334178712823,1.0866155536105087,1.017455968054992,0.9105407616662242
ME-APIC,350.0,188.825,192.4522416678703,166.9901858777793,86.76967565073477,104.16424670535702,990.5216596334508,0.0,7,22.928994082840234,26.596020515529165,0.8604995545502399,-0.5006938489906022,9,2059701891,2.0,0.005,0.015,0.9522259745688791,0.9698257193342987,0.9280483270260163,0.9785068888530289,0.9178942953066509,0.9571334178712823,1.0866155536105087,1.017455968054992,0.9105407616662242
Passive,300.0,157.3,166.09083889005532,98.27231138889678,59.16780964298015,83.48755227190972,458.0269158796084,0.0,0,0.0,0.0,0.0,0.0,10,1855493659,2.0,0.005,0.015,0.8121502474980558,0.9973464672313447,1.0311443821318835,0.902983002684758,0.962398332286978,1.0847245073166547,0.93737435073565,1.0589616685567416,0.9408643182101206
Continuous,300.0,157.3,164.06230883170426,93.71945999748627,57.12430884635669,90.77540424093172,459.20267649602994,0.0,1,100.0,72.8949041173712,1.6084686659510825,-0.5412806202204643,10,1855493659,2.0,0.005,0.015,0.8121502474980558,0.9973464672313447,1.0311443821318835,0.902983002684758,0.962398332286978,1.0847245073166547,0.93737435073565,1.0589616685567416,0.9408643182101206
T-APIC,300.0,157.3,166.2743608816121,96.95348994635803,58.30934452689868,89.41975342121125,459.41361983776574,0.0,8,27.594936708860757,22.428571699976157,0.617094702520528,-0.15576145278715944,10,1855493659,2.0,0.005,0.015,0.8121502474980558,0.9973464672313447,1.0311443821318835,0.902983002684758,0.962398332286978,1.0847245073166547,0.93737435073565,1.0589616685567416,0.9408643182101206
E-APIC,300.0,157.3,166.71560444193457,96.01155457199413,57.59002277764228,89.41972250060005,458.13406450244395,0.0,7,23.41772151898734,22.754298679435404,0.5545546469138145,-0.0852455878643908,10,1855493659,2.0,0.005,0.015,0.8121502474980558,0.9973464672313447,1.0311443821318835,0.902983002684758,0.962398332286978,1.0847245073166547,0.93737435073565,1.0589616685567416,0.9408643182101206
ME-APIC,300.0,157.3,166.21256196704874,97.2636606027596,58.517635160477155,88.22744422755746,456.86851222599734,0.0,7,22.531645569620252,14.255625065793714,0.45353917822465617,-0.07660082966083537,10,1855493659,2.0,0.005,0.015,0.8121502474980558,0.9973464672313447,1.0311443821318835,0.902983002684758,0.962398332286978,1.0847245073166547,0.93737435073565,1.0589616685567416,0.9408643182101206
Passive,350.0,188.825,191.66818639669998,168.8219854291964,88.08033748479349,92.65283806287272,1020.9447892916066,0.0,0,0.0,0.0,0.0,0.0,10,1855493659,2.0,0.005,0.015,0.8121502474980558,0.9973464672313447,1.0311443821318835,0.902983002684758,0.962398332286978,1.0847245073166547,0.93737435073565,1.0589616685567416,0.9408643182101206
Continuous,350.0,188.825,190.80855971494876,167.15440060683335,87.60319812515085,95.87855380601209,1013.8653168677748,0.0,1,99.99999999999999,131.07320072857587,2.815160064841875,-1.1321160532565702,10,1855493659,2.0,0.005,0.015,0.8121502474980558,0.9973464672313447,1.0311443821318835,0.902983002684758,0.962398332286978,1.0847245073166547,0.93737435073565,1.0589616685567416,0.9408643182101206
T-APIC,350.0,188.825,192.84699017969177,168.70641312462277,87.48200475798187,100.21234639580432,996.4173145300864,0.0,7,26.923076923076923,22.77525764119657,0.8612510600289562,-0.14534350865238374,10,1855493659,2.0,0.005,0.015,0.8121502474980558,0.9973464672313447,1.0311443821318835,0.902983002684758,0.962398332286978,1.0847245073166547,0.93737435073565,1.0589616685567416,0.9408643182101206
E-APIC,350.0,188.825,194.32350357739236,171.97121284842893,88.4973817796254,100.21234639580432,1012.7667733935907,0.0,6,21.89349112426035,33.93115047707999,0.7678736889643649,0.026265448641277223,10,1855493659,2.0,0.005,0.015,0.8121502474980558,0.9973464672313447,1.0311443821318835,0.902983002684758,0.962398332286978,1.0847245073166547,0.93737435073565,1.0589616685567416,0.9408643182101206
ME-APIC,350.0,188.825,191.4698347860354,167.66788907424845,87.56882736208279,98.3189225598518,998.3155440161756,0.0,7,22.928994082840234,25.590495859925635,0.8269440052058765,-0.4550168501865909,10,1855493659,2.0,0.005,0.015,0.8121502474980558,0.9973464672313447,1.0311443821318835,0.902983002684758,0.962398332286978,1.0847245073166547,0.93737435073565,1.0589616685567416,0.9408643182101206
Passive,300.0,157.3,166.25307486428977,97.51018089445505,58.65165560038594,84.86399755894402,458.36198188904496,0.0,0,0.0,0.0,0.0,0.0,11,2040427275,2.0,0.005,0.015,1.0305037595212154,0.9394730099085433,0.9613596623148035,0.9277904928584976,1.034262153882329,0.9331648684109801,1.0605911297520816,1.0619497826752218,1.083911409619963
Continuous,300.0,157.3,163.17121011959537,92.32915694340828,56.58422026516575,87.84598240362078,452.0845312065075,0.0,1,100.0,79.70585144645655,1.6827357756381478,-0.6649512720171096,11,2040427275,2.0,0.005,0.015,1.0305037595212154,0.9394730099085433,0.9613596623148035,0.9277904928584976,1.034262153882329,0.9331648684109801,1.0605911297520816,1.0619497826752218,1.083911409619963
T-APIC,300.0,157.3,166.08802686977228,96.0173757398203,57.81113638920307,87.83764280719467,458.0484724237327,0.0,8,27.594936708860757,24.31513964974946,0.6276618630643562,-0.19927461429030044,11,2040427275,2.0,0.005,0.015,1.0305037595212154,0.9394730099085433,0.9613596623148035,0.9277904928584976,1.034262153882329,0.9331648684109801,1.0605911297520816,1.0619497826752218,1.083911409619963
E-APIC,300.0,157.3,167.10374933057753,95.85968785495824,57.36537225464715,87.83764280719467,461.001816574992,0.0,6,18.73417721518987,17.747344644818003,0.434160269126682,-0.008970674651343253,11,2040427275,2.0,0.005,0.015,1.0305037595212154,0.9394730099085433,0.9613596623148035,0.9277904928584976,1.034262153882329,0.9331648684109801,1.0605911297520816,1.0619497826752218,1.083911409619963
ME-APIC,300.0,157.3,166.08813463379462,96.3233912448498,57.99534774547977,87.58124685303632,455.1368475111056,0.0,7,22.531645569620252,15.781463473143035,0.46745368054868197,-0.08859673459502565,11,2040427275,2.0,0.005,0.015,1.0305037595212154,0.9394730099085433,0.9613596623148035,0.9277904928584976,1.034262153882329,0.9331648684109801,1.0605911297520816,1.0619497826752218,1.083911409619963
Passive,350.0,188.825,191.1495646397275,165.22381528507006,86.43692994879615,97.33851605830102,988.6424703941715,0.0,0,0.0,0.0,0.0,0.0,11,2040427275,2.0,0.005,0.015,1.0305037595212154,0.9394730099085433,0.9613596623148035,0.9277904928584976,1.034262153882329,0.9331648684109801,1.0605911297520816,1.0619497826752218,1.083911409619963
Continuous,350.0,188.825,189.06074705886653,162.33313977201703,85.86295267386863,91.65959303785623,1004.1931724597001,0.0,1,99.99999999999999,137.94943165159012,2.8499270067028974,-1.3314085668331272,11,2040427275,2.0,0.005,0.015,1.0305037595212154,0.9394730099085433,0.9613596623148035,0.9277904928584976,1.034262153882329,0.9331648684109801,1.0605911297520816,1.0619497826752218,1.083911409619963
T-APIC,350.0,188.825,191.8324631857276,164.48488361074766,85.74402938854898,102.4133264083685,983.1992360788149,0.0,7,26.923076923076923,23.73143144285376,0.8646095167466599,-0.2421108264888239,11,2040427275,2.0,0.005,0.015,1.0305037595212154,0.9394730099085433,0.9613596623148035,0.9277904928584976,1.034262153882329,0.9331648684109801,1.0605911297520816,1.0619497826752218,1.083911409619963
E-APIC,350.0,188.825,193.44586702380607,168.01949757103995,86.85608028542833,102.48688895294187,998.4350067098902,0.0,6,21.89349112426035,34.68183261601331,0.7809005388641673,-0.036244251048974885,11,2040427275,2.0,0.005,0.015,1.0305037595212154,0.9394730099085433,0.9613596623148035,0.9277904928584976,1.034262153882329,0.9331648684109801,1.0605911297520816,1.0619497826752218,1.083911409619963
ME-APIC,350.0,188.825,190.7098448699457,163.78570749542527,85.88214604606212,102.36338972997805,985.8516167615539,0.0,7,23.076923076923073,28.621891395833227,0.8703148297686906,-0.509777234769434,11,2040427275,2.0,0.005,0.015,1.0305037595212154,0.9394730099085433,0.9613596623148035,0.9277904928584976,1.034262153882329,0.9331648684109801,1.0605911297520816,1.0619497826752218,1.083911409619963
Passive,300.0,157.3,165.2669662268552,95.8856046856792,58.01861489613172,81.96324306741265,460.21804762503746,0.0,0,0.0,0.0,0.0,0.0,12,34105041,2.0,0.005,0.015,1.0967985631868238,0.9188903939810933,0.9481164066283103,0.9739380677838917,0.9454565654686995,1.026478860822986,1.0559831059916143,1.0777844108790948,0.98497085069716
Continuous,300.0,157.3,162.95163873672863,91.0366584269659,55.86728622843031,86.74297419027384,461.66098940895,0.0,1,100.0,74.4116867808092,1.6130987985288416,-0.543294331600632,12,34105041,2.0,0.005,0.015,1.0967985631868238,0.9188903939810933,0.9481164066283103,0.9739380677838917,0.9454565654686995,1.026478860822986,1.0559831059916143,1.0777844108790948,0.98497085069716
T-APIC,300.0,157.3,165.3911962102798,94.47654902256828,57.12308223616085,86.23974352995096,467.5759609190604,0.0,8,27.594936708860757,22.567412679249646,0.6102154814507269,-0.1601012163770794,12,34105041,2.0,0.005,0.015,1.0967985631868238,0.9188903939810933,0.9481164066283103,0.9739380677838917,0.9454565654686995,1.026478860822986,1.0559831059916143,1.0777844108790948,0.98497085069716
E-APIC,300.0,157.3,165.34339794644146,93.77960865900401,56.71808480032652,86.23974352995096,465.6977915407374,0.0,6,18.73417721518987,21.222301547724513,0.5144918694900231,-0.18387835165715236,12,34105041,2.0,0.005,0.015,1.0967985631868238,0.9188903939810933,0.9481164066283103,0.9739380677838917,0.9454565654686995,1.026478860822986,1.0559831059916143,1.0777844108790948,0.98497085069716
ME-APIC,300.0,157.3,165.24193097426422,94.7905393465869,57.364700828478064,85.7476997338633,464.7775041871861,0.0,7,22.40506329113924,14.212344776631019,0.44547153520805144,-0.08922276655011735,12,34105041,2.0,0.005,0.015,1.0967985631868238,0.9188903939810933,0.9481164066283103,0.9739380677838917,0.9454565654686995,1.026478860822986,1.0559831059916143,1.0777844108790948,0.98497085069716
Passive,350.0,188.825,190.51530559258876,163.94900082846348,86.05555355172538,98.34786843875362,983.7343979198753,0.0,0,0.0,0.0,0.0,0.0,12,34105041,2.0,0.005,0.015,1.0967985631868238,0.9188903939810933,0.9481164066283103,0.9739380677838917,0.9454565654686995,1.026478860822986,1.0559831059916143,1.0777844108790948,0.98497085069716
Continuous,350.0,188.825,189.26036031802496,161.89997613026142,85.54352103008347,93.07276855618358,993.7899421243106,0.0,1,99.99999999999999,133.71856899135196,2.837573718710271,-1.1843380231444633,12,34105041,2.0,0.005,0.015,1.0967985631868238,0.9188903939810933,0.9481164066283103,0.9739380677838917,0.9454565654686995,1.026478860822986,1.0559831059916143,1.0777844108790948,0.98497085069716
T-APIC,350.0,188.825,191.58083199551703,163.68048498205522,85.4367753167944,101.92156421423104,971.4120524187942,0.0,7,26.923076923076923,22.5262833848908,0.8571351959057766,-0.15804840912432538,12,34105041,2.0,0.005,0.015,1.0967985631868238,0.9188903939810933,0.9481164066283103,0.9739380677838917,0.9454565654686995,1.026478860822986,1.0559831059916143,1.0777844108790948,0.98497085069716
E-APIC,350.0,188.825,193.5069382322261,166.72004970884112,86.15714311430101,101.92156421423104,983.8182237256223,0.0,6,21.89349112426035,36.279568726361276,0.8747073868903803,0.12942084451724026,12,34105041,2.0,0.005,0.015,1.0967985631868238,0.9188903939810933,0.9481164066283103,0.9739380677838917,0.9454565654686995,1.026478860822986,1.0559831059916143,1.0777844108790948,0.98497085069716
ME-APIC,350.0,188.825,190.2679540878282,162.85519023176983,85.59254815794962,101.41491842412002,970.6012237835474,0.0,7,22.781065088757394,24.85793976951781,0.8136746493172097,-0.46110659248462094,12,34105041,2.0,0.005,0.015,1.0967985631868238,0.9188903939810933,0.9481164066283103,0.9739380677838917,0.9454565654686995,1.026478860822986,1.0559831059916143,1.0777844108790948,0.98497085069716
Passive,300.0,157.3,167.95956717634874,98.71500314439058,58.7730754513942,85.69983772789121,459.94967784175395,0.0,0,0.0,0.0,0.0,0.0,13,1560590861,2.0,0.005,0.015,1.0236882442040394,0.9920380410540883,0.9303640566842004,0.990608630215084,1.0103656563274654,0.9423786610843203,1.0456578636202407,0.9701153324105699,0.9486580426602232
Continuous,300.0,157.3,164.76903110859988,93.41815846403912,56.696430048476074,91.93487808418044,460.04500454845123,0.0,1,100.0,82.71508521386724,1.7860055415697849,-0.668932516334534,13,1560590861,2.0,0.005,0.015,1.0236882442040394,0.9920380410540883,0.9303640566842004,0.990608630215084,1.0103656563274654,0.9423786610843203,1.0456578636202407,0.9701153324105699,0.9486580426602232
T-APIC,300.0,157.3,167.7430804898918,97.18525425662087,57.936967636931676,91.4239271017727,465.90005927318276,0.0,8,27.594936708860757,24.548249948168774,0.6488660728372359,-0.23767558066666591,13,1560590861,2.0,0.005,0.015,1.0236882442040394,0.9920380410540883,0.9303640566842004,0.990608630215084,1.0103656563274654,0.9423786610843203,1.0456578636202407,0.9701153324105699,0.9486580426602232
E-APIC,300.0,157.3,168.55073055937308,97.15040422866454,57.63867288278687,91.42392227923652,469.6213065569636,0.0,6,18.73417721518987,17.03870302109817,0.3889613853864066,-0.08428025535977186,13,1560590861,2.0,0.005,0.015,1.0236882442040394,0.9920380410540883,0.9303640566842004,0.990608630215084,1.0103656563274654,0.9423786610843203,1.0456578636202407,0.9701153324105699,0.9486580426602232
ME-APIC,300.0,157.3,167.77600320559077,97.44732749929075,58.08180290233754,90.31440060597012,463.8397921192046,0.0,7,22.658227848101262,17.500454184604116,0.5235709957576027,-0.10202266052371342,13,1560590861,2.0,0.005,0.015,1.0236882442040394,0.9920380410540883,0.9303640566842004,0.990608630215084,1.0103656563274654,0.9423786610843203,1.0456578636202407,0.9701153324105699,0.9486580426602232
Passive,350.0,188.825,194.15341559816537,170.5989210603972,87.86810190013945,95.89429859783449,1030.614352707799,0.0,0,0.0,0.0,0.0,0.0,13,1560590861,2.0,0.005,0.015,1.0236882442040394,0.9920380410540883,0.9303640566842004,0.990608630215084,1.0103656563274654,0.9423786610843203,1.0456578636202407,0.9701153324105699,0.9486580426602232
Continuous,350.0,188.825,191.99564723727576,167.46620357007194,87.22395844896975,102.05983557636725,1015.7623132030433,0.0,1,99.99999999999999,141.0759899160786,2.9436676870778156,-1.4179353319223909,13,1560590861,2.0,0.005,0.015,1.0236882442040394,0.9920380410540883,0.9303640566842004,0.990608630215084,1.0103656563274654,0.9423786610843203,1.0456578636202407,0.9701153324105699,0.9486580426602232
T-APIC,350.0,188.825,194.89651348434808,169.97453865486338,87.21271387367013,102.93104285102723,1002.9623195979673,0.0,7,26.923076923076923,23.526671794821475,0.8734020986940947,-0.2487352423779588,13,1560590861,2.0,0.005,0.015,1.0236882442040394,0.9920380410540883,0.9303640566842004,0.990608630215084,1.0103656563274654,0.9423786610843203,1.0456578636202407,0.9701153324105699,0.9486580426602232
E-APIC,350.0,188.825,197.65973163955485,173.52184901470252,87.78816381837991,102.93104285102723,1021.4549673202987,0.0,5,16.420118343195266,34.92552008973071,0.8461957889204812,0.2566449521217949,13,1560590861,2.0,0.005,0.015,1.0236882442040394,0.9920380410540883,0.9303640566842004,0.990608630215084,1.0103656563274654,0.9423786610843203,1.0456578636202407,0.9701153324105699,0.9486580426602232
ME-APIC,350.0,188.825,193.6952962509476,168.98564821252648,87.24303144336155,101.21329050832885,1004.9917239122244,0.0,7,23.076923076923073,29.431295755595066,0.9055831034557719,-0.5254576804099449,13,1560590861,2.0,0.005,0.015,1.0236882442040394,0.9920380410540883,0.9303640566842004,0.990608630215084,1.0103656563274654,0.9423786610843203,1.0456578636202407,0.9701153324105699,0.9486580426602232
Passive,300.0,157.3,168.3618139358493,101.2568959199788,60.14243583676319,80.6395432234003,471.3878418122214,0.0,0,0.0,0.0,0.0,0.0,14,1255640243,2.0,0.005,0.015,1.0695841166015885,1.0537112767567114,1.034929036817329,0.9653361325599178,1.0307927182196406,0.9709122520953924,1.0778986676998417,0.9874193119967786,1.0747596811304916
Continuous,300.0,157.3,165.56634824262002,96.22540245223534,58.11893749762914,84.86667068534742,468.9532370772137,0.0,1,100.0,79.09370556391526,1.7300473415326534,-0.6400468054299921,14,1255640243,2.0,0.005,0.015,1.0695841166015885,1.0537112767567114,1.034929036817329,0.9653361325599178,1.0307927182196406,0.9709122520953924,1.0778986676998417,0.9874193119967786,1.0747596811304916
T-APIC,300.0,157.3,168.35663950860328,99.87775785538363,59.32510778719822,84.46415609761337,474.65433901263043,0.0,8,27.594936708860757,23.562862052130818,0.6377475395894013,-0.2219058348556008,14,1255640243,2.0,0.005,0.015,1.0695841166015885,1.0537112767567114,1.034929036817329,0.9653361325599178,1.0307927182196406,0.9709122520953924,1.0778986676998417,0.9874193119967786,1.0747596811304916
E-APIC,300.0,157.3,169.4058557904624,99.84778321092476,58.93998335832392,84.46415609761337,477.9916224518609,0.0,6,18.73417721518987,16.746828011953088,0.4464701737275051,-0.009647991311714626,14,1255640243,2.0,0.005,0.015,1.0695841166015885,1.0537112767567114,1.034929036817329,0.9653361325599178,1.0307927182196406,0.9709122520953924,1.0778986676998417,0.9874193119967786,1.0747596811304916
ME-APIC,300.0,157.3,168.23585389200636,99.96063391946507,59.416962322212015,84.05707345906859,472.35012786281266,0.0,7,22.78481012658228,17.276635255434662,0.5264957067249887,-0.10967725786678356,14,1255640243,2.0,0.005,0.015,1.0695841166015885,1.0537112767567114,1.034929036817329,0.9653361325599178,1.0307927182196406,0.9709122520953924,1.0778986676998417,0.9874193119967786,1.0747596811304916
Passive,350.0,188.825,194.202568870821,173.85471031092112,89.52235355164905,96.0387606299179,1046.636562465465,0.0,0,0.0,0.0,0.0,0.0,14,1255640243,2.0,0.005,0.015,1.0695841166015885,1.0537112767567114,1.034929036817329,0.9653361325599178,1.0307927182196406,0.9709122520953924,1.0778986676998417,0.9874193119967786,1.0747596811304916
Continuous,350.0,188.825,192.4876523404967,171.32480636968984,89.00560856060973,97.23816117815483,1043.6497212326585,0.0,1,99.99999999999999,136.45810456948465,2.914810188804234,-1.3371149852488795,14,1255640243,2.0,0.005,0.015,1.0695841166015885,1.0537112767567114,1.034929036817329,0.9653361325599178,1.0307927182196406,0.9709122520953924,1.0778986676998417,0.9874193119967786,1.0747596811304916
T-APIC,350.0,188.825,195.17994228712192,173.677958819892,88.9835076210858,99.04348068277056,1018.8036837705492,0.0,7,26.923076923076923,22.867890123847815,0.8580390068033509,-0.20896654039463136,14,1255640243,2.0,0.005,0.015,1.0695841166015885,1.0537112767567114,1.034929036817329,0.9653361325599178,1.0307927182196406,0.9709122520953924,1.0778986676998417,0.9874193119967786,1.0747596811304916
E-APIC,350.0,188.825,196.1542889870553,175.53538683998917,89.48842655771507,99.04348068277056,1026.685086688457,0.0,7,27.36686390532544,48.88290279114799,1.0962016412427018,-0.3761296060593954,14,1255640243,2.0,0.005,0.015,1.0695841166015885,1.0537112767567114,1.034929036817329,0.9653361325599178,1.0307927182196406,0.9709122520953924,1.0778986676998417,0.9874193119967786,1.0747596811304916
ME-APIC,350.0,188.825,193.83916641599612,172.5177168506484,89.00044301697524,98.65880327284935,1018.6985009198316,0.0,7,23.076923076923073,27.710540100352436,0.8859890950044884,-0.5188600179514486,14,1255640243,2.0,0.005,0.015,1.0695841166015885,1.0537112767567114,1.034929036817329,0.9653361325599178,1.0307927182196406,0.9709122520953924,1.0778986676998417,0.9874193119967786,1.0747596811304916
Passive,300.0,157.3,165.04204150013143,96.49465378353122,58.46671121276355,87.72405779734933,481.64535973375644,0.0,0,0.0,0.0,0.0,0.0,15,1853256248,2.0,0.005,0.015,0.9290459586212358,1.0498752622629453,0.9010830649317214,1.0888496160464483,0.9150583176205582,0.9369122342762035,1.0212477580196748,1.0712050170801604,1.0967318085225848
Continuous,300.0,157.3,162.44142347779487,91.57769528747376,56.3758266375892,93.00789573622748,482.5335477296454,0.0,1,100.0,80.14615613608059,1.720422003538414,-0.5671671886751668,15,1853256248,2.0,0.005,0.015,0.9290459586212358,1.0498752622629453,0.9010830649317214,1.0888496160464483,0.9150583176205582,0.9369122342762035,1.0212477580196748,1.0712050170801604,1.0967318085225848
T-APIC,300.0,157.3,164.99563252406708,95.11863319202989,57.64918242799876,92.62943781084402,488.00556286492366,0.0,8,27.594936708860757,22.09205206064338,0.5963243793484821,-0.22773417455526881,15,1853256248,2.0,0.005,0.015,0.9290459586212358,1.0498752622629453,0.9010830649317214,1.0888496160464483,0.9150583176205582,0.9369122342762035,1.0212477580196748,1.0712050170801604,1.0967318085225848
E-APIC,300.0,157.3,165.89543148410374,95.48835124959595,57.55936157816723,92.62943781084402,491.6138546315783,0.0,6,18.73417721518987,18.160506326731657,0.3699626489193939,-0.04754486938100151,15,1853256248,2.0,0.005,0.015,0.9290459586212358,1.0498752622629453,0.9010830649317214,1.0888496160464483,0.9150583176205582,0.9369122342762035,1.0212477580196748,1.0712050170801604,1.0967318085225848
ME-APIC,300.0,157.3,164.83721140595978,95.13806815045113,57.716378079307496,92.2172330530172,485.9760210168968,0.0,7,22.531645569620252,16.68441751641534,0.514290107881831,-0.11830193645848419,15,1853256248,2.0,0.005,0.015,0.9290459586212358,1.0498752622629453,0.9010830649317214,1.0888496160464483,0.9150583176205582,0.9369122342762035,1.0212477580196748,1.0712050170801604,1.0967318085225848
Passive,350.0,188.825,191.95862496347556,170.6393679984307,88.89382700615755,98.90581761231695,1006.9045486007175,0.0,0,0.0,0.0,0.0,0.0,15,1853256248,2.0,0.005,0.015,0.9290459586212358,1.0498752622629453,0.9010830649317214,1.0888496160464483,0.9150583176205582,0.9369122342762035,1.0212477580196748,1.0712050170801604,1.0967318085225848
Continuous,350.0,188.825,190.39335770027404,168.05583121830625,88.26769654583616,99.1860055165337,1004.7129356948091,0.0,1,99.99999999999999,134.63345779340656,2.85290873969076,-1.2928449039872822,15,1853256248,2.0,0.005,0.015,0.9290459586212358,1.0498752622629453,0.9010830649317214,1.0888496160464483,0.9150583176205582,0.9369122342762035,1.0212477580196748,1.0712050170801604,1.0967318085225848
T-APIC,350.0,188.825,192.90837558500053,170.55772849613047,88.41385345706684,105.79554653490575,982.5230158309394,0.0,7,26.923076923076923,22.18581578486079,0.8348805832392956,-0.2112968437789911,15,1853256248,2.0,0.005,0.015,0.9290459586212358,1.0498752622629453,0.9010830649317214,1.0888496160464483,0.9150583176205582,0.9369122342762035,1.0212477580196748,1.0712050170801604,1.0967318085225848
E-APIC,350.0,188.825,194.3112494975435,172.67405244352037,88.86467092874277,105.79130565809169,991.515135375665,0.0,6,21.89349112426035,45.45572362256978,1.0004299739430678,-0.2603533526795298,15,1853256248,2.0,0.005,0.015,0.9290459586212358,1.0498752622629453,0.9010830649317214,1.0888496160464483,0.9150583176205582,0.9369122342762035,1.0212477580196748,1.0712050170801604,1.0967318085225848
ME-APIC,350.0,188.825,191.52112892070988,169.38560783318525,88.44225636499418,103.26942170546074,983.4185697214432,0.0,7,23.076923076923073,26.620776013858528,0.8337496136989642,-0.5417668566180721,15,1853256248,2.0,0.005,0.015,0.9290459586212358,1.0498752622629453,0.9010830649317214,1.0888496160464483,0.9150583176205582,0.9369122342762035,1.0212477580196748,1.0712050170801604,1.0967318085225848
Passive,300.0,157.3,167.36183964411623,97.64015915416735,58.34075399851759,85.97008072882701,469.51716437722706,0.0,0,0.0,0.0,0.0,0.0,16,1680455531,2.0,0.005,0.015,0.8721117921313288,0.9264926350858605,1.0146069003760954,1.0056065567877481,0.907607156529058,0.9886169660140128,1.0718926179278656,0.9660382021706574,1.040259213493972
Continuous,300.0,157.3,164.6994716845691,92.39829923183696,56.10115095499354,91.42847995913772,465.6427082920985,0.0,1,100.0,79.26946713638355,1.7049375349914093,-0.6171585903535151,16,1680455531,2.0,0.005,0.015,0.8721117921313288,0.9264926350858605,1.0146069003760954,1.0056065567877481,0.907607156529058,0.9886169660140128,1.0718926179278656,0.9660382021706574,1.040259213493972
T-APIC,300.0,157.3,167.30380133152755,96.08053120591944,57.428779526370235,91.21254712876637,466.586969330607,0.0,8,27.594936708860757,22.893580481245408,0.6232353046650368,-0.22677329337523988,16,1680455531,2.0,0.005,0.015,0.8721117921313288,0.9264926350858605,1.0146069003760954,1.0056065567877481,0.907607156529058,0.9886169660140128,1.0718926179278656,0.9660382021706574,1.040259213493972
E-APIC,300.0,157.3,168.382838367913,96.11335800663527,57.08025766653819,91.21254712876637,470.04186801021274,0.0,6,18.73417721518987,16.050503548947372,0.43525231634392025,-0.008699143240948405,16,1680455531,2.0,0.005,0.015,0.8721117921313288,0.9264926350858605,1.0146069003760954,1.0056065567877481,0.907607156529058,0.9886169660140128,1.0718926179278656,0.9660382021706574,1.040259213493972
ME-APIC,300.0,157.3,167.24153366955048,96.25834134178467,57.55648087512746,90.84140651849569,465.6354159114946,0.0,7,22.531645569620252,16.57675537266498,0.49883997837475,-0.12256839678753267,16,1680455531,2.0,0.005,0.015,0.8721117921313288,0.9264926350858605,1.0146069003760954,1.0056065567877481,0.907607156529058,0.9886169660140128,1.0718926179278656,0.9660382021706574,1.040259213493972
Passive,350.0,188.825,192.95407062576663,165.11682656911893,85.57312423294874,95.39034442685153,987.275432920131,0.0,0,0.0,0.0,0.0,0.0,16,1680455531,2.0,0.005,0.015,0.8721117921313288,0.9264926350858605,1.0146069003760954,1.0056065567877481,0.907607156529058,0.9886169660140128,1.0718926179278656,0.9660382021706574,1.040259213493972
Continuous,350.0,188.825,191.29446258082083,162.27350547149808,84.82917031795337,95.98661228492607,985.5506183526542,0.0,1,99.99999999999999,137.70316178140993,2.919755715245794,-1.3072550247837353,16,1680455531,2.0,0.005,0.015,0.8721117921313288,0.9264926350858605,1.0146069003760954,1.0056065567877481,0.907607156529058,0.9886169660140128,1.0718926179278656,0.9660382021706574,1.040259213493972
T-APIC,350.0,188.825,193.8439389435748,164.72051070897479,84.97583757670266,103.11838892419438,961.5742476251943,0.0,7,26.923076923076923,22.31792713829156,0.861983955448537,-0.2126557693353635,16,1680455531,2.0,0.005,0.015,0.8721117921313288,0.9264926350858605,1.0146069003760954,1.0056065567877481,0.907607156529058,0.9886169660140128,1.0718926179278656,0.9660382021706574,1.040259213493972
E-APIC,350.0,188.825,195.39927580342987,167.8862244784035,85.91957354401646,103.11838891903079,976.4452263966306,0.0,6,21.89349112426035,35.606166915575166,0.7826661616724075,-0.022441061865893223,16,1680455531,2.0,0.005,0.015,0.8721117921313288,0.9264926350858605,1.0146069003760954,1.0056065567877481,0.907607156529058,0.9886169660140128,1.0718926179278656,0.9660382021706574,1.040259213493972
ME-APIC,350.0,188.825,192.69383006056262,163.85179699633596,85.03219690263992,101.10221236781209,961.9504476340363,0.0,7,23.076923076923073,28.68089429729986,0.8720605671570438,-0.49302327708789023,16,1680455531,2.0,0.005,0.015,0.8721117921313288,0.9264926350858605,1.0146069003760954,1.0056065567877481,0.907607156529058,0.9886169660140128,1.0718926179278656,0.9660382021706574,1.040259213493972
Passive,300.0,157.3,165.64081556400572,99.54910349849992,60.09938019173352,82.22407313987992,466.1522945993284,0.0,0,0.0,0.0,0.0,0.0,17,584040444,2.0,0.005,0.015,0.8661421167052193,1.0885620198131156,1.0557426907339682,1.0202468878274529,0.9817896256091154,1.0207268954350577,0.9550829654296749,1.0846507031164996,1.0879170645652985
Continuous,300.0,157.3,163.59541511561352,95.07242729575405,58.11435927380116,85.0321719650984,468.18547022319177,0.0,1,100.0,75.72088375517359,1.6712620475884437,-0.5411319238975387,17,584040444,2.0,0.005,0.015,0.8661421167052193,1.0885620198131156,1.0557426907339682,1.0202468878274529,0.9817896256091154,1.0207268954350577,0.9550829654296749,1.0846507031164996,1.0879170645652985
T-APIC,300.0,157.3,165.86009032775,98.35644122814887,59.30084870555077,84.85051099303922,473.2478166571319,0.0,8,27.594936708860757,21.923343252619617,0.6011198318363534,-0.1859948041122083,17,584040444,2.0,0.005,0.015,0.8661421167052193,1.0885620198131156,1.0557426907339682,1.0202468878274529,0.9817896256091154,1.0207268954350577,0.9550829654296749,1.0846507031164996,1.0879170645652985
E-APIC,300.0,157.3,166.7593762652138,98.33285353151513,58.966911326849015,84.85051099303922,476.17499528592924,0.0,6,18.73417721518987,16.561710518655012,0.43962100535633075,-0.004850706527459612,17,584040444,2.0,0.005,0.015,0.8661421167052193,1.0885620198131156,1.0557426907339682,1.0202468878274529,0.9817896256091154,1.0207268954350577,0.9550829654296749,1.0846507031164996,1.0879170645652985
ME-APIC,300.0,157.3,165.65923656460868,98.40130779079612,59.399831745825225,84.63236791963249,471.1742378136351,0.0,7,22.78481012658228,15.621104800405215,0.502044077400608,-0.09305585186399418,17,584040444,2.0,0.005,0.015,0.8661421167052193,1.0885620198131156,1.0557426907339682,1.0202468878274529,0.9817896256091154,1.0207268954350577,0.9550829654296749,1.0846507031164996,1.0879170645652985
Passive,350.0,188.825,191.35824228768573,172.2572961614846,90.01822660061593,96.76982308051946,1024.3915035180326,0.0,0,0.0,0.0,0.0,0.0,17,584040444,2.0,0.005,0.015,0.8661421167052193,1.0885620198131156,1.0557426907339682,1.0202468878274529,0.9817896256091154,1.0207268954350577,0.9550829654296749,1.0846507031164996,1.0879170645652985
Continuous,350.0,188.825,190.47471392460457,170.52026690669874,89.52383410545276,93.09649511407156,1024.4246144441342,0.0,1,99.99999999999999,129.62770312912886,2.807977834089897,-1.1696927036706122,17,584040444,2.0,0.005,0.015,0.8661421167052193,1.0885620198131156,1.0557426907339682,1.0202468878274529,0.9817896256091154,1.0207268954350577,0.9550829654296749,1.0846507031164996,1.0879170645652985
T-APIC,350.0,188.825,192.58283082261826,172.46579093600866,89.55408444216985,102.58851013844809,1000.7269718368401,0.0,7,26.923076923076923,21.989834247473148,0.8320184763079881,-0.1568249386764835,17,584040444,2.0,0.005,0.015,0.8661421167052193,1.0885620198131156,1.0557426907339682,1.0202468878274529,0.9817896256091154,1.0207268954350577,0.9550829654296749,1.0846507031164996,1.0879170645652985
E-APIC,350.0,188.825,193.91183051419935,175.36303210381723,90.4344163214818,102.58851013844809,1013.9493570737967,0.0,6,21.89349112426035,33.092298075366436,0.7492047622967499,0.0028135019656244653,17,584040444,2.0,0.005,0.015,0.8661421167052193,1.0885620198131156,1.0557426907339682,1.0202468878274529,0.9817896256091154,1.0207268954350577,0.9550829654296749,1.0846507031164996,1.0879170645652985
ME-APIC,350.0,188.825,191.0232704942375,171.1036879354753,89.57216965910806,101.94247322554772,1000.9297276870743,0.0,7,23.076923076923073,24.651041397309047,0.8159924710316088,-0.5117516604109748,17,584040444,2.0,0.005,0.015,0.8661421167052193,1.0885620198131156,1.0557426907339682,1.0202468878274529,0.9817896256091154,1.0207268954350577,0.9550829654296749,1.0846507031164996,1.0879170645652985
Passive,300.0,157.3,167.78883237574084,98.99100807754625,58.997375853876264,83.96761518972114,465.7533698450219,0.0,0,0.0,0.0,0.0,0.0,18,1536390885,2.0,0.005,0.015,1.180373534569067,1.063616077701543,0.9455548465948194,1.0725153631984512,0.931438579054431,1.002971079900867,1.059145209748668,0.9520908839995281,0.9721361888667608
Continuous,300.0,157.3,165.2180665979944,93.99449695678946,56.891173521292416,91.12076728993355,465.952875458419,0.0,1,100.0,82.00440843101111,1.7927010131482575,-0.6109763661520408,18,1536390885,2.0,0.005,0.015,1.180373534569067,1.063616077701543,0.9455548465948194,1.0725153631984512,0.931438579054431,1.002971079900867,1.059145209748668,0.9520908839995281,0.9721361888667608
T-APIC,300.0,157.3,167.77290899598916,97.56071387799675,58.150457342507586,89.40668862327273,471.31009037925793,0.0,8,27.594936708860757,23.099613874423852,0.6305413970707031,-0.22485562402952297,18,1536390885,2.0,0.005,0.015,1.180373534569067,1.063616077701543,0.9455548465948194,1.0725153631984512,0.931438579054431,1.002971079900867,1.059145209748668,0.9520908839995281,0.9721361888667608
E-APIC,300.0,157.3,168.8471771045563,97.63190586187723,57.82264621541171,89.40668835980622,474.56367872467075,0.0,6,18.73417721518987,16.811071430605853,0.454953117656472,-0.013660648761570375,18,1536390885,2.0,0.005,0.015,1.180373534569067,1.063616077701543,0.9455548465948194,1.0725153631984512,0.931438579054431,1.002971079900867,1.059145209748668,0.9520908839995281,0.9721361888667608
ME-APIC,300.0,157.3,167.7158376021785,97.68536368674198,58.244567169888505,88.49852061416158,469.5972797756308,0.0,7,22.658227848101262,17.00662660173862,0.5403265686340794,-0.10467622290506044,18,1536390885,2.0,0.005,0.015,1.180373534569067,1.063616077701543,0.9455548465948194,1.0725153631984512,0.931438579054431,1.002971079900867,1.059145209748668,0.9520908839995281,0.9721361888667608
Passive,350.0,188.825,194.79351960403636,174.25152542211376,89.45447763165889,96.45155380651705,1045.6968344953743,0.0,0,0.0,0.0,0.0,0.0,18,1536390885,2.0,0.005,0.015,1.180373534569067,1.063616077701543,0.9455548465948194,1.0725153631984512,0.931438579054431,1.002971079900867,1.059145209748668,0.9520908839995281,0.9721361888667608
Continuous,350.0,188.825,193.37857424445897,171.59177666818667,88.73360316084937,103.96024080730147,1014.5902901097658,0.0,1,99.99999999999999,137.35208513212245,2.9344460189752386,-1.3216756142619601,18,1536390885,2.0,0.005,0.015,1.180373534569067,1.063616077701543,0.9455548465948194,1.0725153631984512,0.931438579054431,1.002971079900867,1.059145209748668,0.9520908839995281,0.9721361888667608
T-APIC,350.0,188.825,195.85518752196336,174.06681420314084,88.87526360955889,103.03384484935562,1024.8598317964756,0.0,7,26.923076923076923,22.80964555504327,0.8721462173434311,-0.20325757996968566,18,1536390885,2.0,0.005,0.015,1.180373534569067,1.063616077701543,0.9455548465948194,1.0725153631984512,0.931438579054431,1.002971079900867,1.059145209748668,0.9520908839995281,0.9721361888667608
E-APIC,350.0,188.825,197.27193283343152,177.26836884817646,89.85990368830358,103.03384484935562,1039.262529796447,0.0,6,21.89349112426035,35.125670811588954,1.0812220308026912,-0.019588993229409046,18,1536390885,2.0,0.005,0.015,1.180373534569067,1.063616077701543,0.9455548465948194,1.0725153631984512,0.931438579054431,1.002971079900867,1.059145209748668,0.9520908839995281,0.9721361888667608
ME-APIC,350.0,188.825,194.37932064174467,172.6992008538157,88.84648854808634,101.50314747351885,1024.5070297871978,0.0,7,23.076923076923073,27.504210518088613,0.8797964665918221,-0.5308522724178893,18,1536390885,2.0,0.005,0.015,1.180373534569067,1.063616077701543,0.9455548465948194,1.0725153631984512,0.931438579054431,1.002971079900867,1.059145209748668,0.9520908839995281,0.9721361888667608
Passive,300.0,157.3,167.28236066249858,99.2420414655408,59.326064668448275,81.68682147156314,460.4458791636566,0.0,0,0.0,0.0,0.0,0.0,19,740107813,2.0,0.005,0.015,0.9224472227383621,0.9131756175833124,1.0436654646404628,1.013298729843878,1.0132096174751077,1.0285009819005155,0.9068236995449205,1.0038521940581977,0.9048143625884953
Continuous,300.0,157.3,164.77087863903375,94.1079078584679,57.11440555259259,87.31491798758756,457.61049245428427,0.0,1,100.0,76.61757904879683,1.667895344161237,-0.5810849333237713,19,740107813,2.0,0.005,0.015,0.9224472227383621,0.9131756175833124,1.0436654646404628,1.013298729843878,1.0132096174751077,1.0285009819005155,0.9068236995449205,1.0038521940581977,0.9048143625884953
T-APIC,300.0,157.3,167.3170616391644,97.76299322426873,58.42978131847915,86.54668585340015,459.26337713577374,0.0,8,27.594936708860757,22.75686098264533,0.6240662501379238,-0.19415277087091262,19,740107813,2.0,0.005,0.015,0.9224472227383621,0.9131756175833124,1.0436654646404628,1.013298729843878,1.0132096174751077,1.0285009819005155,0.9068236995449205,1.0038521940581977,0.9048143625884953
E-APIC,300.0,157.3,168.3084809139067,97.71381992430238,58.056385152858134,86.54668585340015,456.8608928295181,0.0,6,18.73417721518987,16.29760155257635,0.4375966988478047,0.000959749693435646,19,740107813,2.0,0.005,0.015,0.9224472227383621,0.9131756175833124,1.0436654646404628,1.013298729843878,1.0132096174751077,1.0285009819005155,0.9068236995449205,1.0038521940581977,0.9048143625884953
ME-APIC,300.0,157.3,167.24021671252441,98.07315416893177,58.64208746961471,85.90294022232636,451.49668347403133,0.0,7,22.658227848101262,15.236028141320919,0.4693585280571808,-0.09372187485012519,19,740107813,2.0,0.005,0.015,0.9224472227383621,0.9131756175833124,1.0436654646404628,1.013298729843878,1.0132096174751077,1.0285009819005155,0.9068236995449205,1.0038521940581977,0.9048143625884953
Passive,350.0,188.825,191.7371379279986,165.16365799958487,86.14067143403766,94.91871274466399,1000.662707278684,0.0,0,0.0,0.0,0.0,0.0,19,740107813,2.0,0.005,0.015,0.9224472227383621,0.9131756175833124,1.0436654646404628,1.013298729843878,1.0132096174751077,1.0285009819005155,0.9068236995449205,1.0038521940581977,0.9048143625884953
Continuous,350.0,188.825,190.33617994604145,162.82716976006245,85.54714600567398,96.18044160674441,990.6646120970421,0.0,1,99.99999999999999,135.15185480433422,2.8721545707814338,-1.2583935274721707,19,740107813,2.0,0.005,0.015,0.9224472227383621,0.9131756175833124,1.0436654646404628,1.013298729843878,1.0132096174751077,1.0285009819005155,0.9068236995449205,1.0038521940581977,0.9048143625884953
T-APIC,350.0,188.825,192.71928321717428,164.7178013443685,85.47032688926564,100.36109924415366,975.6362342208375,0.0,7,26.923076923076923,21.8913114505311,0.8638927272930338,-0.17590007995575874,19,740107813,2.0,0.005,0.015,0.9224472227383621,0.9131756175833124,1.0436654646404628,1.013298729843878,1.0132096174751077,1.0285009819005155,0.9068236995449205,1.0038521940581977,0.9048143625884953
E-APIC,350.0,188.825,194.29901388040582,167.97339515868885,86.45097666943342,100.36109924415366,993.0774898771865,0.0,6,21.89349112426035,34.8490592948009,0.7815878622386384,0.005090460490411534,19,740107813,2.0,0.005,0.015,0.9224472227383621,0.9131756175833124,1.0436654646404628,1.013298729843878,1.0132096174751077,1.0285009819005155,0.9068236995449205,1.0038521940581977,0.9048143625884953
ME-APIC,350.0,188.825,191.52261271443766,164.02726981182172,85.643813796749,99.67363993234872,979.6218764859109,0.0,7,22.928994082840234,25.542310421114102,0.832175235526564,-0.4632732412451604,19,740107813,2.0,0.005,0.015,0.9224472227383621,0.9131756175833124,1.0436654646404628,1.013298729843878,1.0132096174751077,1.0285009819005155,0.9068236995449205,1.0038521940581977,0.9048143625884953
Passive,300.0,157.3,166.35581862198066,99.69404243478458,59.928196837722126,81.60869184041262,461.27066309056494,0.0,0,0.0,0.0,0.0,0.0,20,1842023738,2.0,0.005,0.015,1.0350850335864337,1.0725714753818836,0.9775300338799153,0.9913744152867542,1.08121696561633,0.9099279965778384,0.970181990841913,1.0762915911476487,0.9275674891016495
Continuous,300.0,157.3,163.25823528744738,94.56205963963968,57.92177005536356,85.49620390133212,460.8990207998026,0.0,1,100.0,81.18301413905347,1.7576919222722869,-0.6077856723020103,20,1842023738,2.0,0.005,0.015,1.0350850335864337,1.0725714753818836,0.9775300338799153,0.9913744152867542,1.08121696561633,0.9099279965778384,0.970181990841913,1.0762915911476487,0.9275674891016495
T-APIC,300.0,157.3,166.2165001894209,98.37564267887797,59.185244886499675,85.10336349106295,466.5935357456369,0.0,8,27.594936708860757,22.506300513319044,0.6083901305420257,-0.22255565717324627,20,1842023738,2.0,0.005,0.015,1.0350850335864337,1.0725714753818836,0.9775300338799153,0.9913744152867542,1.08121696561633,0.9099279965778384,0.970181990841913,1.0762915911476487,0.9275674891016495
E-APIC,300.0,157.3,166.47293621896608,97.10489104665865,58.33073726706792,85.10336349106295,468.5464897687995,0.0,6,18.73417721518987,24.904304196561924,0.5263837826764629,-0.19208931318254768,20,1842023738,2.0,0.005,0.015,1.0350850335864337,1.0725714753818836,0.9775300338799153,0.9913744152867542,1.08121696561633,0.9099279965778384,0.970181990841913,1.0762915911476487,0.9275674891016495
ME-APIC,300.0,157.3,166.1211889528046,98.53368836704422,59.3143409267543,84.71421116120298,464.219472762577,0.0,7,22.78481012658228,16.055855134880247,0.5098958922186946,-0.08333796465803288,20,1842023738,2.0,0.005,0.015,1.0350850335864337,1.0725714753818836,0.9775300338799153,0.9913744152867542,1.08121696561633,0.9099279965778384,0.970181990841913,1.0762915911476487,0.9275674891016495
Passive,350.0,188.825,192.25949931557628,174.46352405277963,90.74377321997173,98.15582071030316,1055.3934522828133,0.0,0,0.0,0.0,0.0,0.0,20,1842023738,2.0,0.005,0.015,1.0350850335864337,1.0725714753818836,0.9775300338799153,0.9913744152867542,1.08121696561633,0.9099279965778384,0.970181990841913,1.0762915911476487,0.9275674891016495
Continuous,350.0,188.825,190.28912702744714,171.87999278583075,90.32570356005624,100.50560863104934,1034.816413059176,0.0,1,99.99999999999999,136.76255764667746,2.8452740232920983,-1.3711388418572636,20,1842023738,2.0,0.005,0.015,1.0350850335864337,1.0725714753818836,0.9775300338799153,0.9913744152867542,1.08121696561633,0.9099279965778384,0.970181990841913,1.0762915911476487,0.9275674891016495
T-APIC,350.0,188.825,193.05411106389647,174.0465479562884,90.15428213216501,101.02336928539223,1030.330486200046,0.0,7,26.923076923076923,22.2865606092634,0.8474990795843784,-0.22017586265112976,20,1842023738,2.0,0.005,0.015,1.0350850335864337,1.0725714753818836,0.9775300338799153,0.9913744152867542,1.08121696561633,0.9099279965778384,0.970181990841913,1.0762915911476487,0.9275674891016495
E-APIC,350.0,188.825,193.76548609897682,176.22069410607708,90.94534721011267,101.02336928539223,1043.0375297161247,0.0,7,27.36686390532544,52.104625993933354,1.1454821894219964,-0.4598769494617223,20,1842023738,2.0,0.005,0.015,1.0350850335864337,1.0725714753818836,0.9775300338799153,0.9913744152867542,1.08121696561633,0.9099279965778384,0.970181990841913,1.0762915911476487,0.9275674891016495
ME-APIC,350.0,188.825,191.77494959822553,173.28882596976533,90.36051180449311,100.63144958690279,1035.3522140987322,0.0,7,22.633136094674555,24.360815458019207,0.8293158695503245,-0.5244678127592642,20,1842023738,2.0,0.005,0.015,1.0350850335864337,1.0725714753818836,0.9775300338799153,0.9913744152867542,1.08121696561633,0.9099279965778384,0.970181990841913,1.0762915911476487,0.9275674891016495
Passive,300.0,157.3,165.1928789190301,97.74634856772218,59.171042485210826,84.27339224352092,467.74196858846756,0.0,0,0.0,0.0,0.0,0.0,21,1129056445,2.0,0.005,0.015,1.0293910285791483,1.0480075676660434,0.991526247451872,1.025231802051006,0.9707726244169248,0.9475894422029854,0.9901940354106452,1.0882402226611125,1.0836489204412856
Continuous,300.0,157.3,162.63488041271378,92.99370150103711,57.179432397927,87.1027562766219,463.87251884110725,0.0,1,100.0,79.47922393982007,1.7202757221847547,-0.5903760240255126,21,1129056445,2.0,0.005,0.015,1.0293910285791483,1.0480075676660434,0.991526247451872,1.025231802051006,0.9707726244169248,0.9475894422029854,0.9901940354106452,1.0882402226611125,1.0836489204412856
T-APIC,300.0,157.3,165.19079336768763,96.4303649725315,58.37514488951774,86.91473680540847,469.0911873691746,0.0,8,27.594936708860757,22.614468850906444,0.6041654246259388,-0.2172641841778567,21,1129056445,2.0,0.005,0.015,1.0293910285791483,1.0480075676660434,0.991526247451872,1.025231802051006,0.9707726244169248,0.9475894422029854,0.9901940354106452,1.0882402226611125,1.0836489204412856
E-APIC,300.0,157.3,166.19381128280494,96.43803000035037,58.02744955180423,86.91473680540847,472.2526942599626,0.0,6,18.73417721518987,16.437091730972092,0.43153494475368215,-0.015907645854542865,21,1129056445,2.0,0.005,0.015,1.0293910285791483,1.0480075676660434,0.991526247451872,1.025231802051006,0.9707726244169248,0.9475894422029854,0.9901940354106452,1.0882402226611125,1.0836489204412856
ME-APIC,300.0,157.3,165.08810718371248,96.52432734356336,58.46837121716446,86.69117394336757,467.04769035677765,0.0,7,22.78481012658228,16.454986172686993,0.5131211797895737,-0.0965533349977502,21,1129056445,2.0,0.005,0.015,1.0293910285791483,1.0480075676660434,0.991526247451872,1.025231802051006,0.9707726244169248,0.9475894422029854,0.9901940354106452,1.0882402226611125,1.0836489204412856
Passive,350.0,188.825,191.0379007129429,169.634116658934,88.79605357150012,98.26891854452295,1007.3229657440797,0.0,0,0.0,0.0,0.0,0.0,21,1129056445,2.0,0.005,0.015,1.0293910285791483,1.0480075676660434,0.991526247451872,1.025231802051006,0.9707726244169248,0.9475894422029854,0.9901940354106452,1.0882402226611125,1.0836489204412856
Continuous,350.0,188.825,189.55213874027876,167.29361498984315,88.25730804286314,94.86513113987294,1009.5787068003939,0.0,1,99.99999999999999,133.90610010574727,2.835690281511476,-1.2740366983842455,21,1129056445,2.0,0.005,0.015,1.0293910285791483,1.0480075676660434,0.991526247451872,1.025231802051006,0.9707726244169248,0.9475894422029854,0.9901940354106452,1.0882402226611125,1.0836489204412856
T-APIC,350.0,188.825,191.99609698056443,169.57944497989035,88.32442307254648,103.7635742780548,982.5174256134284,0.0,7,26.923076923076923,22.348730529001948,0.8273017257463829,-0.20837103463798576,21,1129056445,2.0,0.005,0.015,1.0293910285791483,1.0480075676660434,0.991526247451872,1.025231802051006,0.9707726244169248,0.9475894422029854,0.9901940354106452,1.0882402226611125,1.0836489204412856
E-APIC,350.0,188.825,192.6630745505812,171.0634151402603,88.7888950901953,103.7635742780548,988.1232110365704,0.0,7,27.36686390532544,46.703879903864504,1.1041134719054593,-0.4056046997729405,21,1129056445,2.0,0.005,0.015,1.0293910285791483,1.0480075676660434,0.991526247451872,1.025231802051006,0.9707726244169248,0.9475894422029854,0.9901940354106452,1.0882402226611125,1.0836489204412856
ME-APIC,350.0,188.825,190.59735234205948,168.39446568380606,88.35089449804813,103.05747430925264,982.864637618889,0.0,7,23.076923076923073,26.149860029442205,0.8391897145489176,-0.534861375075266,21,1129056445,2.0,0.005,0.015,1.0293910285791483,1.0480075676660434,0.991526247451872,1.025231802051006,0.9707726244169248,0.9475894422029854,0.9901940354106452,1.0882402226611125,1.0836489204412856
Passive,300.0,157.3,168.39857459902802,101.20787564134369,60.10019733381274,79.29936434333854,480.81366312398677,0.0,0,0.0,0.0,0.0,0.0,22,1894152364,2.0,0.005,0.015,0.9201644341696995,1.0419232970116767,1.0898352002231775,0.9994503280063571,0.9490703665185776,1.038662245524404,0.9773250624959218,0.9586177927636925,1.0804951646027714
Continuous,300.0,157.3,166.1410181209452,96.34954276282045,57.992628101436786,83.46175364445835,472.2680263261187,0.0,1,100.0,77.21706258009452,1.7056140159656827,-0.5883302912038945,22,1894152364,2.0,0.005,0.015,0.9201644341696995,1.0419232970116767,1.0898352002231775,0.9994503280063571,0.9490703665185776,1.038662245524404,0.9773250624959218,0.9586177927636925,1.0804951646027714
T-APIC,300.0,157.3,168.56976254915028,99.85018171911959,59.23374406486812,83.05330259890442,477.45782079847623,0.0,8,27.594936708860757,22.788506540638362,0.6336145392194997,-0.20864506067413915,22,1894152364,2.0,0.005,0.015,0.9201644341696995,1.0419232970116767,1.0898352002231775,0.9994503280063571,0.9490703665185776,1.038662245524404,0.9773250624959218,0.9586177927636925,1.0804951646027714
E-APIC,300.0,157.3,169.5701545479767,99.80921607464386,58.860131572507775,83.05330259890442,481.1623285780583,0.0,6,18.73417721518987,14.112564149658768,0.4450887687978745,0.00932629766651216,22,1894152364,2.0,0.005,0.015,0.9201644341696995,1.0419232970116767,1.0898352002231775,0.9994503280063571,0.9490703665185776,1.038662245524404,0.9773250624959218,0.9586177927636925,1.0804951646027714
ME-APIC,300.0,157.3,168.36494610837562,99.8642372559541,59.31415034081502,82.65128421677791,477.2299515310455,0.0,7,22.78481012658228,16.78860601622896,0.5265787640473969,-0.11956350760487129,22,1894152364,2.0,0.005,0.015,0.9201644341696995,1.0419232970116767,1.0898352002231775,0.9994503280063571,0.9490703665185776,1.038662245524404,0.9773250624959218,0.9586177927636925,1.0804951646027714
Passive,350.0,188.825,194.4336482560649,173.16783489379176,89.06268870999811,96.04210615186098,1037.7119651552039,0.0,0,0.0,0.0,0.0,0.0,22,1894152364,2.0,0.005,0.015,0.9201644341696995,1.0419232970116767,1.0898352002231775,0.9994503280063571,0.9490703665185776,1.038662245524404,0.9773250624959218,0.9586177927636925,1.0804951646027714
Continuous,350.0,188.825,193.2962152455423,171.02765388956843,88.47956679975015,92.43024301643726,1029.1660370368243,0.0,1,99.99999999999999,133.9695269365313,2.913930520426314,-1.2509073053108333,22,1894152364,2.0,0.005,0.015,0.9201644341696995,1.0419232970116767,1.0898352002231775,0.9994503280063571,0.9490703665185776,1.038662245524404,0.9773250624959218,0.9586177927636925,1.0804951646027714
T-APIC,350.0,188.825,195.66438800746002,173.30267012951478,88.57139098960988,99.10751928052466,1012.8836203551145,0.0,7,26.923076923076923,21.638790735739065,0.8520623336091742,-0.15741491632940396,22,1894152364,2.0,0.005,0.015,0.9201644341696995,1.0419232970116767,1.0898352002231775,0.9994503280063571,0.9490703665185776,1.038662245524404,0.9773250624959218,0.9586177927636925,1.0804951646027714
E-APIC,350.0,188.825,196.5581720270303,175.0612794431267,89.06334325242534,99.10751928052466,1020.7248491762581,0.0,7,27.36686390532544,47.68125522449572,1.0716839238014182,-0.34132266386529725,22,1894152364,2.0,0.005,0.015,0.9201644341696995,1.0419232970116767,1.0898352002231775,0.9994503280063571,0.9490703665185776,1.038662245524404,0.9773250624959218,0.9586177927636925,1.0804951646027714
ME-APIC,350.0,188.825,194.15340636317958,171.98094322057256,88.57992576183203,98.70230712203495,1013.3410030260555,0.0,7,23.076923076923073,26.90129273638014,0.8665548409343518,-0.512597270609218,22,1894152364,2.0,0.005,0.015,0.9201644341696995,1.0419232970116767,1.0898352002231775,0.9994503280063571,0.9490703665185776,1.038662245524404,0.9773250624959218,0.9586177927636925,1.0804951646027714
Passive,300.0,157.3,168.65106872493516,100.00524971640476,59.29713370480345,83.5904212221822,468.23279129241416,0.0,0,0.0,0.0,0.0,0.0,23,419010391,2.0,0.005,0.015,0.9336127750493464,1.0069566523127915,1.0462583554800777,1.0237863134250997,0.9481453168254821,0.9076641466588501,0.971748715310482,0.9300379968113452,1.0183847496018394
Continuous,300.0,157.3,165.36151224242346,94.39933132485724,57.08664008010875,88.20662150653231,466.67479258242315,0.0,1,100.0,86.3355113858269,1.8299872050745405,-0.6859631460635618,23,419010391,2.0,0.005,0.015,0.9336127750493464,1.0069566523127915,1.0462583554800777,1.0237863134250997,0.9481453168254821,0.9076641466588501,0.971748715310482,0.9300379968113452,1.0183847496018394
T-APIC,300.0,157.3,168.37715984820042,98.43166802244401,58.45903809708192,87.5630990279283,472.2509596482727,0.0,8,27.594936708860757,22.964066466422732,0.6273072499225892,-0.276012666817818,23,419010391,2.0,0.005,0.015,0.9336127750493464,1.0069566523127915,1.0462583554800777,1.0237863134250997,0.9481453168254821,0.9076641466588501,0.971748715310482,0.9300379968113452,1.0183847496018394
E-APIC,300.0,157.3,169.2921223880888,98.61612348603833,58.25204510105241,87.5630990279283,476.2319786848213,0.0,6,18.73417721518987,15.866876675637538,0.36311732120709406,-0.0924628106593373,23,419010391,2.0,0.005,0.015,0.9336127750493464,1.0069566523127915,1.0462583554800777,1.0237863134250997,0.9481453168254821,0.9076641466588501,0.971748715310482,0.9300379968113452,1.0183847496018394
ME-APIC,300.0,157.3,168.36779747597657,98.6106377611818,58.568585703125315,87.05818914151594,470.8633140330283,0.0,7,22.78481012658228,17.622276435757225,0.557534556897736,-0.11472181284010186,23,419010391,2.0,0.005,0.015,0.9336127750493464,1.0069566523127915,1.0462583554800777,1.0237863134250997,0.9481453168254821,0.9076641466588501,0.971748715310482,0.9300379968113452,1.0183847496018394
Passive,350.0,188.825,195.04131556232986,172.68154436086888,88.53587962273797,97.16518328034756,1034.978060780772,0.0,0,0.0,0.0,0.0,0.0,23,419010391,2.0,0.005,0.015,0.9336127750493464,1.0069566523127915,1.0462583554800777,1.0237863134250997,0.9481453168254821,0.9076641466588501,0.971748715310482,0.9300379968113452,1.0183847496018394
Continuous,350.0,188.825,192.8172200095184,169.6492797094948,87.9845066229666,96.51306795356736,1018.5684296509459,0.0,1,99.99999999999999,142.87444911910256,2.990915182169471,-1.4708580488638743,23,419010391,2.0,0.005,0.015,0.9336127750493464,1.0069566523127915,1.0462583554800777,1.0237863134250997,0.9481453168254821,0.9076641466588501,0.971748715310482,0.9300379968113452,1.0183847496018394
T-APIC,350.0,188.825,195.75421969760083,172.40324610745185,88.0712795738343,102.89299181324807,1010.7223372148084,0.0,7,26.923076923076923,22.343267662224946,0.8605514075719445,-0.25598961690794547,23,419010391,2.0,0.005,0.015,0.9336127750493464,1.0069566523127915,1.0462583554800777,1.0237863134250997,0.9481453168254821,0.9076641466588501,0.971748715310482,0.9300379968113452,1.0183847496018394
E-APIC,350.0,188.825,197.38201507983214,175.8539995947893,89.09322337380345,102.89299181324807,1029.6618640663905,0.0,6,21.89349112426035,35.36841327178727,0.8075877493526544,-0.0702257114795749,23,419010391,2.0,0.005,0.015,0.9336127750493464,1.0069566523127915,1.0462583554800777,1.0237863134250997,0.9481453168254821,0.9076641466588501,0.971748715310482,0.9300379968113452,1.0183847496018394
ME-APIC,350.0,188.825,194.45970000596577,171.28893353250675,88.08454066691033,102.00235756721706,1014.0593573909913,0.0,7,23.076923076923073,27.752112455305504,0.8706573380586207,-0.56097872130237,23,419010391,2.0,0.005,0.015,0.9336127750493464,1.0069566523127915,1.0462583554800777,1.0237863134250997,0.9481453168254821,0.9076641466588501,0.971748715310482,0.9300379968113452,1.0183847496018394
Passive,300.0,157.3,168.499918148301,100.08018079621002,59.39479490318027,79.09950323773052,473.4819307893124,0.0,0,0.0,0.0,0.0,0.0,24,803235481,2.0,0.005,0.015,1.1988512070679633,0.9336911639633952,0.9956512422568764,1.0290383657919344,0.9969616978008978,1.025539826707476,1.043676265109837,0.9528107047167507,1.0670643385112357
Continuous,300.0,157.3,165.90111422801945,94.93265527886497,57.22243380980955,83.76320949408777,465.1250592098225,0.0,1,100.0,80.05204162484706,1.7263751582779916,-0.6417616196853518,24,803235481,2.0,0.005,0.015,1.1988512070679633,0.9336911639633952,0.9956512422568764,1.0290383657919344,0.9969616978008978,1.025539826707476,1.043676265109837,0.9528107047167507,1.0670643385112357
T-APIC,300.0,157.3,168.56514760052255,98.55966822095112,58.46977837585068,83.23983716332691,470.7753601750251,0.0,8,27.594936708860757,24.904643671449616,0.6570388918178395,-0.19108182623680162,24,803235481,2.0,0.005,0.015,1.1988512070679633,0.9336911639633952,0.9956512422568764,1.0290383657919344,0.9969616978008978,1.025539826707476,1.043676265109837,0.9528107047167507,1.0670643385112357
E-APIC,300.0,157.3,168.330431139097,97.53489913339162,57.94252321066969,83.23983716332691,469.3496346530189,0.0,6,18.73417721518987,19.93608502377147,0.5296208805876498,-0.25561550761199237,24,803235481,2.0,0.005,0.015,1.1988512070679633,0.9336911639633952,0.9956512422568764,1.0290383657919344,0.9969616978008978,1.025539826707476,1.043676265109837,0.9528107047167507,1.0670643385112357
ME-APIC,300.0,157.3,168.45069513968048,98.76379731834922,58.63068551688291,82.74918959618026,470.3272280370077,0.0,7,22.78481012658228,16.965164645725054,0.4974470774095104,-0.11193641967433605,24,803235481,2.0,0.005,0.015,1.1988512070679633,0.9336911639633952,0.9956512422568764,1.0290383657919344,0.9969616978008978,1.025539826707476,1.043676265109837,0.9528107047167507,1.0670643385112357
Passive,350.0,188.825,193.4787790017706,167.24952713931756,86.44334433069118,93.47057183617655,1007.8165961655775,0.0,0,0.0,0.0,0.0,0.0,24,803235481,2.0,0.005,0.015,1.1988512070679633,0.9336911639633952,0.9956512422568764,1.0290383657919344,0.9969616978008978,1.025539826707476,1.043676265109837,0.9528107047167507,1.0670643385112357
Continuous,350.0,188.825,191.9356381857554,164.68075754031628,85.7999895678249,87.48960656052374,1004.907292514199,0.0,1,99.99999999999999,138.7832924741857,2.9404469785765164,-1.3005192774717533,24,803235481,2.0,0.005,0.015,1.1988512070679633,0.9336911639633952,0.9956512422568764,1.0290383657919344,0.9969616978008978,1.025539826707476,1.043676265109837,0.9528107047167507,1.0670643385112357
T-APIC,350.0,188.825,194.5503564731838,166.90259614963378,85.78889248791437,97.68425833785213,979.6373045812261,0.0,7,26.923076923076923,22.51757546696356,0.87594899633522,-0.17596170004477088,24,803235481,2.0,0.005,0.015,1.1988512070679633,0.9336911639633952,0.9956512422568764,1.0290383657919344,0.9969616978008978,1.025539826707476,1.043676265109837,0.9528107047167507,1.0670643385112357
E-APIC,350.0,188.825,195.50529487581903,168.72392624379592,86.30146122178732,97.68425833785213,986.1577725224918,0.0,7,27.36686390532544,49.49094360218025,1.0953501986054206,-0.3515767885711262,24,803235481,2.0,0.005,0.015,1.1988512070679633,0.9336911639633952,0.9956512422568764,1.0290383657919344,0.9969616978008978,1.025539826707476,1.043676265109837,0.9528107047167507,1.0670643385112357
ME-APIC,350.0,188.825,193.0490305254645,165.80816098745944,85.88914460546239,96.9993912699789,978.937032551239,0.0,7,23.076923076923073,27.51229775064415,0.8849451841103472,-0.5209488739910089,24,803235481,2.0,0.005,0.015,1.1988512070679633,0.9336911639633952,0.9956512422568764,1.0290383657919344,0.9969616978008978,1.025539826707476,1.043676265109837,0.9528107047167507,1.0670643385112357
Passive,300.0,157.3,166.08844793362198,98.0065572187607,59.00865378543936,83.66405896314706,458.54228954524314,0.0,0,0.0,0.0,0.0,0.0,25,402029333,2.0,0.005,0.015,0.8181481721603119,0.9151585134297212,1.0792274051208277,1.0037947462289154,0.983182701528923,0.9628325487395123,1.0565101587268062,1.0394040823115935,1.0023170177230267
Continuous,300.0,157.3,163.4015190718988,92.90137274522,56.854656720995465,86.51561547893834,457.26011375398,0.0,1,100.0,78.82902539982652,1.699678028804729,-0.6185449448171892,25,402029333,2.0,0.005,0.015,0.8181481721603119,0.9151585134297212,1.0792274051208277,1.0037947462289154,0.983182701528923,0.9628325487395123,1.0565101587268062,1.0394040823115935,1.0023170177230267
T-APIC,300.0,157.3,165.99769832825044,96.51394741076206,58.14173833899283,86.33497465095112,458.97211037360097,0.0,8,27.594936708860757,22.92971978782685,0.6140897080878188,-0.23265283310765106,25,402029333,2.0,0.005,0.015,0.8181481721603119,0.9151585134297212,1.0792274051208277,1.0037947462289154,0.983182701528923,0.9628325487395123,1.0565101587268062,1.0394040823115935,1.0023170177230267
E-APIC,300.0,157.3,166.98178013820015,96.57271876196621,57.834285083102564,86.33497465095112,455.81068791797384,0.0,6,18.73417721518987,17.13246548464504,0.4089101068882862,-0.038148129236131464,25,402029333,2.0,0.005,0.015,0.8181481721603119,0.9151585134297212,1.0792274051208277,1.0037947462289154,0.983182701528923,0.9628325487395123,1.0565101587268062,1.0394040823115935,1.0023170177230267
ME-APIC,300.0,157.3,165.98100985982086,96.76055181247075,58.29615803289172,86.11451441732409,451.36858431937384,0.0,7,22.658227848101262,16.270436358981016,0.49027206636816995,-0.10643906044921117,25,402029333,2.0,0.005,0.015,0.8181481721603119,0.9151585134297212,1.0792274051208277,1.0037947462289154,0.983182701528923,0.9628325487395123,1.0565101587268062,1.0394040823115935,1.0023170177230267
Passive,350.0,188.825,190.2638063757066,161.90153345000633,85.09318536932116,94.17192046572197,964.8234374993482,0.0,0,0.0,0.0,0.0,0.0,25,402029333,2.0,0.005,0.015,0.8181481721603119,0.9151585134297212,1.0792274051208277,1.0037947462289154,0.983182701528923,0.9628325487395123,1.0565101587268062,1.0394040823115935,1.0023170177230267
Continuous,350.0,188.825,188.61621766913797,159.39956927679648,84.51000197470188,96.82964807022924,971.8224767172607,0.0,1,99.99999999999999,135.9809348661847,2.8712859636404504,-1.299486077634335,25,402029333,2.0,0.005,0.015,0.8181481721603119,0.9151585134297212,1.0792274051208277,1.0037947462289154,0.983182701528923,0.9628325487395123,1.0565101587268062,1.0394040823115935,1.0023170177230267
T-APIC,350.0,188.825,191.07367041211998,161.61808435752118,84.58417321912167,101.06864392650047,948.0186535428229,0.0,7,26.923076923076923,22.18911082688929,0.8315962500264374,-0.22503181484818427,25,402029333,2.0,0.005,0.015,0.8181481721603119,0.9151585134297212,1.0792274051208277,1.0037947462289154,0.983182701528923,0.9628325487395123,1.0565101587268062,1.0394040823115935,1.0023170177230267
E-APIC,350.0,188.825,192.23285275135524,163.3593851784661,84.97995157454397,101.06864392650047,951.4427835380272,0.0,6,21.89349112426035,46.59587669482371,1.0807116375559191,-0.31372123885662456,25,402029333,2.0,0.005,0.015,0.8181481721603119,0.9151585134297212,1.0792274051208277,1.0037947462289154,0.983182701528923,0.9628325487395123,1.0565101587268062,1.0394040823115935,1.0023170177230267
ME-APIC,350.0,188.825,189.8447535160366,160.68030959322513,84.63774037329513,99.42223604116722,946.7289363549495,0.0,7,23.076923076923073,26.595819085565676,0.8397269450913705,-0.5232127687410858,25,402029333,2.0,0.005,0.015,0.8181481721603119,0.9151585134297212,1.0792274051208277,1.0037947462289154,0.983182701528923,0.9628325487395123,1.0565101587268062,1.0394040823115935,1.0023170177230267
Passive,300.0,157.3,168.3583082119982,100.59525524126916,59.75069262076378,80.64959741697044,465.4875667250378,0.0,0,0.0,0.0,0.0,0.0,26,362768660,2.0,0.005,0.015,1.158224907266192,0.9318562777762227,1.0713795820075267,0.9762107376551091,0.9985880687503488,1.072814758503659,1.0211602754272038,0.9758160348012452,1.0566110425627921
Continuous,300.0,157.3,166.07524216017956,95.53832361884184,57.527131904883895,84.24018824658724,465.0767494164009,0.0,1,100.0,75.24955251213039,1.6300948463703453,-0.5916219850761223,26,362768660,2.0,0.005,0.015,1.158224907266192,0.9318562777762227,1.0713795820075267,0.9762107376551091,0.9985880687503488,1.072814758503659,1.0211602754272038,0.9758160348012452,1.0566110425627921
T-APIC,300.0,157.3,168.55589128202578,99.14898545044561,58.822616460525055,83.9974347299488,466.6561725769708,0.0,8,27.594936708860757,23.045203712752066,0.6305094005601828,-0.162769231301929,26,362768660,2.0,0.005,0.015,1.158224907266192,0.9318562777762227,1.0713795820075267,0.9762107376551091,0.9985880687503488,1.072814758503659,1.0211602754272038,0.9758160348012452,1.0566110425627921
E-APIC,300.0,157.3,168.3437917065214,97.93432290821539,58.17519132451712,83.9974347299488,458.4040217049259,0.0,6,18.73417721518987,17.73156898145461,0.5103757952026058,-0.22521242248671622,26,362768660,2.0,0.005,0.015,1.158224907266192,0.9318562777762227,1.0713795820075267,0.9762107376551091,0.9985880687503488,1.072814758503659,1.0211602754272038,0.9758160348012452,1.0566110425627921
ME-APIC,300.0,157.3,168.40548998778158,99.40396949637415,59.02656113146089,83.70952848595894,459.26206383606115,0.0,7,22.78481012658228,14.97392360342839,0.4562395980094203,-0.09930009291942887,26,362768660,2.0,0.005,0.015,1.158224907266192,0.9318562777762227,1.0713795820075267,0.9762107376551091,0.9985880687503488,1.072814758503659,1.0211602754272038,0.9758160348012452,1.0566110425627921
Passive,350.0,188.825,192.92525362621197,167.37191469935345,86.75479832393145,94.91815402133716,1010.7131730950667,0.0,0,0.0,0.0,0.0,0.0,26,362768660,2.0,0.005,0.015,1.158224907266192,0.9318562777762227,1.0713795820075267,0.9762107376551091,0.9985880687503488,1.072814758503659,1.0211602754272038,0.9758160348012452,1.0566110425627921
Continuous,350.0,188.825,191.75387757568762,165.2199200639659,86.16249233278297,87.75675611631995,1015.5001337827358,0.0,1,99.99999999999999,134.389790288333,2.8946759034908403,-1.2046866677413557,26,362768660,2.0,0.005,0.015,1.158224907266192,0.9318562777762227,1.0713795820075267,0.9762107376551091,0.9985880687503488,1.072814758503659,1.0211602754272038,0.9758160348012452,1.0566110425627921
T-APIC,350.0,188.825,194.0834044531271,167.07166817295297,86.08240804705294,98.83320307176241,991.3713351687323,0.0,7,26.923076923076923,22.611582937503087,0.8846840471516276,-0.14927396649520136,26,362768660,2.0,0.005,0.015,1.158224907266192,0.9318562777762227,1.0713795820075267,0.9762107376551091,0.9985880687503488,1.072814758503659,1.0211602754272038,0.9758160348012452,1.0566110425627921
E-APIC,350.0,188.825,195.79552113375885,170.2857854393243,86.97123634559166,99.49391880980086,1004.2896792857944,0.0,6,21.89349112426035,35.38922791136491,0.8212593595799146,0.0720312761631609,26,362768660,2.0,0.005,0.015,1.158224907266192,0.9318562777762227,1.0713795820075267,0.9762107376551091,0.9985880687503488,1.072814758503659,1.0211602754272038,0.9758160348012452,1.0566110425627921
ME-APIC,350.0,188.825,192.7837173829238,166.2039881331318,86.21266898957185,98.73761342982746,990.6206431118584,0.0,7,23.076923076923073,26.326350033018965,0.852142749178288,-0.44852087522636264,26,362768660,2.0,0.005,0.015,1.158224907266192,0.9318562777762227,1.0713795820075267,0.9762107376551091,0.9985880687503488,1.072814758503659,1.0211602754272038,0.9758160348012452,1.0566110425627921
Passive,300.0,157.3,168.3465922654417,100.47304916398768,59.68225897056834,82.45691320816955,458.81346429398843,0.0,0,0.0,0.0,0.0,0.0,27,675826863,2.0,0.005,0.015,1.0366343058254879,0.9770924950976184,1.0919778235940414,1.0387801496343558,0.9976307219424754,1.0057141241749543,1.007265484063521,0.9556023097932269,0.9627340614988362
Continuous,300.0,157.3,165.7266666909894,95.2164713862856,57.45392294881808,86.62040104854968,457.53465498589367,0.0,1,100.0,79.10703109197802,1.7289286275306455,-0.6108478097314735,27,675826863,2.0,0.005,0.015,1.0366343058254879,0.9770924950976184,1.0919778235940414,1.0387801496343558,0.9976307219424754,1.0057141241749543,1.007265484063521,0.9556023097932269,0.9627340614988362
T-APIC,300.0,157.3,168.35758581064584,99.01187411385342,58.810462051418035,86.2183460444833,462.6694675173361,0.0,8,27.594936708860757,21.818340468476684,0.6124387990351434,-0.22478366128699542,27,675826863,2.0,0.005,0.015,1.0366343058254879,0.9770924950976184,1.0919778235940414,1.0387801496343558,0.9976307219424754,1.0057141241749543,1.007265484063521,0.9556023097932269,0.9627340614988362
E-APIC,300.0,157.3,169.28146579406436,99.3276769532318,58.67604967106482,86.2183460444833,466.07011083473856,0.0,6,18.73417721518987,18.01958660900808,0.37978912520201197,-0.040117879991807395,27,675826863,2.0,0.005,0.015,1.0366343058254879,0.9770924950976184,1.0919778235940414,1.0387801496343558,0.9976307219424754,1.0057141241749543,1.007265484063521,0.9556023097932269,0.9627340614988362
ME-APIC,300.0,157.3,168.26327409278707,99.20797263131544,58.959968041872415,85.81837082928133,460.5753911100229,0.0,7,22.78481012658228,16.105400595177887,0.5132730595033935,-0.1057687696762858,27,675826863,2.0,0.005,0.015,1.0366343058254879,0.9770924950976184,1.0919778235940414,1.0387801496343558,0.9976307219424754,1.0057141241749543,1.007265484063521,0.9556023097932269,0.9627340614988362
Passive,350.0,188.825,193.39324326436187,169.33298898923184,87.55889612842343,97.9788502018793,1021.7966916028257,0.0,0,0.0,0.0,0.0,0.0,27,675826863,2.0,0.005,0.015,1.0366343058254879,0.9770924950976184,1.0919778235940414,1.0387801496343558,0.9976307219424754,1.0057141241749543,1.007265484063521,0.9556023097932269,0.9627340614988362
Continuous,350.0,188.825,191.9278772703203,166.83561964290917,86.9262047888593,102.57374409513532,1004.5609512700926,0.0,1,99.99999999999999,136.2222206054065,2.932076935826035,-1.3063110315464153,27,675826863,2.0,0.005,0.015,1.0366343058254879,0.9770924950976184,1.0919778235940414,1.0387801496343558,0.9976307219424754,1.0057141241749543,1.007265484063521,0.9556023097932269,0.9627340614988362
T-APIC,350.0,188.825,194.36794435336648,169.07629367630074,86.98774596747045,102.45493755049064,998.3171819011768,0.0,7,26.923076923076923,22.67382761449594,0.8688278578947799,-0.2054717730053883,27,675826863,2.0,0.005,0.015,1.0366343058254879,0.9770924950976184,1.0919778235940414,1.0387801496343558,0.9976307219424754,1.0057141241749543,1.007265484063521,0.9556023097932269,0.9627340614988362
E-APIC,350.0,188.825,195.84369896387966,172.29605209030078,87.97630610626798,102.45493755049064,1014.9709449117889,0.0,6,21.89349112426035,35.42382774598178,0.7935295104588842,-0.033779095293350936,27,675826863,2.0,0.005,0.015,1.0366343058254879,0.9770924950976184,1.0919778235940414,1.0387801496343558,0.9976307219424754,1.0057141241749543,1.007265484063521,0.9556023097932269,0.9627340614988362
ME-APIC,350.0,188.825,193.15467156149705,168.09854634796008,87.02794759713613,102.05098622510174,1000.55458433889,0.0,7,23.076923076923073,26.559532197869636,0.8510296378262929,-0.48394111082319674,27,675826863,2.0,0.005,0.015,1.0366343058254879,0.9770924950976184,1.0919778235940414,1.0387801496343558,0.9976307219424754,1.0057141241749543,1.007265484063521,0.9556023097932269,0.9627340614988362
Passive,300.0,157.3,164.6748241115625,95.81135178225907,58.182149153139285,82.63048846306046,462.35079617012497,0.0,0,0.0,0.0,0.0,0.0,28,1590876049,2.0,0.005,0.015,0.8617633658909409,0.9368665468092079,0.9642555640193567,1.0005889735737903,0.9336075624935073,1.0896398469492021,1.0597090174436878,1.0940980619295861,0.9884364506806756
Continuous,300.0,157.3,162.8300891947165,91.30366717627008,56.07297006825733,87.38582884112945,457.04728613748364,0.0,1,100.0,72.22805554106453,1.5909848317951523,-0.507207831649903,28,1590876049,2.0,0.005,0.015,0.8617633658909409,0.9368665468092079,0.9642555640193567,1.0005889735737903,0.9336075624935073,1.0896398469492021,1.0597090174436878,1.0940980619295861,0.9884364506806756
T-APIC,300.0,157.3,164.9303753758093,94.46584411071272,57.276195422137036,86.90674460516925,462.31567492823183,0.0,8,27.594936708860757,22.292268221279755,0.6068329017358782,-0.1498868117583628,28,1590876049,2.0,0.005,0.015,0.8617633658909409,0.9368665468092079,0.9642555640193567,1.0005889735737903,0.9336075624935073,1.0896398469492021,1.0597090174436878,1.0940980619295861,0.9884364506806756
E-APIC,300.0,157.3,163.9856163555288,92.55916883529706,56.443467965278295,86.90674460516925,462.6077742549189,0.0,7,23.41772151898734,30.328811705903842,0.6833136271415462,-0.36137003972093573,28,1590876049,2.0,0.005,0.015,0.8617633658909409,0.9368665468092079,0.9642555640193567,1.0005889735737903,0.9336075624935073,1.0896398469492021,1.0597090174436878,1.0940980619295861,0.9884364506806756
ME-APIC,300.0,157.3,164.8073582907752,94.76998284507478,57.50349003099054,86.43901476494682,459.81049777959004,0.0,7,22.40506329113924,14.329394774450794,0.452789566751028,-0.07972998407036315,28,1590876049,2.0,0.005,0.015,0.8617633658909409,0.9368665468092079,0.9642555640193567,1.0005889735737903,0.9336075624935073,1.0896398469492021,1.0597090174436878,1.0940980619295861,0.9884364506806756
Passive,350.0,188.825,189.71065691550533,162.79828568974344,85.81399080930477,98.8401013838525,972.1132243505941,0.0,0,0.0,0.0,0.0,0.0,28,1590876049,2.0,0.005,0.015,0.8617633658909409,0.9368665468092079,0.9642555640193567,1.0005889735737903,0.9336075624935073,1.0896398469492021,1.0597090174436878,1.0940980619295861,0.9884364506806756
Continuous,350.0,188.825,188.97889661413365,161.21665445894416,85.30934265539935,95.5771994833841,982.7240125334614,0.0,1,99.99999999999999,130.85944072503838,2.8208131461248436,-1.0969454805466012,28,1590876049,2.0,0.005,0.015,0.8617633658909409,0.9368665468092079,0.9642555640193567,1.0005889735737903,0.9336075624935073,1.0896398469492021,1.0597090174436878,1.0940980619295861,0.9884364506806756
T-APIC,350.0,188.825,190.95470783284173,162.8623310490493,85.2884607545869,103.14201959318473,957.7638753951417,0.0,7,26.923076923076923,22.820619681274348,0.8441465215275784,-0.13940382007791483,28,1590876049,2.0,0.005,0.015,0.8617633658909409,0.9368665468092079,0.9642555640193567,1.0005889735737903,0.9336075624935073,1.0896398469492021,1.0597090174436878,1.0940980619295861,0.9884364506806756
E-APIC,350.0,188.825,193.4594228928145,165.76945098844465,85.6869355390813,103.14201959318473,967.2224061300298,0.0,5,16.420118343195266,36.64625621639065,0.8736624133538586,0.32077814806991356,28,1590876049,2.0,0.005,0.015,0.8617633658909409,0.9368665468092079,0.9642555640193567,1.0005889735737903,0.9336075624935073,1.0896398469492021,1.0597090174436878,1.0940980619295861,0.9884364506806756
ME-APIC,350.0,188.825,189.47275365235922,161.65524039544871,85.31846256483425,102.69599825593919,954.6424230942771,0.0,7,22.928994082840234,25.296993441275788,0.8200081564921909,-0.472207975064706,28,1590876049,2.0,0.005,0.015,0.8617633658909409,0.9368665468092079,0.9642555640193567,1.0005889735737903,0.9336075624935073,1.0896398469492021,1.0597090174436878,1.0940980619295861,0.9884364506806756
Passive,300.0,157.3,167.80773712705462,97.32373150536392,57.99716578722222,86.11040720047518,460.87513885643216,0.0,0,0.0,0.0,0.0,0.0,29,399420044,2.0,0.005,0.015,0.866221415720774,0.9701720369162696,1.0078096133296153,0.933656030656318,0.9097421998252067,0.9151828946098212,1.0519342686327429,0.947141791968483,0.94689787698842
Continuous,300.0,157.3,164.50555824888266,91.93618239340444,55.886368443741546,88.9127807772111,459.7621387914692,0.0,1,100.0,84.2710683951226,1.8015678053604822,-0.6974297927745066,29,399420044,2.0,0.005,0.015,0.866221415720774,0.9701720369162696,1.0078096133296153,0.933656030656318,0.9097421998252067,0.9151828946098212,1.0519342686327429,0.947141791968483,0.94689787698842
T-APIC,300.0,157.3,167.54401199156845,95.75687199455383,57.15326430130654,88.73107365508831,465.4693003573375,0.0,8,27.594936708860757,23.774454581545,0.6368317160114383,-0.26097808682666757,29,399420044,2.0,0.005,0.015,0.866221415720774,0.9701720369162696,1.0078096133296153,0.933656030656318,0.9097421998252067,0.9151828946098212,1.0519342686327429,0.947141791968483,0.94689787698842
E-APIC,300.0,157.3,168.64846106444358,95.81957001166592,56.81615438818119,88.73107365508831,469.21010527275666,0.0,6,18.73417721518987,16.59017892118217,0.42196882353671616,-0.041419861792243315,29,399420044,2.0,0.005,0.015,0.866221415720774,0.9701720369162696,1.0078096133296153,0.933656030656318,0.9097421998252067,0.9151828946098212,1.0519342686327429,0.947141791968483,0.94689787698842
ME-APIC,300.0,157.3,167.57305639137527,95.97261024527141,57.2721010835552,88.51521751182531,463.6844686380006,0.0,7,22.658227848101262,17.668992391659565,0.5297897256949855,-0.13088088502548584,29,399420044,2.0,0.005,0.015,0.866221415720774,0.9701720369162696,1.0078096133296153,0.933656030656318,0.9097421998252067,0.9151828946098212,1.0519342686327429,0.947141791968483,0.94689787698842
Passive,350.0,188.825,194.26881902008566,168.52851787044096,86.75016336667832,99.22889823331461,1009.0100994844897,0.0,0,0.0,0.0,0.0,0.0,29,399420044,2.0,0.005,0.015,0.866221415720774,0.9701720369162696,1.0078096133296153,0.933656030656318,0.9097421998252067,0.9151828946098212,1.0519342686327429,0.947141791968483,0.94689787698842
Continuous,350.0,188.825,191.9739345954137,165.29705162489194,86.10390362277907,101.03366502229325,1004.902081838858,0.0,1,99.99999999999999,142.54006920267938,2.971326640975951,-1.4490010142406426,29,399420044,2.0,0.005,0.015,0.866221415720774,0.9701720369162696,1.0078096133296153,0.933656030656318,0.9097421998252067,0.9151828946098212,1.0519342686327429,0.947141791968483,0.94689787698842
T-APIC,350.0,188.825,194.9376854363083,168.0725443486421,86.2186005607193,106.49689097480909,984.7249644287045,0.0,7,26.923076923076923,23.017238335348008,0.8565988010465331,-0.264468741377898,29,399420044,2.0,0.005,0.015,0.866221415720774,0.9701720369162696,1.0078096133296153,0.933656030656318,0.9097421998252067,0.9151828946098212,1.0519342686327429,0.947141791968483,0.94689787698842
E-APIC,350.0,188.825,196.47062982683977,171.4403936491208,87.26006212746431,106.49689097023362,1002.5661147484622,0.0,6,21.89349112426035,35.651559157419854,0.7985355790569294,-0.07718979568930256,29,399420044,2.0,0.005,0.015,0.866221415720774,0.9701720369162696,1.0078096133296153,0.933656030656318,0.9097421998252067,0.9151828946098212,1.0519342686327429,0.947141791968483,0.94689787698842
ME-APIC,350.0,188.825,193.7068683614828,167.02270529367442,86.22446209908665,104.66216545117715,986.6529804441454,0.0,7,23.076923076923073,28.92988967207157,0.8959047282670123,-0.5557279833849685,29,399420044,2.0,0.005,0.015,0.866221415720774,0.9701720369162696,1.0078096133296153,0.933656030656318,0.9097421998252067,0.9151828946098212,1.0519342686327429,0.947141791968483,0.94689787698842
Passive,300.0,157.3,169.41922802933036,100.84337218006398,59.52297938850582,84.69395602075626,465.1953324010189,0.0,0,0.0,0.0,0.0,0.0,30,1487015997,2.0,0.005,0.015,1.127914187799078,0.9451367667190038,0.9158459676390686,1.0542934395079824,1.0885434507771206,0.9749730588322588,0.9299405452554297,0.9310938313308972,1.0581396871062765
Continuous,300.0,157.3,166.23916177081676,95.3136360185931,57.33524820703552,89.96182025172025,463.6455088426417,0.0,1,100.0,83.39823808157946,1.7785713611522234,-0.692804818991045,30,1487015997,2.0,0.005,0.015,1.127914187799078,0.9451367667190038,0.9158459676390686,1.0542934395079824,1.0885434507771206,0.9749730588322588,0.9299405452554297,0.9310938313308972,1.0581396871062765
T-APIC,300.0,157.3,169.25125075385705,99.23402663450679,58.63119249784649,89.7038064511501,466.8675168835845,0.0,8,27.594936708860757,25.367796665687635,0.6658278371916281,-0.21088531972700328,30,1487015997,2.0,0.005,0.015,1.127914187799078,0.9451367667190038,0.9158459676390686,1.0542934395079824,1.0885434507771206,0.9749730588322588,0.9299405452554297,0.9310938313308972,1.0581396871062765
E-APIC,300.0,157.3,168.97127324110178,99.01788139045586,58.600423309333294,89.7038064511501,463.34839124809685,0.0,6,18.73417721518987,21.90605820070272,0.5660679212567336,-0.2909132158683236,30,1487015997,2.0,0.005,0.015,1.127914187799078,0.9451367667190038,0.9158459676390686,1.0542934395079824,1.0885434507771206,0.9749730588322588,0.9299405452554297,0.9310938313308972,1.0581396871062765
ME-APIC,300.0,157.3,169.3009313814561,99.51466668138565,58.77975145757863,89.35598878571025,457.95056126012673,0.0,7,22.78481012658228,17.539325802099295,0.5169616933722209,-0.09201987560631397,30,1487015997,2.0,0.005,0.015,1.127914187799078,0.9451367667190038,0.9158459676390686,1.0542934395079824,1.0885434507771206,0.9749730588322588,0.9299405452554297,0.9310938313308972,1.0581396871062765
Passive,350.0,188.825,194.72582178048663,170.11658004918405,87.36210662443914,97.05049697870086,1036.921031383339,0.0,0,0.0,0.0,0.0,0.0,30,1487015997,2.0,0.005,0.015,1.127914187799078,0.9451367667190038,0.9158459676390686,1.0542934395079824,1.0885434507771206,0.9749730588322588,0.9299405452554297,0.9310938313308972,1.0581396871062765
Continuous,350.0,188.825,192.58646827569117,166.9441777079576,86.68531034536333,90.35694641805597,1023.6221161846921,0.0,1,99.99999999999999,143.11271058095355,2.9757593899986268,-1.4091879556301643,30,1487015997,2.0,0.005,0.015,1.127914187799078,0.9451367667190038,0.9158459676390686,1.0542934395079824,1.0885434507771206,0.9749730588322588,0.9299405452554297,0.9310938313308972,1.0581396871062765
T-APIC,350.0,188.825,195.52400617452227,169.32711696336162,86.60170189650388,102.38304817149343,1000.8118646894761,0.0,7,26.923076923076923,23.99444260801774,0.9081183711208882,-0.23192037987508887,30,1487015997,2.0,0.005,0.015,1.127914187799078,0.9451367667190038,0.9158459676390686,1.0542934395079824,1.0885434507771206,0.9749730588322588,0.9299405452554297,0.9310938313308972,1.0581396871062765
E-APIC,350.0,188.825,196.84006464682972,172.90065640356863,87.83814246037099,103.5658418927088,1022.2337356228196,0.0,6,21.89349112426035,35.40054175296481,0.8536470372872127,-0.12131177131151284,30,1487015997,2.0,0.005,0.015,1.127914187799078,0.9451367667190038,0.9158459676390686,1.0542934395079824,1.0885434507771206,0.9749730588322588,0.9299405452554297,0.9310938313308972,1.0581396871062765
ME-APIC,350.0,188.825,194.29719365248835,168.476578852432,86.710762870699,102.13501463079314,1005.1051104735765,0.0,7,23.076923076923073,30.48409704290676,0.9236627801052537,-0.5136935496062258,30,1487015997,2.0,0.005,0.015,1.127914187799078,0.9451367667190038,0.9158459676390686,1.0542934395079824,1.0885434507771206,0.9749730588322588,0.9299405452554297,0.9310938313308972,1.0581396871062765
Passive,300.0,157.3,165.63370201875668,97.32174485744666,58.75721164912788,86.40628339047261,466.7904213610056,0.0,0,0.0,0.0,0.0,0.0,31,846018997,2.0,0.005,0.015,0.9300701579853949,1.047673293470207,0.913207546957975,0.9454333272162312,0.9800774298279661,1.0430623195635595,1.0069153479053916,1.0820737787056325,0.9409861510719811
Continuous,300.0,157.3,163.41034740720926,92.77893271746855,56.776657163740516,91.05240826994066,468.8184261936831,0.0,1,100.0,72.87091640338348,1.628187409052036,-0.5255620456818657,31,846018997,2.0,0.005,0.015,0.9300701579853949,1.047673293470207,0.913207546957975,0.9454333272162312,0.9800774298279661,1.0430623195635595,1.0069153479053916,1.0820737787056325,0.9409861510719811
T-APIC,300.0,157.3,165.76759109016928,96.05396278511881,57.94495905588099,90.58745687141294,474.3144612798722,0.0,8,27.594936708860757,22.125683668880406,0.6153704738511435,-0.16710869319700028,31,846018997,2.0,0.005,0.015,0.9300701579853949,1.047673293470207,0.913207546957975,0.9454333272162312,0.9800774298279661,1.0430623195635595,1.0069153479053916,1.0820737787056325,0.9409861510719811
E-APIC,300.0,157.3,166.62380486073366,96.05445830999712,57.647500241805595,90.58745687141294,477.4696688218948,0.0,6,18.73417721518987,17.145687982108594,0.4175026843903126,-0.0006330984281358758,31,846018997,2.0,0.005,0.015,0.9300701579853949,1.047673293470207,0.913207546957975,0.9454333272162312,0.9800774298279661,1.0430623195635595,1.0069153479053916,1.0820737787056325,0.9409861510719811
ME-APIC,300.0,157.3,165.66784764042615,96.27639038150114,58.114107083991506,90.13523595168948,471.8508577132552,0.0,7,22.531645569620252,14.72517801759047,0.4705506585358461,-0.08423504721343243,31,846018997,2.0,0.005,0.015,0.9300701579853949,1.047673293470207,0.913207546957975,0.9454333272162312,0.9800774298279661,1.0430623195635595,1.0069153479053916,1.0820737787056325,0.9409861510719811
Passive,350.0,188.825,192.15443181836756,171.58759221253734,89.29671337204918,98.56596441419345,1032.666115883126,0.0,0,0.0,0.0,0.0,0.0,31,846018997,2.0,0.005,0.015,0.9300701579853949,1.047673293470207,0.913207546957975,0.9454333272162312,0.9800774298279661,1.0430623195635595,1.0069153479053916,1.0820737787056325,0.9409861510719811
Continuous,350.0,188.825,191.0851577344633,169.89688457520168,88.91160704971897,102.66949037618923,1030.242147512735,0.0,1,99.99999999999999,132.00204582634572,2.838976598447351,-1.1705447322094604,31,846018997,2.0,0.005,0.015,0.9300701579853949,1.047673293470207,0.913207546957975,0.9454333272162312,0.9800774298279661,1.0430623195635595,1.0069153479053916,1.0820737787056325,0.9409861510719811
T-APIC,350.0,188.825,193.30272048097007,171.6310153314686,88.78872211649242,106.19355864234258,1009.1786843640149,0.0,7,26.923076923076923,23.4835549760372,0.8564998639718332,-0.16216750920131187,31,846018997,2.0,0.005,0.015,0.9300701579853949,1.047673293470207,0.913207546957975,0.9454333272162312,0.9800774298279661,1.0430623195635595,1.0069153479053916,1.0820737787056325,0.9409861510719811
E-APIC,350.0,188.825,195.90290974581131,174.77047573380767,89.21280238286228,106.19355864234258,1024.4199820866806,0.0,5,16.420118343195266,35.727650633412004,0.8752812934565848,0.3154004868805072,31,846018997,2.0,0.005,0.015,0.9300701579853949,1.047673293470207,0.913207546957975,0.9454333272162312,0.9800774298279661,1.0430623195635595,1.0069153479053916,1.0820737787056325,0.9409861510719811
ME-APIC,350.0,188.825,191.91837522896938,170.42069046065288,88.79852711202429,104.3145996248515,1009.3594069117357,0.0,7,22.781065088757394,25.110577841043554,0.8307550659945981,-0.4623430291192541,31,846018997,2.0,0.005,0.015,0.9300701579853949,1.047673293470207,0.913207546957975,0.9454333272162312,0.9800774298279661,1.0430623195635595,1.0069153479053916,1.0820737787056325,0.9409861510719811
Passive,300.0,157.3,165.21104702867405,99.04347188107441,59.94966660061443,81.5549224888332,460.22484536835856,0.0,0,0.0,0.0,0.0,0.0,32,1721734593,2.0,0.005,0.015,0.9948026176413166,1.0729147244345962,1.0772861248122458,1.0309331403800421,0.9535568894275582,1.0087511928524129,0.9204611028098449,1.0853521951829104,1.002351154012633
Continuous,300.0,157.3,163.12577566076007,94.51094795126826,57.9374703773457,87.53140353368052,460.7771445903516,0.0,1,100.0,77.10623910451211,1.6872402975670595,-0.5368354515634095,32,1721734593,2.0,0.005,0.015,0.9948026176413166,1.0729147244345962,1.0772861248122458,1.0309331403800421,0.9535568894275582,1.0087511928524129,0.9204611028098449,1.0853521951829104,1.002351154012633
T-APIC,300.0,157.3,165.34717730549832,97.81266190577638,59.15593087208015,86.37537026217294,465.57468881927076,0.0,8,27.594936708860757,21.57128382150157,0.5992765895258215,-0.20037152189056856,32,1721734593,2.0,0.005,0.015,0.9948026176413166,1.0729147244345962,1.0772861248122458,1.0309331403800421,0.9535568894275582,1.0087511928524129,0.9204611028098449,1.0853521951829104,1.002351154012633
E-APIC,300.0,157.3,166.22736109285117,97.91303360350946,58.9030788672734,86.37537026215347,468.66977211620843,0.0,6,18.73417721518987,16.225618675817874,0.41120189201155477,-0.02781339144311131,32,1721734593,2.0,0.005,0.015,0.9948026176413166,1.0729147244345962,1.0772861248122458,1.0309331403800421,0.9535568894275582,1.0087511928524129,0.9204611028098449,1.0853521951829104,1.002351154012633
ME-APIC,300.0,157.3,165.18194963242274,97.90580522660336,59.271491494362365,85.67025953866322,463.9622633569152,0.0,7,22.78481012658228,15.387912326178464,0.5008422342651974,-0.09018019684873875,32,1721734593,2.0,0.005,0.015,0.9948026176413166,1.0729147244345962,1.0772861248122458,1.0309331403800421,0.9535568894275582,1.0087511928524129,0.9204611028098449,1.0853521951829104,1.002351154012633
Passive,350.0,188.825,191.02143216693182,171.63745812062731,89.85246114720518,94.8131540590711,1023.7350838633043,0.0,0,0.0,0.0,0.0,0.0,32,1721734593,2.0,0.005,0.015,0.9948026176413166,1.0729147244345962,1.0772861248122458,1.0309331403800421,0.9535568894275582,1.0087511928524129,0.9204611028098449,1.0853521951829104,1.002351154012633
Continuous,350.0,188.825,190.11993095686472,169.9074919664098,89.36858493019292,92.3109341340025,1010.3634504163879,0.0,1,99.99999999999999,130.4735961549328,2.79528280062932,-1.187799053273589,32,1721734593,2.0,0.005,0.015,0.9948026176413166,1.0729147244345962,1.0772861248122458,1.0309331403800421,0.9535568894275582,1.0087511928524129,0.9204611028098449,1.0853521951829104,1.002351154012633
T-APIC,350.0,188.825,192.18765853419526,171.8218311925275,89.40315549031773,100.41738962453346,1004.7427667807463,0.0,7,26.923076923076923,20.88004722851657,0.8207581157246445,-0.1545492448008889,32,1721734593,2.0,0.005,0.015,0.9948026176413166,1.0729147244345962,1.0772861248122458,1.0309331403800421,0.9535568894275582,1.0087511928524129,0.9204611028098449,1.0853521951829104,1.002351154012633
E-APIC,350.0,188.825,193.62072255210202,174.77698040462732,90.26770383918799,100.41738962453346,1018.0140668551242,0.0,6,21.89349112426035,33.88793812400943,0.7439279714252719,0.01592272850831301,32,1721734593,2.0,0.005,0.015,0.9948026176413166,1.0729147244345962,1.0772861248122458,1.0309331403800421,0.9535568894275582,1.0087511928524129,0.9204611028098449,1.0853521951829104,1.002351154012633
ME-APIC,350.0,188.825,190.62634514723803,170.6164961464028,89.50310410380065,99.5776747218902,1006.0388515048685,0.0,7,22.928994082840234,23.593878557299,0.7961082130018293,-0.5228121261112952,32,1721734593,2.0,0.005,0.015,0.9948026176413166,1.0729147244345962,1.0772861248122458,1.0309331403800421,0.9535568894275582,1.0087511928524129,0.9204611028098449,1.0853521951829104,1.002351154012633
Passive,300.0,157.3,167.5764878163043,100.30060788976559,59.85362815320137,84.30565474864667,467.73501877221156,0.0,0,0.0,0.0,0.0,0.0,33,1260757524,2.0,0.005,0.015,1.163371452413955,1.0609812868336388,1.058578464297515,0.955795724838661,0.9760394220672842,1.019098512824371,0.9413987449247061,1.0026981780656155,1.0036274404663335
Continuous,300.0,157.3,165.19175236741037,95.4522765009547,57.78271320026621,88.84378598949583,468.891295907111,0.0,1,100.0,75.3946171043585,1.6702459807033008,-0.5731371848416593,33,1260757524,2.0,0.005,0.015,1.163371452413955,1.0609812868336388,1.058578464297515,0.955795724838661,0.9760394220672842,1.019098512824371,0.9413987449247061,1.0026981780656155,1.0036274404663335
T-APIC,300.0,157.3,167.66651988783852,98.98171068553174,59.03486918661288,88.65608428646922,474.5012314979858,0.0,8,27.594936708860757,21.86065250272248,0.6141558710933773,-0.2077195375245506,33,1260757524,2.0,0.005,0.015,1.163371452413955,1.0609812868336388,1.058578464297515,0.955795724838661,0.9760394220672842,1.019098512824371,0.9413987449247061,1.0026981780656155,1.0036274404663335
E-APIC,300.0,157.3,168.68720147193736,99.01129850930215,58.6952048794132,88.65608428646922,477.8405598207564,0.0,6,18.73417721518987,15.68822041395867,0.4387426392534351,0.002295346062811616,33,1260757524,2.0,0.005,0.015,1.163371452413955,1.0609812868336388,1.058578464297515,0.955795724838661,0.9760394220672842,1.019098512824371,0.9413987449247061,1.0026981780656155,1.0036274404663335
ME-APIC,300.0,157.3,167.54086881194078,99.06137961445299,59.126695663519676,88.43209294859787,472.3760287805227,0.0,7,22.78481012658228,16.075136912467276,0.5089087495283844,-0.10338201510209885,33,1260757524,2.0,0.005,0.015,1.163371452413955,1.0609812868336388,1.058578464297515,0.955795724838661,0.9760394220672842,1.019098512824371,0.9413987449247061,1.0026981780656155,1.0036274404663335
Passive,350.0,188.825,193.75735657228486,173.56889955528425,89.58054683747251,93.13783151053444,1042.3072267319849,0.0,0,0.0,0.0,0.0,0.0,33,1260757524,2.0,0.005,0.015,1.163371452413955,1.0609812868336388,1.058578464297515,0.955795724838661,0.9760394220672842,1.019098512824371,0.9413987449247061,1.0026981780656155,1.0036274404663335
Continuous,350.0,188.825,192.5039103859441,171.36677591395156,89.01989345067565,101.23115857648219,1035.0342492143873,0.0,1,99.99999999999999,132.40839955512791,2.872287772738886,-1.2431403026094865,33,1260757524,2.0,0.005,0.015,1.163371452413955,1.0609812868336388,1.058578464297515,0.955795724838661,0.9760394220672842,1.019098512824371,0.9413987449247061,1.0026981780656155,1.0036274404663335
T-APIC,350.0,188.825,194.8355444316312,173.48113653929792,89.03977816027985,100.91928530614979,1018.1769987925646,0.0,7,26.923076923076923,22.675626331079854,0.8608488325148886,-0.18610151071272682,33,1260757524,2.0,0.005,0.015,1.163371452413955,1.0609812868336388,1.058578464297515,0.955795724838661,0.9760394220672842,1.019098512824371,0.9413987449247061,1.0026981780656155,1.0036274404663335
E-APIC,350.0,188.825,196.0013252917007,175.33849631189958,89.45781159946266,100.91928530101431,1025.6564031936964,0.0,6,21.89349112426035,45.68902345280331,1.0619289530631886,-0.2864268665519796,33,1260757524,2.0,0.005,0.015,1.163371452413955,1.0609812868336388,1.058578464297515,0.955795724838661,0.9760394220672842,1.019098512824371,0.9413987449247061,1.0026981780656155,1.0036274404663335
ME-APIC,350.0,188.825,193.5771997122774,172.37628234901283,89.04782309343432,98.93170076060674,1019.1129715449001,0.0,7,23.076923076923073,26.665228080517164,0.8516011341304747,-0.477190927642089,33,1260757524,2.0,0.005,0.015,1.163371452413955,1.0609812868336388,1.058578464297515,0.955795724838661,0.9760394220672842,1.019098512824371,0.9413987449247061,1.0026981780656155,1.0036274404663335
Passive,300.0,157.3,167.16530976480476,99.87821932113565,59.748173506608815,82.51368614974838,458.75214372682046,0.0,0,0.0,0.0,0.0,0.0,34,2059590,2.0,0.005,0.015,1.1079573515400165,1.0872186441121923,0.9565135790986256,0.9783524880965042,1.0030970002562756,1.08732098889714,0.9518879215368612,1.0213553658037693,0.9402932123069105
Continuous,300.0,157.3,165.07531014659202,95.35045205454408,57.761788828305036,91.15243060425455,460.7181377335329,0.0,1,100.0,74.30515205244404,1.670705662789944,-0.5398184055800219,34,2059590,2.0,0.005,0.015,1.1079573515400165,1.0872186441121923,0.9565135790986256,0.9783524880965042,1.0030970002562756,1.08732098889714,0.9518879215368612,1.0213553658037693,0.9402932123069105
T-APIC,300.0,157.3,167.34609896317198,98.62434718473678,58.93435687822107,88.38332419775352,465.9159491768068,0.0,8,27.594936708860757,22.34493672436253,0.6258233542596825,-0.16821372675613233,34,2059590,2.0,0.005,0.015,1.1079573515400165,1.0872186441121923,0.9565135790986256,0.9783524880965042,1.0030970002562756,1.08732098889714,0.9518879215368612,1.0213553658037693,0.9402932123069105
E-APIC,300.0,157.3,167.2143809496769,98.6663516267054,59.005900728358405,88.38329052059271,468.62566128598286,0.0,7,23.41772151898734,21.29352963642546,0.5357308319771896,-0.1937972551592724,34,2059590,2.0,0.005,0.015,1.1079573515400165,1.0872186441121923,0.9565135790986256,0.9783524880965042,1.0030970002562756,1.08732098889714,0.9518879215368612,1.0213553658037693,0.9402932123069105
ME-APIC,300.0,157.3,167.28311321792881,98.82202359875072,59.07471573057699,87.23785929959027,463.81256068764,0.0,7,22.78481012658228,15.064492746992777,0.49100019230668335,-0.07857087672617048,34,2059590,2.0,0.005,0.015,1.1079573515400165,1.0872186441121923,0.9565135790986256,0.9783524880965042,1.0030970002562756,1.08732098889714,0.9518879215368612,1.0213553658037693,0.9402932123069105
Passive,350.0,188.825,193.6086993038467,174.94100919646033,90.35803134130374,93.36515461894068,1056.2400558894235,0.0,0,0.0,0.0,0.0,0.0,34,2059590,2.0,0.005,0.015,1.1079573515400165,1.0872186441121923,0.9565135790986256,0.9783524880965042,1.0030970002562756,1.08732098889714,0.9518879215368612,1.0213553658037693,0.9402932123069105
Continuous,350.0,188.825,192.75169479682097,173.30542652450876,89.91123357290816,101.85079600981342,1038.1887403005744,0.0,1,99.99999999999999,132.2699161620306,2.8666130298352073,-1.1682262241928012,34,2059590,2.0,0.005,0.015,1.1079573515400165,1.0872186441121923,0.9565135790986256,0.9783524880965042,1.0030970002562756,1.08732098889714,0.9518879215368612,1.0213553658037693,0.9402932123069105
T-APIC,350.0,188.825,194.8416927667099,174.9976359059012,89.8152923129401,100.80011410447716,1033.8526925348037,0.0,7,26.923076923076923,23.77383853732187,0.8765475487342347,-0.15738231548973158,34,2059590,2.0,0.005,0.015,1.1079573515400165,1.0872186441121923,0.9565135790986256,0.9783524880965042,1.0030970002562756,1.08732098889714,0.9518879215368612,1.0213553658037693,0.9402932123069105
E-APIC,350.0,188.825,197.37192580655582,178.24553005958757,90.30946490043674,100.80011410447716,1048.8015580842523,0.0,5,16.420118343195266,35.11323600861377,0.8678081819850081,0.3095690259037575,34,2059590,2.0,0.005,0.015,1.1079573515400165,1.0872186441121923,0.9565135790986256,0.9783524880965042,1.0030970002562756,1.08732098889714,0.9518879215368612,1.0213553658037693,0.9402932123069105
ME-APIC,350.0,188.825,193.3869418181627,173.60385816323523,89.77020709416406,98.98104080937863,1033.3585179574225,0.0,7,23.076923076923073,26.73447485841741,0.8586454947842362,-0.4706556599176153,34,2059590,2.0,0.005,0.015,1.1079573515400165,1.0872186441121923,0.9565135790986256,0.9783524880965042,1.0030970002562756,1.08732098889714,0.9518879215368612,1.0213553658037693,0.9402932123069105
Passive,300.0,157.3,168.7831437806173,99.34495192247772,58.85952216389886,85.92535811223702,466.158214479583,0.0,0,0.0,0.0,0.0,0.0,35,34551227,2.0,0.005,0.015,0.8221540911395668,0.959091335098331,0.9059906787888672,0.9854780660761259,0.9899004928015501,1.0491758185779039,1.0392179906723717,0.9475493809389132,1.0613737821751086
Continuous,300.0,157.3,166.16686970316826,94.18922966514117,56.68351930405613,90.75328804367706,462.3832401420077,0.0,1,100.0,77.96271979843289,1.6791062293171752,-0.6288202847173675,35,34551227,2.0,0.005,0.015,0.8221540911395668,0.959091335098331,0.9059906787888672,0.9854780660761259,0.9899004928015501,1.0491758185779039,1.0392179906723717,0.9475493809389132,1.0613737821751086
T-APIC,300.0,157.3,168.82578902353293,97.82489712629324,57.94428546260622,90.49305869698516,468.326644663278,0.0,8,27.594936708860757,24.090716664531325,0.6558581425362596,-0.16883790788714917,35,34551227,2.0,0.005,0.015,0.8221540911395668,0.959091335098331,0.9059906787888672,0.9854780660761259,0.9899004928015501,1.0491758185779039,1.0392179906723717,0.9475493809389132,1.0613737821751086
E-APIC,300.0,157.3,169.08762482836073,96.34202330331604,56.97757207312595,90.49305869698516,467.5205903674282,0.0,7,23.41772151898734,20.9384696218809,0.5666960042450561,-0.14758752575399234,35,34551227,2.0,0.005,0.015,0.8221540911395668,0.959091335098331,0.9059906787888672,0.9854780660761259,0.9899004928015501,1.0491758185779039,1.0392179906723717,0.9475493809389132,1.0613737821751086
ME-APIC,300.0,157.3,168.79635209350042,98.12313716493017,58.131076855604896,90.19324240176519,465.7923942844583,0.0,7,22.658227848101262,15.814186380928518,0.4747354200533954,-0.09958480609791381,35,34551227,2.0,0.005,0.015,0.8221540911395668,0.959091335098331,0.9059906787888672,0.9854780660761259,0.9899004928015501,1.0491758185779039,1.0392179906723717,0.9475493809389132,1.0613737821751086
Passive,350.0,188.825,194.88616254468377,170.63453241284876,87.55600201924312,96.49047740234623,1035.437844459724,0.0,0,0.0,0.0,0.0,0.0,35,34551227,2.0,0.005,0.015,0.8221540911395668,0.959091335098331,0.9059906787888672,0.9854780660761259,0.9899004928015501,1.0491758185779039,1.0392179906723717,0.9475493809389132,1.0613737821751086
Continuous,350.0,188.825,193.34914661069212,168.18153883672085,86.98333651058407,89.909299558876,1032.922699958007,0.0,1,99.99999999999999,139.27191418429427,2.9510823320358646,-1.2673950514741295,35,34551227,2.0,0.005,0.015,0.8221540911395668,0.959091335098331,0.9059906787888672,0.9854780660761259,0.9899004928015501,1.0491758185779039,1.0392179906723717,0.9475493809389132,1.0613737821751086
T-APIC,350.0,188.825,195.94030334341093,170.2283169410954,86.87764285163327,101.82883394413453,1009.3707250946751,0.0,7,26.923076923076923,23.925636288680273,0.9083821292334155,-0.17571318981268094,35,34551227,2.0,0.005,0.015,0.8221540911395668,0.959091335098331,0.9059906787888672,0.9854780660761259,0.9899004928015501,1.0491758185779039,1.0392179906723717,0.9475493809389132,1.0613737821751086
E-APIC,350.0,188.825,197.7809191691346,173.82853241620495,87.88943501043875,104.08889339915726,1024.4575162274982,0.0,6,21.89349112426035,36.36810890825071,0.8270764866697968,0.05788655804546823,35,34551227,2.0,0.005,0.015,0.8221540911395668,0.959091335098331,0.9059906787888672,0.9854780660761259,0.9899004928015501,1.0491758185779039,1.0392179906723717,0.9475493809389132,1.0613737821751086
ME-APIC,350.0,188.825,194.65773400583248,169.21925501694028,86.93168852559951,102.37553088958398,1009.016988037838,0.0,7,23.076923076923073,29.44408158670067,0.898867598175782,-0.45918449176012316,35,34551227,2.0,0.005,0.015,0.8221540911395668,0.959091335098331,0.9059906787888672,0.9854780660761259,0.9899004928015501,1.0491758185779039,1.0392179906723717,0.9475493809389132,1.0613737821751086
Passive,300.0,157.3,169.28573891933928,102.06335028928562,60.29057789558779,82.3709104785482,463.8349515735011,0.0,0,0.0,0.0,0.0,0.0,36,477813858,2.0,0.005,0.015,0.8258611382831228,1.0589100982556892,0.9485109349622711,1.0186886768054837,1.0973995335880153,1.000888829058833,1.040220167307384,0.9648812953804474,1.035959406746327
Continuous,300.0,157.3,166.45159576560866,96.84877904357583,58.18434998962396,86.8381836000215,466.215896018387,0.0,1,100.0,78.80510481763149,1.731237415844731,-0.6188854425161482,36,477813858,2.0,0.005,0.015,0.8258611382831228,1.0589100982556892,0.9485109349622711,1.0186886768054837,1.0973995335880153,1.000888829058833,1.040220167307384,0.9648812953804474,1.035959406746327
T-APIC,300.0,157.3,169.31485896794004,100.68365594255552,59.46533963780467,86.53838772436504,472.4222271682016,0.0,8,27.594936708860757,23.201022387767992,0.6380803227332871,-0.19035401883143038,36,477813858,2.0,0.005,0.015,0.8258611382831228,1.0589100982556892,0.9485109349622711,1.0186886768054837,1.0973995335880153,1.000888829058833,1.040220167307384,0.9648812953804474,1.035959406746327
E-APIC,300.0,157.3,170.21915508581154,100.70647003676554,59.16283040295729,86.53838772436504,475.61258453549397,0.0,6,18.73417721518987,18.15658107501043,0.4125338919173513,-0.015128448497824428,36,477813858,2.0,0.005,0.015,0.8258611382831228,1.0589100982556892,0.9485109349622711,1.0186886768054837,1.0973995335880153,1.000888829058833,1.040220167307384,0.9648812953804474,1.035959406746327
ME-APIC,300.0,157.3,169.22118619871551,100.85792200616856,59.60123804340412,86.07956020873446,469.66926259500013,0.0,7,22.78481012658228,16.062172017752633,0.5102889332949004,-0.08603334577576438,36,477813858,2.0,0.005,0.015,0.8258611382831228,1.0589100982556892,0.9485109349622711,1.0186886768054837,1.0973995335880153,1.000888829058833,1.040220167307384,0.9648812953804474,1.035959406746327
Passive,350.0,188.825,195.42573278390256,177.2650878163409,90.70713733096588,97.98958379563669,1079.6698317601567,0.0,0,0.0,0.0,0.0,0.0,36,477813858,2.0,0.005,0.015,0.8258611382831228,1.0589100982556892,0.9485109349622711,1.0186886768054837,1.0973995335880153,1.000888829058833,1.040220167307384,0.9648812953804474,1.035959406746327
Continuous,350.0,188.825,193.73989540514827,174.77334993974347,90.21030468415293,96.5523573975478,1065.770941114649,0.0,1,99.99999999999999,137.77392599994224,2.942176398262875,-1.3292198948659635,36,477813858,2.0,0.005,0.015,0.8258611382831228,1.0589100982556892,0.9485109349622711,1.0186886768054837,1.0973995335880153,1.000888829058833,1.040220167307384,0.9648812953804474,1.035959406746327
T-APIC,350.0,188.825,196.44301122373867,176.88949418663378,90.04621395523488,101.30736014633253,1047.43533724168,0.0,7,26.923076923076923,23.985133735986956,0.902373321490667,-0.1951417981275037,36,477813858,2.0,0.005,0.015,0.8258611382831228,1.0589100982556892,0.9485109349622711,1.0186886768054837,1.0973995335880153,1.000888829058833,1.040220167307384,0.9648812953804474,1.035959406746327
E-APIC,350.0,188.825,197.08997437680205,178.50941352030503,90.57254895118399,101.30736014633253,1056.9397644110059,0.0,7,27.36686390532544,48.824256016424144,1.1779111292703457,-0.43330207422094325,36,477813858,2.0,0.005,0.015,0.8258611382831228,1.0589100982556892,0.9485109349622711,1.0186886768054837,1.0973995335880153,1.000888829058833,1.040220167307384,0.9648812953804474,1.035959406746327
ME-APIC,350.0,188.825,195.19722768391145,175.9166378442771,90.12250836325607,100.86978610171239,1050.8699138312363,0.0,7,23.076923076923073,27.92384606981565,0.8950018666844833,-0.47238338810120756,36,477813858,2.0,0.005,0.015,0.8258611382831228,1.0589100982556892,0.9485109349622711,1.0186886768054837,1.0973995335880153,1.000888829058833,1.040220167307384,0.9648812953804474,1.035959406746327
Passive,300.0,157.3,168.3412455680222,101.49144329153485,60.289112718085995,83.3127999273165,465.11990247840583,0.0,0,0.0,0.0,0.0,0.0,37,75163610,2.0,0.005,0.015,0.9884551405946854,1.0484983096027078,0.9140567946979127,0.9576248141267675,1.0912814870372116,1.069658627187236,0.9449817812578344,1.011924681061304,1.0299630113198914
Continuous,300.0,157.3,165.95631384062375,96.691049544648,58.26295324774766,90.06972667084689,467.2881828037318,0.0,1,100.0,73.03482157733575,1.6113179174308025,-0.5762213465390446,37,75163610,2.0,0.005,0.015,0.9884551405946854,1.0484983096027078,0.9140567946979127,0.9576248141267675,1.0912814870372116,1.069658627187236,0.9449817812578344,1.011924681061304,1.0299630113198914
T-APIC,300.0,157.3,168.45118864872722,100.15612813795597,59.45706227506203,89.37599678615662,472.9733414026983,0.0,8,27.594936708860757,23.47757928897492,0.655394097238069,-0.15832883614455195,37,75163610,2.0,0.005,0.015,0.9884551405946854,1.0484983096027078,0.9140567946979127,0.9576248141267675,1.0912814870372116,1.069658627187236,0.9449817812578344,1.011924681061304,1.0299630113198914
E-APIC,300.0,157.3,168.55229238724274,98.60002835225441,58.49818294118744,89.37599678616179,474.29588530107156,0.0,6,18.73417721518987,23.628778667319427,0.547971669180142,-0.16780894150326497,37,75163610,2.0,0.005,0.015,0.9884551405946854,1.0484983096027078,0.9140567946979127,0.9576248141267675,1.0912814870372116,1.069658627187236,0.9449817812578344,1.011924681061304,1.0299630113198914
ME-APIC,300.0,157.3,168.38446755598548,100.38761077174078,59.618094369876076,88.41070154115997,470.22544250973726,0.0,7,22.78481012658228,15.134661513675413,0.45778535782106683,-0.0899471738336413,37,75163610,2.0,0.005,0.015,0.9884551405946854,1.0484983096027078,0.9140567946979127,0.9576248141267675,1.0912814870372116,1.069658627187236,0.9449817812578344,1.011924681061304,1.0299630113198914
Passive,350.0,188.825,194.52567152719294,175.60816256386622,90.27505788063442,95.61598819753601,1068.1645426660195,0.0,0,0.0,0.0,0.0,0.0,37,75163610,2.0,0.005,0.015,0.9884551405946854,1.0484983096027078,0.9140567946979127,0.9576248141267675,1.0912814870372116,1.069658627187236,0.9449817812578344,1.011924681061304,1.0299630113198914
Continuous,350.0,188.825,193.3013882023892,173.94305719963984,89.98541542677339,91.87890322360414,1067.186854147827,0.0,1,99.99999999999999,134.608732122311,2.8836004109454043,-1.2002620275717106,37,75163610,2.0,0.005,0.015,0.9884551405946854,1.0484983096027078,0.9140567946979127,0.9576248141267675,1.0912814870372116,1.069658627187236,0.9449817812578344,1.011924681061304,1.0299630113198914
T-APIC,350.0,188.825,195.69531554409207,175.6341655011485,89.74878372169128,101.80830731641022,1044.6197261573366,0.0,7,26.923076923076923,23.27948520306651,0.882654472385414,-0.14611875304127878,37,75163610,2.0,0.005,0.015,0.9884551405946854,1.0484983096027078,0.9140567946979127,0.9576248141267675,1.0912814870372116,1.069658627187236,0.9449817812578344,1.011924681061304,1.0299630113198914
E-APIC,350.0,188.825,196.5084521226228,179.00335568984755,91.09193714382732,101.80830731641022,1058.978378658656,0.0,6,21.89349112426035,39.76973009108812,0.92019311928311,-0.18015690706711837,37,75163610,2.0,0.005,0.015,0.9884551405946854,1.0484983096027078,0.9140567946979127,0.9576248141267675,1.0912814870372116,1.069658627187236,0.9449817812578344,1.011924681061304,1.0299630113198914
ME-APIC,350.0,188.825,194.38402232556567,174.5213265914448,89.78172408591603,100.5908623180921,1044.39732090845,0.0,7,23.076923076923073,27.0884288569296,0.8569959103421653,-0.440538331218069,37,75163610,2.0,0.005,0.015,0.9884551405946854,1.0484983096027078,0.9140567946979127,0.9576248141267675,1.0912814870372116,1.069658627187236,0.9449817812578344,1.011924681061304,1.0299630113198914
Passive,300.0,157.3,166.4127810229005,98.73388219638869,59.330708608734604,83.07117963578052,467.42721722595957,0.0,0,0.0,0.0,0.0,0.0,38,1285041114,2.0,0.005,0.015,1.0712184251726355,1.0557936950556095,0.9553065693778422,0.9151555600411116,1.0022822805156058,0.9732634406655709,0.9680151783391118,1.065117419605275,0.9278898324852092
Continuous,300.0,157.3,163.72042742880438,93.89044617155217,57.34803386851739,87.44303347858343,468.04347397543603,0.0,1,100.0,75.75251884774713,1.6720591304741872,-0.5643503813515773,38,1285041114,2.0,0.005,0.015,1.0712184251726355,1.0557936950556095,0.9553065693778422,0.9151555600411116,1.0022822805156058,0.9732634406655709,0.9680151783391118,1.065117419605275,0.9278898324852092
T-APIC,300.0,157.3,166.42176768385983,97.44470542689767,58.55286047195868,87.00042886433228,473.9915997541874,0.0,8,27.594936708860757,22.61343803378727,0.6229610753358663,-0.1928592272737465,38,1285041114,2.0,0.005,0.015,1.0712184251726355,1.0557936950556095,0.9553065693778422,0.9151555600411116,1.0022822805156058,0.9732634406655709,0.9680151783391118,1.065117419605275,0.9278898324852092
E-APIC,300.0,157.3,166.36076334063816,96.51916482613173,58.01798626548757,87.00042886433228,471.5813857995594,0.0,6,18.73417721518987,21.148075927558242,0.5149178546529719,-0.21680733527760654,38,1285041114,2.0,0.005,0.015,1.0712184251726355,1.0557936950556095,0.9553065693778422,0.9151555600411116,1.0022822805156058,0.9732634406655709,0.9680151783391118,1.065117419605275,0.9278898324852092
ME-APIC,300.0,157.3,166.32442881906695,97.638902902174,58.70388589062207,86.57297338650127,471.6047041074498,0.0,7,22.658227848101262,15.208475154410841,0.48028556061155125,-0.08749934410060899,38,1285041114,2.0,0.005,0.015,1.0712184251726355,1.0557936950556095,0.9553065693778422,0.9151555600411116,1.0022822805156058,0.9732634406655709,0.9680151783391118,1.065117419605275,0.9278898324852092
Passive,350.0,188.825,193.01400890279768,174.05522708192134,90.17750994933013,99.09025126473792,1052.0257038960372,0.0,0,0.0,0.0,0.0,0.0,38,1285041114,2.0,0.005,0.015,1.0712184251726355,1.0557936950556095,0.9553065693778422,0.9151555600411116,1.0022822805156058,0.9732634406655709,0.9680151783391118,1.065117419605275,0.9278898324852092
Continuous,350.0,188.825,191.4217947263505,171.91605813706616,89.8100753797816,95.5506284907526,1044.9168002275037,0.0,1,99.99999999999999,134.27670176366544,2.841058973898741,-1.281096013758985,38,1285041114,2.0,0.005,0.015,1.0712184251726355,1.0557936950556095,0.9553065693778422,0.9151555600411116,1.0022822805156058,0.9732634406655709,0.9680151783391118,1.065117419605275,0.9278898324852092
T-APIC,350.0,188.825,193.99757110342696,173.84179233457323,89.61029323500757,104.20387969050392,1026.918505341917,0.0,7,26.923076923076923,22.19780953503619,0.8509402505470685,-0.17981511582865706,38,1285041114,2.0,0.005,0.015,1.0712184251726355,1.0557936950556095,0.9553065693778422,0.9151555600411116,1.0022822805156058,0.9732634406655709,0.9680151783391118,1.065117419605275,0.9278898324852092
E-APIC,350.0,188.825,194.67056115743932,175.54438466923568,90.17510589455003,104.20387969050392,1036.7148286235927,0.0,7,27.36686390532544,49.12939652035494,1.10987960117754,-0.4170407112426026,38,1285041114,2.0,0.005,0.015,1.0712184251726355,1.0557936950556095,0.9553065693778422,0.9151555600411116,1.0022822805156058,0.9732634406655709,0.9680151783391118,1.065117419605275,0.9278898324852092
ME-APIC,350.0,188.825,192.6883504488961,173.04339818502882,89.80480541864547,103.51498370098973,1030.659263641628,0.0,7,22.633136094674555,24.46380116833889,0.8333969372005077,-0.49053970453956747,38,1285041114,2.0,0.005,0.015,1.0712184251726355,1.0557936950556095,0.9553065693778422,0.9151555600411116,1.0022822805156058,0.9732634406655709,0.9680151783391118,1.065117419605275,0.9278898324852092
Passive,300.0,157.3,169.70435979975898,102.1476401617173,60.1915238254606,80.7993898375458,466.52823010367325,0.0,0,0.0,0.0,0.0,0.0,39,505855537,2.0,0.005,0.015,1.1923896362887287,1.023495729775116,1.0411325846643245,0.9692271111275949,1.0233417238594782,1.0113288818167714,1.0244956087220498,0.9171730065388521,0.9095616626285038
Continuous,300.0,157.3,166.8894093590469,96.94696573773078,58.090543977634,87.40352631122981,467.0363963515687,0.0,1,100.0,79.45687262761156,1.7527369156477886,-0.6390619562660246,39,505855537,2.0,0.005,0.015,1.1923896362887287,1.023495729775116,1.0411325846643245,0.9692271111275949,1.0233417238594782,1.0113288818167714,1.0244956087220498,0.9171730065388521,0.9095616626285038
T-APIC,300.0,157.3,169.63905694315858,100.67965133177641,59.34933449053033,86.67712495779344,467.61889330146573,0.0,8,27.594936708860757,23.88868860801004,0.6588769456871065,-0.23229249827237594,39,505855537,2.0,0.005,0.015,1.1923896362887287,1.023495729775116,1.0411325846643245,0.9692271111275949,1.0233417238594782,1.0113288818167714,1.0244956087220498,0.9171730065388521,0.9095616626285038
E-APIC,300.0,157.3,169.60794014987013,99.23820144114207,58.51035119785814,86.67712492884154,463.57348646558023,0.0,7,23.41772151898734,17.545027745143468,0.515005429700005,-0.24438482549588164,39,505855537,2.0,0.005,0.015,1.1923896362887287,1.023495729775116,1.0411325846643245,0.9692271111275949,1.0233417238594782,1.0113288818167714,1.0244956087220498,0.9171730065388521,0.9095616626285038
ME-APIC,300.0,157.3,169.11271652028685,100.45382923513266,59.40051777423974,85.65801590174596,467.70586703447873,0.0,7,22.78481012658228,17.186102234954298,0.6375682375691856,-0.15528229435783308,39,505855537,2.0,0.005,0.015,1.1923896362887287,1.023495729775116,1.0411325846643245,0.9692271111275949,1.0233417238594782,1.0113288818167714,1.0244956087220498,0.9171730065388521,0.9095616626285038
Passive,350.0,188.825,195.6821565334518,174.41486444623627,89.13171621573994,91.0744726666848,1060.6584418680004,0.0,0,0.0,0.0,0.0,0.0,39,505855537,2.0,0.005,0.015,1.1923896362887287,1.023495729775116,1.0411325846643245,0.9692271111275949,1.0233417238594782,1.0113288818167714,1.0244956087220498,0.9171730065388521,0.9095616626285038
Continuous,350.0,188.825,193.9960190100687,171.81525754075525,88.5663831750268,99.03270094086204,1029.7923397777465,0.0,1,99.99999999999999,138.33081493773597,2.948744361660191,-1.3636526002256095,39,505855537,2.0,0.005,0.015,1.1923896362887287,1.023495729775116,1.0411325846643245,0.9692271111275949,1.0233417238594782,1.0113288818167714,1.0244956087220498,0.9171730065388521,0.9095616626285038
T-APIC,350.0,188.825,196.65606985458666,174.06649316230894,88.51315562800522,98.22775811118936,1036.7527751170308,0.0,7,26.923076923076923,22.233141304264954,0.8754763059405063,-0.19928385074668684,39,505855537,2.0,0.005,0.015,1.1923896362887287,1.023495729775116,1.0411325846643245,0.9692271111275949,1.0233417238594782,1.0113288818167714,1.0244956087220498,0.9171730065388521,0.9095616626285038
E-APIC,350.0,188.825,197.3551139798046,175.43290870535222,88.89200039848184,98.22775811118936,1044.590049367727,0.0,7,27.36686390532544,42.4080113168323,1.013621479707456,-0.2619221906052547,39,505855537,2.0,0.005,0.015,1.1923896362887287,1.023495729775116,1.0411325846643245,0.9692271111275949,1.0233417238594782,1.0113288818167714,1.0244956087220498,0.9171730065388521,0.9095616626285038
ME-APIC,350.0,188.825,195.3696372946438,173.1212205572423,88.61214206798783,96.50893831365137,1039.0427341054644,0.0,7,23.076923076923073,28.21533391771357,0.8969095428496446,-0.5051409992741057,39,505855537,2.0,0.005,0.015,1.1923896362887287,1.023495729775116,1.0411325846643245,0.9692271111275949,1.0233417238594782,1.0113288818167714,1.0244956087220498,0.9171730065388521,0.9095616626285038
Passive,300.0,157.3,167.0458769382017,98.33835211148721,58.86906873365531,82.71534937757748,474.3953325309517,0.0,0,0.0,0.0,0.0,0.0,40,42324650,2.0,0.005,0.015,0.9992483091506208,0.9519753919875146,1.057097145894724,0.9213759453424148,0.9172136465763491,1.0846152569418346,0.9464631145937163,1.0061046180668598,1.0907645145169296
Continuous,300.0,157.3,165.01646318790364,93.53751873194567,56.68374956348134,91.02976019789602,471.17687592767373,0.0,1,100.0,72.5311410852215,1.5871117227594815,-0.5583362069519127,40,42324650,2.0,0.005,0.015,0.9992483091506208,0.9519753919875146,1.057097145894724,0.9213759453424148,0.9172136465763491,1.0846152569418346,0.9464631145937163,1.0061046180668598,1.0907645145169296
T-APIC,300.0,157.3,167.24406016648584,96.9046489584879,57.94205717202906,88.89351874167016,471.8739147174875,0.0,8,27.594936708860757,22.45209905373056,0.6191645521462924,-0.17291254511631327,40,42324650,2.0,0.005,0.015,0.9992483091506208,0.9519753919875146,1.057097145894724,0.9213759453424148,0.9172136465763491,1.0846152569418346,0.9464631145937163,1.0061046180668598,1.0907645145169296
E-APIC,300.0,157.3,168.23647874727288,96.83145318970212,57.55675220423725,88.8935008509649,475.48274477741575,0.0,6,18.73417721518987,16.5697199163852,0.4578124473712772,0.026992072483198605,40,42324650,2.0,0.005,0.015,0.9992483091506208,0.9519753919875146,1.057097145894724,0.9213759453424148,0.9172136465763491,1.0846152569418346,0.9464631145937163,1.0061046180668598,1.0907645145169296
ME-APIC,300.0,157.3,167.10015402300317,97.0751734831657,58.09400598745243,87.68018041400748,471.18061563004727,0.0,7,22.658227848101262,15.373437602962825,0.4642852824357906,-0.11304778701746769,40,42324650,2.0,0.005,0.015,0.9992483091506208,0.9519753919875146,1.057097145894724,0.9213759453424148,0.9172136465763491,1.0846152569418346,0.9464631145937163,1.0061046180668598,1.0907645145169296
Passive,350.0,188.825,192.39322581777236,166.0372497105477,86.30098539322374,90.99109955035682,992.2163242501331,0.0,0,0.0,0.0,0.0,0.0,40,42324650,2.0,0.005,0.015,0.9992483091506208,0.9519753919875146,1.057097145894724,0.9213759453424148,0.9172136465763491,1.0846152569418346,0.9464631145937163,1.0061046180668598,1.0907645145169296
Continuous,350.0,188.825,191.4315248412491,164.03495338817348,85.68857899669602,93.9985720148839,1000.5913724661892,0.0,1,99.99999999999999,131.79331658389157,2.8652266291374073,-1.1502969803303658,40,42324650,2.0,0.005,0.015,0.9992483091506208,0.9519753919875146,1.057097145894724,0.9213759453424148,0.9172136465763491,1.0846152569418346,0.9464631145937163,1.0061046180668598,1.0907645145169296
T-APIC,350.0,188.825,193.57693444952716,165.94687527298964,85.72657467941166,98.75401283193577,975.7944178812728,0.0,7,26.923076923076923,22.9277439263578,0.8686083247732578,-0.1576635379864461,40,42324650,2.0,0.005,0.015,0.9992483091506208,0.9519753919875146,1.057097145894724,0.9213759453424148,0.9172136465763491,1.0846152569418346,0.9464631145937163,1.0061046180668598,1.0907645145169296
E-APIC,350.0,188.825,195.07379355630837,169.02758736329181,86.648023951255,98.75401283193577,987.0388975840407,0.0,6,21.89349112426035,34.16852922268322,0.7766333856918364,0.023766870654416968,40,42324650,2.0,0.005,0.015,0.9992483091506208,0.9519753919875146,1.057097145894724,0.9213759453424148,0.9172136465763491,1.0846152569418346,0.9464631145937163,1.0061046180668598,1.0907645145169296
ME-APIC,350.0,188.825,192.27522291748653,164.83997726990611,85.73126311789323,96.8395741953982,972.8549952644844,0.0,7,23.076923076923073,27.82379999460675,0.8522409603380747,-0.4588344241977767,40,42324650,2.0,0.005,0.015,0.9992483091506208,0.9519753919875146,1.057097145894724,0.9213759453424148,0.9172136465763491,1.0846152569418346,0.9464631145937163,1.0061046180668598,1.0907645145169296
Passive,300.0,157.3,166.26236042603713,98.0833763595911,58.99313356808988,79.07673212298401,462.8662860105881,0.0,0,0.0,0.0,0.0,0.0,41,499998819,2.0,0.005,0.015,1.0502754452893774,0.95287082956709,1.0736583588241804,0.97882017562298,0.9374811884737722,1.0241956952367883,0.9279414350833283,1.0302974506416993,0.951005360951656
Continuous,300.0,157.3,163.98980612737353,93.28083608443724,56.88209425162958,83.30629421202715,459.90858221208794,0.0,1,100.0,75.71220377215,1.6624486546303303,-0.5619984048818086,41,499998819,2.0,0.005,0.015,1.0502754452893774,0.95287082956709,1.0736583588241804,0.97882017562298,0.9374811884737722,1.0241956952367883,0.9279414350833283,1.0302974506416993,0.951005360951656
T-APIC,300.0,157.3,166.38030270603042,96.699372246134,58.119483300248355,82.89302415607526,465.32523271401567,0.0,8,27.594936708860757,22.606708190346296,0.6200479046229128,-0.2012155177808319,41,499998819,2.0,0.005,0.015,1.0502754452893774,0.95287082956709,1.0736583588241804,0.97882017562298,0.9374811884737722,1.0241956952367883,0.9279414350833283,1.0302974506416993,0.951005360951656
E-APIC,300.0,157.3,166.0212955097343,95.471944218812,57.50584220276381,82.89302415607526,468.1136190309485,0.0,7,23.41772151898734,32.230855265303326,0.6772416352180174,-0.29164367114139034,41,499998819,2.0,0.005,0.015,1.0502754452893774,0.95287082956709,1.0736583588241804,0.97882017562298,0.9374811884737722,1.0241956952367883,0.9279414350833283,1.0302974506416993,0.951005360951656
ME-APIC,300.0,157.3,166.23331846477643,96.88697245781314,58.28372636280057,82.47749231517709,463.3424425321833,0.0,7,22.78481012658228,15.827772485318283,0.4860017740768786,-0.10828549611474589,41,499998819,2.0,0.005,0.015,1.0502754452893774,0.95287082956709,1.0736583588241804,0.97882017562298,0.9374811884737722,1.0241956952367883,0.9279414350833283,1.0302974506416993,0.951005360951656
Passive,350.0,188.825,191.41151017296318,165.61623300608613,86.52365411904023,95.74401103037044,991.6799512714031,0.0,0,0.0,0.0,0.0,0.0,41,499998819,2.0,0.005,0.015,1.0502754452893774,0.95287082956709,1.0736583588241804,0.97882017562298,0.9374811884737722,1.0241956952367883,0.9279414350833283,1.0302974506416993,0.951005360951656
Continuous,350.0,188.825,190.23256384920703,163.61088495208605,86.00571933718805,95.00434515316955,991.4569557415006,0.0,1,99.99999999999999,133.22921300713003,2.859274738095753,-1.2257526242668122,41,499998819,2.0,0.005,0.015,1.0502754452893774,0.95287082956709,1.0736583588241804,0.97882017562298,0.9374811884737722,1.0241956952367883,0.9279414350833283,1.0302974506416993,0.951005360951656
T-APIC,350.0,188.825,192.52352708567545,165.61556223311365,86.02354462341248,98.8655999544264,970.2025032265693,0.0,7,26.923076923076923,21.147334678416595,0.8302200660461639,-0.16047927344561483,41,499998819,2.0,0.005,0.015,1.0502754452893774,0.95287082956709,1.0736583588241804,0.97882017562298,0.9374811884737722,1.0241956952367883,0.9279414350833283,1.0302974506416993,0.951005360951656
E-APIC,350.0,188.825,193.88879217100308,168.51114916441256,86.91123776550822,98.8655999544264,984.4710820858861,0.0,6,21.89349112426035,34.32221728519228,0.7715715572251984,-0.01796980793517746,41,499998819,2.0,0.005,0.015,1.0502754452893774,0.95287082956709,1.0736583588241804,0.97882017562298,0.9374811884737722,1.0241956952367883,0.9279414350833283,1.0302974506416993,0.951005360951656
ME-APIC,350.0,188.825,191.06811819579443,164.57336704474994,86.13334793830211,98.44664109013851,971.6429073749989,0.0,7,22.928994082840234,24.775236756482965,0.8260148396381671,-0.5130149351638752,41,499998819,2.0,0.005,0.015,1.0502754452893774,0.95287082956709,1.0736583588241804,0.97882017562298,0.9374811884737722,1.0241956952367883,0.9279414350833283,1.0302974506416993,0.951005360951656
Passive,300.0,157.3,167.5037389701857,98.45785641638797,58.77949771253324,86.454762907039,457.50352982320715,0.0,0,0.0,0.0,0.0,0.0,42,1886942636,2.0,0.005,0.015,0.9269217841977545,1.022442777662939,0.9326056557362163,1.0845215660439005,0.9590453576315005,1.0333740670839322,1.094636685318089,0.9685455663658019,0.9012775642833339
Continuous,300.0,157.3,165.04814293372257,93.42445337015093,56.60436507163055,92.40049751083778,457.8296526655079,0.0,1,100.0,79.29679638588192,1.7484158465210247,-0.568047226069793,42,1886942636,2.0,0.005,0.015,0.9269217841977545,1.022442777662939,0.9326056557362163,1.0845215660439005,0.9590453576315005,1.0333740670839322,1.094636685318089,0.9685455663658019,0.9012775642833339
T-APIC,300.0,157.3,167.5539080379855,97.04140669948183,57.91652837932133,91.97713644567139,463.52943250857663,0.0,8,27.594936708860757,22.074893679938395,0.6157121925485307,-0.20093671796099266,42,1886942636,2.0,0.005,0.015,0.9269217841977545,1.022442777662939,0.9326056557362163,1.0845215660439005,0.9590453576315005,1.0333740670839322,1.094636685318089,0.9685455663658019,0.9012775642833339
E-APIC,300.0,157.3,167.4014229754313,96.86447374814861,57.86359042023492,91.97713644567139,464.7389389870509,0.0,6,18.73417721518987,20.673542303170567,0.5334264339334305,-0.2385802763862729,42,1886942636,2.0,0.005,0.015,0.9269217841977545,1.022442777662939,0.9326056557362163,1.0845215660439005,0.9590453576315005,1.0333740670839322,1.094636685318089,0.9685455663658019,0.9012775642833339
ME-APIC,300.0,157.3,167.49469842470782,97.25147250345225,58.062418344046094,91.29202047592567,461.4735655434427,0.0,7,22.658227848101262,15.824793894279152,0.5178755834937809,-0.08873517034451181,42,1886942636,2.0,0.005,0.015,0.9269217841977545,1.022442777662939,0.9326056557362163,1.0845215660439005,0.9590453576315005,1.0333740670839322,1.094636685318089,0.9685455663658019,0.9012775642833339
Passive,350.0,188.825,193.99162429182255,172.27802861149638,88.8069416607068,98.33294477711242,1040.3949327074636,0.0,0,0.0,0.0,0.0,0.0,42,1886942636,2.0,0.005,0.015,0.9269217841977545,1.022442777662939,0.9326056557362163,1.0845215660439005,0.9590453576315005,1.0333740670839322,1.094636685318089,0.9685455663658019,0.9012775642833339
Continuous,350.0,188.825,192.72880377239971,169.867322219892,88.13800474810935,106.0405184322354,1009.7754139604025,0.0,1,99.99999999999999,136.2413788015053,2.926492770517141,-1.2769575464189853,42,1886942636,2.0,0.005,0.015,0.9269217841977545,1.022442777662939,0.9326056557362163,1.0845215660439005,0.9590453576315005,1.0333740670839322,1.094636685318089,0.9685455663658019,0.9012775642833339
T-APIC,350.0,188.825,195.07283374382726,172.0017774367607,88.17310649346294,106.04321328368749,1019.8664737247749,0.0,7,26.923076923076923,23.42876803207922,0.8880532883937979,-0.19223243771445095,42,1886942636,2.0,0.005,0.015,0.9269217841977545,1.022442777662939,0.9326056557362163,1.0845215660439005,0.9590453576315005,1.0333740670839322,1.094636685318089,0.9685455663658019,0.9012775642833339
E-APIC,350.0,188.825,197.6262839617939,175.24826507897458,88.67659785216347,106.04321327905666,1035.175808449824,0.0,5,16.420118343195266,35.012650712415265,0.8616176563713616,0.2819266528618298,42,1886942636,2.0,0.005,0.015,0.9269217841977545,1.022442777662939,0.9326056557362163,1.0845215660439005,0.9590453576315005,1.0333740670839322,1.094636685318089,0.9685455663658019,0.9012775642833339
ME-APIC,350.0,188.825,193.75656951016984,170.884906744024,88.19567108151894,104.03104840085985,1020.4143414425473,0.0,7,23.076923076923073,27.01698703475101,0.8745469667013919,-0.4836435858222722,42,1886942636,2.0,0.005,0.015,0.9269217841977545,1.022442777662939,0.9326056557362163,1.0845215660439005,0.9590453576315005,1.0333740670839322,1.094636685318089,0.9685455663658019,0.9012775642833339
Passive,300.0,157.3,166.96411860893858,98.81123565029353,59.181120155359885,82.21209821055177,452.89423589963513,0.0,0,0.0,0.0,0.0,0.0,43,5052134,2.0,0.005,0.015,0.953172709191576,0.9338839136375073,0.9706322216605654,0.9798808623372645,1.0943842817804477,0.9609400353273675,1.0408155720017442,1.0462264398642847,0.9681740338756123
Continuous,300.0,157.3,163.98039994613018,93.50953341820559,57.02482336238036,85.57921337577362,454.49894256535543,0.0,1,100.0,77.29550035811134,1.6711942917951152,-0.6180966086580016,43,5052134,2.0,0.005,0.015,0.953172709191576,0.9338839136375073,0.9706322216605654,0.9798808623372645,1.0943842817804477,0.9609400353273675,1.0408155720017442,1.0462264398642847,0.9681740338756123
T-APIC,300.0,157.3,166.87572871303897,97.33319100942346,58.32675114593717,85.35424859414206,460.8950876880948,0.0,8,27.594936708860757,23.409376738020597,0.6285320827782256,-0.19510489427723818,43,5052134,2.0,0.005,0.015,0.953172709191576,0.9338839136375073,0.9706322216605654,0.9798808623372645,1.0943842817804477,0.9609400353273675,1.0408155720017442,1.0462264398642847,0.9681740338756123
E-APIC,300.0,157.3,166.8150187507032,96.93647872063008,58.11016264998109,85.35424859414206,460.5231018207509,0.0,6,18.73417721518987,21.701152279955107,0.53970566675228,-0.22082152575350517,43,5052134,2.0,0.005,0.015,0.953172709191576,0.9338839136375073,0.9706322216605654,0.9798808623372645,1.0943842817804477,0.9609400353273675,1.0408155720017442,1.0462264398642847,0.9681740338756123
ME-APIC,300.0,157.3,166.8149869820437,97.65067759820157,58.538312033506244,85.07897250378143,457.9423691786128,0.0,7,22.658227848101262,15.284877608549978,0.46173604243210875,-0.09105964329342774,43,5052134,2.0,0.005,0.015,0.953172709191576,0.9338839136375073,0.9706322216605654,0.9798808623372645,1.0943842817804477,0.9609400353273675,1.0408155720017442,1.0462264398642847,0.9681740338756123
Passive,350.0,188.825,191.6344855960534,166.77409547808125,87.02718352563359,98.87353031796985,1005.6795401598341,0.0,0,0.0,0.0,0.0,0.0,43,5052134,2.0,0.005,0.015,0.953172709191576,0.9338839136375073,0.9706322216605654,0.9798808623372645,1.0943842817804477,0.9609400353273675,1.0408155720017442,1.0462264398642847,0.9681740338756123
Continuous,350.0,188.825,189.70532308112124,164.1745674488551,86.54188758775696,95.16261452919109,1015.3421781456972,0.0,1,99.99999999999999,136.74735243599662,2.8714201887527473,-1.325764472488079,43,5052134,2.0,0.005,0.015,0.953172709191576,0.9338839136375073,0.9706322216605654,0.9798808623372645,1.0943842817804477,0.9609400353273675,1.0408155720017442,1.0462264398642847,0.9681740338756123
T-APIC,350.0,188.825,192.42459792107968,166.1708356963391,86.3563377507962,101.44183068630548,996.0650171435166,0.0,7,26.923076923076923,23.090733348919393,0.8677709637327843,-0.2147073198548906,43,5052134,2.0,0.005,0.015,0.953172709191576,0.9338839136375073,0.9706322216605654,0.9798808623372645,1.0943842817804477,0.9609400353273675,1.0408155720017442,1.0462264398642847,0.9681740338756123
E-APIC,350.0,188.825,195.23357124178523,169.71637744179156,86.92991495382107,101.44183068630548,1009.912605628468,0.0,5,16.420118343195266,36.05204772426934,0.8711635359424378,0.2815992998287214,43,5052134,2.0,0.005,0.015,0.953172709191576,0.9338839136375073,0.9706322216605654,0.9798808623372645,1.0943842817804477,0.9609400353273675,1.0408155720017442,1.0462264398642847,0.9681740338756123
ME-APIC,350.0,188.825,191.3667994603797,165.5272855481954,86.49738931463183,101.20776929399399,997.7080177293249,0.0,7,22.928994082840234,26.944554469308656,0.8585283309066243,-0.4677094711587492,43,5052134,2.0,0.005,0.015,0.953172709191576,0.9338839136375073,0.9706322216605654,0.9798808623372645,1.0943842817804477,0.9609400353273675,1.0408155720017442,1.0462264398642847,0.9681740338756123
Passive,300.0,157.3,166.44654658345922,96.90070024065713,58.21730893771919,87.40751627889254,463.85495318383965,0.0,0,0.0,0.0,0.0,0.0,44,1679853082,2.0,0.005,0.015,1.150845922609887,1.000464760325505,0.9051218366575783,1.045025904831236,0.9541989687028107,0.9160922994760031,0.9733115582791112,1.0132580458196654,1.0120825177860107
Continuous,300.0,157.3,163.34102236808792,91.63156405359987,56.098316715018925,92.57990212541426,463.9796373416594,0.0,1,100.0,84.16161430220109,1.7912720748569717,-0.6410866770377314,44,1679853082,2.0,0.005,0.015,1.150845922609887,1.000464760325505,0.9051218366575783,1.045025904831236,0.9541989687028107,0.9160922994760031,0.9733115582791112,1.0132580458196654,1.0120825177860107
T-APIC,300.0,157.3,166.22637471607965,95.38791244417062,57.38434265145735,92.55822828361482,469.72014054778714,0.0,8,27.594936708860757,23.425611794210308,0.618403222945497,-0.24076439314754602,44,1679853082,2.0,0.005,0.015,1.150845922609887,1.000464760325505,0.9051218366575783,1.045025904831236,0.9541989687028107,0.9160922994760031,0.9733115582791112,1.0132580458196654,1.0120825177860107
E-APIC,300.0,157.3,167.1988155441585,95.7176456982758,57.24780129976222,92.55822828361482,473.25500540239864,0.0,6,18.73417721518987,18.845594168547336,0.3825785950391157,-0.05268740456837273,44,1679853082,2.0,0.005,0.015,1.150845922609887,1.000464760325505,0.9051218366575783,1.045025904831236,0.9541989687028107,0.9160922994760031,0.9733115582791112,1.0132580458196654,1.0120825177860107
ME-APIC,300.0,157.3,166.2121644142777,95.55258823920714,57.48832438102775,91.88917249610131,467.60213367318784,0.0,7,22.531645569620252,17.23267865072364,0.5262386331150293,-0.1061058127475998,44,1679853082,2.0,0.005,0.015,1.150845922609887,1.000464760325505,0.9051218366575783,1.045025904831236,0.9541989687028107,0.9160922994760031,0.9733115582791112,1.0132580458196654,1.0120825177860107
Passive,350.0,188.825,192.97802052804778,169.75336887365825,87.96513116320726,100.67619364382529,1019.4591513113378,0.0,0,0.0,0.0,0.0,0.0,44,1679853082,2.0,0.005,0.015,1.150845922609887,1.000464760325505,0.9051218366575783,1.045025904831236,0.9541989687028107,0.9160922994760031,0.9733115582791112,1.0132580458196654,1.0120825177860107
Continuous,350.0,188.825,190.885704019576,166.53725685314117,87.2444888990022,101.17159981111504,1003.7163867957694,0.0,1,99.99999999999999,140.34700726810058,2.909506146787704,-1.396063210332353,44,1679853082,2.0,0.005,0.015,1.150845922609887,1.000464760325505,0.9051218366575783,1.045025904831236,0.9541989687028107,0.9160922994760031,0.9733115582791112,1.0132580458196654,1.0120825177860107
T-APIC,350.0,188.825,193.70695002683496,169.16793097393167,87.33188507201018,107.3218895583253,991.9324775109953,0.0,7,26.923076923076923,23.16082390117729,0.8635248674933448,-0.25065107151924404,44,1679853082,2.0,0.005,0.015,1.150845922609887,1.000464760325505,0.9051218366575783,1.045025904831236,0.9541989687028107,0.9160922994760031,0.9733115582791112,1.0132580458196654,1.0120825177860107
E-APIC,350.0,188.825,195.19919131721798,172.94439936841434,88.59893230160088,107.3218895583253,1010.056072945388,0.0,6,21.89349112426035,36.48342815614358,0.8798479684934947,-0.10205321588084353,44,1679853082,2.0,0.005,0.015,1.150845922609887,1.000464760325505,0.9051218366575783,1.045025904831236,0.9541989687028107,0.9160922994760031,0.9733115582791112,1.0132580458196654,1.0120825177860107
ME-APIC,350.0,188.825,192.49256336525903,168.22791307990167,87.39449989072324,105.71965893514603,994.869066454935,0.0,7,23.076923076923073,27.98500791431568,0.874527437734638,-0.5301362345392168,44,1679853082,2.0,0.005,0.015,1.150845922609887,1.000464760325505,0.9051218366575783,1.045025904831236,0.9541989687028107,0.9160922994760031,0.9733115582791112,1.0132580458196654,1.0120825177860107
Passive,300.0,157.3,165.2154320830088,96.76911428430226,58.571474264996496,88.91575990306562,469.9660505812936,0.0,0,0.0,0.0,0.0,0.0,45,855511482,2.0,0.005,0.015,1.1877589611955395,1.0643887581586,0.9375386806438025,0.9759395993417889,0.9391544493982195,0.9624827285797575,1.0677454168062956,1.0853669133978106,0.9868290015006853
Continuous,300.0,157.3,162.6583906935551,91.96648284909843,56.5396488044452,92.64898141851872,470.72388357972585,0.0,1,100.0,77.35215008678922,1.6854055589909653,-0.5545829478171884,45,855511482,2.0,0.005,0.015,1.1877589611955395,1.0643887581586,0.9375386806438025,0.9759395993417889,0.9391544493982195,0.9624827285797575,1.0677454168062956,1.0853669133978106,0.9868290015006853
T-APIC,300.0,157.3,165.2118560429984,95.46573739633456,57.78382961298397,92.62693095752398,476.3836717449395,0.0,8,27.594936708860757,21.581542243250624,0.591164222844728,-0.20159579665310806,45,855511482,2.0,0.005,0.015,1.1877589611955395,1.0643887581586,0.9375386806438025,0.9759395993417889,0.9391544493982195,0.9624827285797575,1.0677454168062956,1.0853669133978106,0.9868290015006853
E-APIC,300.0,157.3,166.1452826395685,95.63886931706291,57.563397405955556,92.62693095752398,479.7445085348974,0.0,6,18.73417721518987,16.840227099622087,0.3954379779620889,-0.020203722833852123,45,855511482,2.0,0.005,0.015,1.1877589611955395,1.0643887581586,0.9375386806438025,0.9759395993417889,0.9391544493982195,0.9624827285797575,1.0677454168062956,1.0853669133978106,0.9868290015006853
ME-APIC,300.0,157.3,165.0981242179323,95.59496120290771,57.901906309196306,92.30826517715192,474.05861993518516,0.0,7,22.40506329113924,15.291906081238752,0.4892904365260767,-0.09512823657633478,45,855511482,2.0,0.005,0.015,1.1877589611955395,1.0643887581586,0.9375386806438025,0.9759395993417889,0.9391544493982195,0.9624827285797575,1.0677454168062956,1.0853669133978106,0.9868290015006853
Passive,350.0,188.825,192.061086119478,172.37394949101213,89.74954425894539,100.20008282241454,1035.0786209529551,0.0,0,0.0,0.0,0.0,0.0,45,855511482,2.0,0.005,0.015,1.1877589611955395,1.0643887581586,0.9375386806438025,0.9759395993417889,0.9391544493982195,0.9624827285797575,1.0677454168062956,1.0853669133978106,0.9868290015006853
Continuous,350.0,188.825,190.60769371401986,170.0016895444441,89.18931142386509,103.92040700607475,1023.7882544694327,0.0,1,99.99999999999999,133.21477439451127,2.8279323057582513,-1.2518860110959895,45,855511482,2.0,0.005,0.015,1.1877589611955395,1.0643887581586,0.9375386806438025,0.9759395993417889,0.9391544493982195,0.9624827285797575,1.0677454168062956,1.0853669133978106,0.9868290015006853
T-APIC,350.0,188.825,193.01777866305918,172.12794898779885,89.17725101803882,108.02722157618442,1010.7640134381955,0.0,7,26.923076923076923,22.94006812005836,0.8523119769406265,-0.20229510514692714,45,855511482,2.0,0.005,0.015,1.1877589611955395,1.0643887581586,0.9375386806438025,0.9759395993417889,0.9391544493982195,0.9624827285797575,1.0677454168062956,1.0853669133978106,0.9868290015006853
E-APIC,350.0,188.825,194.45736257001434,174.38158900741345,89.67600233939581,108.02721552655358,1020.9707769778469,0.0,6,21.89349112426035,45.677496435671145,1.0082616138506213,-0.24070877807574195,45,855511482,2.0,0.005,0.015,1.1877589611955395,1.0643887581586,0.9375386806438025,0.9759395993417889,0.9391544493982195,0.9624827285797575,1.0677454168062956,1.0853669133978106,0.9868290015006853
ME-APIC,350.0,188.825,191.75953204789593,171.1476818473689,89.25119915531562,105.64902742993836,1012.9972188388857,0.0,7,22.928994082840234,25.614230865754127,0.8265872301801667,-0.4904028585443584,45,855511482,2.0,0.005,0.015,1.1877589611955395,1.0643887581586,0.9375386806438025,0.9759395993417889,0.9391544493982195,0.9624827285797575,1.0677454168062956,1.0853669133978106,0.9868290015006853
Passive,300.0,157.3,168.2085825204603,98.26068494014895,58.41597584843619,85.76392355232984,477.10684080240134,0.0,0,0.0,0.0,0.0,0.0,46,318080868,2.0,0.005,0.015,1.1985182393575189,1.0051630731687144,0.9051750661347772,1.087969093148731,0.9312122728658516,0.9685531945717585,0.9592897208672753,0.9306888471627528,1.044036439216037
Continuous,300.0,157.3,165.33587967346492,93.04736918640862,56.27778396932071,88.93717072076424,477.7649201782561,0.0,1,100.0,83.4577176822052,1.8103967886061143,-0.6463341168959719,46,318080868,2.0,0.005,0.015,1.1985182393575189,1.0051630731687144,0.9051750661347772,1.087969093148731,0.9312122728658516,0.9685531945717585,0.9592897208672753,0.9306888471627528,1.044036439216037
T-APIC,300.0,157.3,168.16871236699834,96.7579823288965,57.53625687383477,88.849431683506,483.59766713724514,0.0,8,27.594936708860757,24.25186918415411,0.6465315255660353,-0.23178734391601796,46,318080868,2.0,0.005,0.015,1.1985182393575189,1.0051630731687144,0.9051750661347772,1.087969093148731,0.9312122728658516,0.9685531945717585,0.9592897208672753,0.9306888471627528,1.044036439216037
E-APIC,300.0,157.3,169.18818968365878,96.77768649950357,57.20120694030392,88.849431683506,487.0966185856655,0.0,6,18.73417721518987,17.282122554096677,0.4494246311831779,-0.027673461630558994,46,318080868,2.0,0.005,0.015,1.1985182393575189,1.0051630731687144,0.9051750661347772,1.087969093148731,0.9312122728658516,0.9685531945717585,0.9592897208672753,0.9306888471627528,1.044036439216037
ME-APIC,300.0,157.3,168.0161323892191,96.80503201612973,57.61651017646048,88.66247929419426,481.72752188590647,0.0,7,22.78481012658228,18.176514222288564,0.5530412449505714,-0.1342295276903934,46,318080868,2.0,0.005,0.015,1.1985182393575189,1.0051630731687144,0.9051750661347772,1.087969093148731,0.9312122728658516,0.9685531945717585,0.9592897208672753,0.9306888471627528,1.044036439216037
Passive,350.0,188.825,195.0683382100657,171.13113800936293,87.72881318395955,98.71439009864696,1013.7784104114583,0.0,0,0.0,0.0,0.0,0.0,46,318080868,2.0,0.005,0.015,1.1985182393575189,1.0051630731687144,0.9051750661347772,1.087969093148731,0.9312122728658516,0.9685531945717585,0.9592897208672753,0.9306888471627528,1.044036439216037
Continuous,350.0,188.825,193.22762522735843,168.14865907329607,87.02102449142374,96.92364506339116,1013.4563610579308,0.0,1,99.99999999999999,140.58153174690625,2.993924712929655,-1.391374299377141,46,318080868,2.0,0.005,0.015,1.1985182393575189,1.0051630731687144,0.9051750661347772,1.087969093148731,0.9312122728658516,0.9685531945717585,0.9592897208672753,0.9306888471627528,1.044036439216037
T-APIC,350.0,188.825,196.05476670704246,170.93606079688453,87.18791369776186,104.62897656554719,988.5379273294225,0.0,7,26.923076923076923,23.121617884828357,0.8701768418885806,-0.22054322621190356,46,318080868,2.0,0.005,0.015,1.1985182393575189,1.0051630731687144,0.9051750661347772,1.087969093148731,0.9312122728658516,0.9685531945717585,0.9592897208672753,0.9306888471627528,1.044036439216037
E-APIC,350.0,188.825,196.49057556300315,172.10177313739777,87.58780040430727,104.62897656554719,993.3189427358922,0.0,7,27.36686390532544,47.496468649139054,1.1716942151845957,-0.465866533544777,46,318080868,2.0,0.005,0.015,1.1985182393575189,1.0051630731687144,0.9051750661347772,1.087969093148731,0.9312122728658516,0.9685531945717585,0.9592897208672753,0.9306888471627528,1.044036439216037
ME-APIC,350.0,188.825,194.61267611325815,169.50293401821799,87.09758141323378,103.61046430178591,987.3810350240212,0.0,7,23.076923076923073,28.723865183040072,0.9092844367524168,-0.5397267517729657,46,318080868,2.0,0.005,0.015,1.1985182393575189,1.0051630731687144,0.9051750661347772,1.087969093148731,0.9312122728658516,0.9685531945717585,0.9592897208672753,0.9306888471627528,1.044036439216037
Passive,300.0,157.3,166.68080425471166,100.78074707295065,60.46331941076042,81.22816251064138,458.7655412735502,0.0,0,0.0,0.0,0.0,0.0,47,1225054634,2.0,0.005,0.015,1.0319864442171995,1.0723952041818345,1.0858602900249346,0.95801137224339,1.0271478193867156,1.0320485662444656,1.0278243892075491,1.063056832099986,0.9892464430740896
Continuous,300.0,157.3,164.4764046262571,96.11817648231542,58.438884714635265,84.22346873699435,460.43545483792775,0.0,1,100.0,74.8225356996616,1.6538786361017659,-0.5469522741740224,47,1225054634,2.0,0.005,0.015,1.0319864442171995,1.0723952041818345,1.0858602900249346,0.95801137224339,1.0271478193867156,1.0320485662444656,1.0278243892075491,1.063056832099986,0.9892464430740896
T-APIC,300.0,157.3,166.8883105842372,99.5776601880465,59.66724681881448,84.02336196073573,465.97680305192534,0.0,8,27.594936708860757,21.66163066353159,0.6013946862256582,-0.1702915585398676,47,1225054634,2.0,0.005,0.015,1.0319864442171995,1.0723952041818345,1.0858602900249346,0.95801137224339,1.0271478193867156,1.0320485662444656,1.0278243892075491,1.063056832099986,0.9892464430740896
E-APIC,300.0,157.3,167.6486715852717,99.75638978737611,59.503239032011464,84.02336196073573,468.9638175079851,0.0,6,18.73417721518987,18.147865047859426,0.3799466021695801,-0.019536957886370856,47,1225054634,2.0,0.005,0.015,1.0319864442171995,1.0723952041818345,1.0858602900249346,0.95801137224339,1.0271478193867156,1.0320485662444656,1.0278243892075491,1.063056832099986,0.9892464430740896
ME-APIC,300.0,157.3,166.7009123409001,99.72321577858393,59.82163767325515,83.78484089881614,463.5797469962659,0.0,7,22.78481012658228,14.575769272838441,0.47776611626345544,-0.08078442071105076,47,1225054634,2.0,0.005,0.015,1.0319864442171995,1.0723952041818345,1.0858602900249346,0.95801137224339,1.0271478193867156,1.0320485662444656,1.0278243892075491,1.063056832099986,0.9892464430740896
Passive,350.0,188.825,192.14977140519787,173.93443629739107,90.52024107309761,97.49222286224065,1049.9173057740124,0.0,0,0.0,0.0,0.0,0.0,47,1225054634,2.0,0.005,0.015,1.0319864442171995,1.0723952041818345,1.0858602900249346,0.95801137224339,1.0271478193867156,1.0320485662444656,1.0278243892075491,1.063056832099986,0.9892464430740896
Continuous,350.0,188.825,191.15230987568594,172.20460796011847,90.08764166758439,94.59385485458651,1040.0609526299056,0.0,1,99.99999999999999,130.42603741777347,2.8138045033155996,-1.1832055027718347,47,1225054634,2.0,0.005,0.015,1.0319864442171995,1.0723952041818345,1.0858602900249346,0.95801137224339,1.0271478193867156,1.0320485662444656,1.0278243892075491,1.063056832099986,0.9892464430740896
T-APIC,350.0,188.825,193.33128172605853,173.90111672772994,89.94980800579378,101.49013076069137,1025.201123847261,0.0,7,26.923076923076923,22.1805976399497,0.8546577012599921,-0.1493205434434411,47,1225054634,2.0,0.005,0.015,1.0319864442171995,1.0723952041818345,1.0858602900249346,0.95801137224339,1.0271478193867156,1.0320485662444656,1.0278243892075491,1.063056832099986,0.9892464430740896
E-APIC,350.0,188.825,194.8387342429707,177.07611979347476,90.8834275081333,101.49013076069137,1041.1777848272902,0.0,6,21.89349112426035,33.862708893716,0.7613588230688003,0.03548146628438038,47,1225054634,2.0,0.005,0.015,1.0319864442171995,1.0723952041818345,1.0858602900249346,0.95801137224339,1.0271478193867156,1.0320485662444656,1.0278243892075491,1.063056832099986,0.9892464430740896
ME-APIC,350.0,188.825,191.9235811588671,172.9138947504373,90.09517939710894,100.85893928994263,1028.4210815565425,0.0,7,22.928994082840234,24.336272947394136,0.8147744783808272,-0.47905626575207205,47,1225054634,2.0,0.005,0.015,1.0319864442171995,1.0723952041818345,1.0858602900249346,0.95801137224339,1.0271478193867156,1.0320485662444656,1.0278243892075491,1.063056832099986,0.9892464430740896
Passive,300.0,157.3,165.77732915541466,97.38044113659802,58.74171192932224,82.2076527314665,470.0210654744683,0.0,0,0.0,0.0,0.0,0.0,48,1327891027,2.0,0.005,0.015,0.9468554153716694,1.0227264974339878,0.9002121798840651,1.045807451852472,0.968681415502041,1.016553517208522,1.0978322831467584,1.059232597960219,0.9766566763436482
Continuous,300.0,157.3,163.4613682461927,92.70442477524331,56.71335421322252,86.56725175252707,471.53386321337615,0.0,1,100.0,76.4285700893351,1.6918819884578602,-0.536104121305984,48,1327891027,2.0,0.005,0.015,0.9468554153716694,1.0227264974339878,0.9002121798840651,1.045807451852472,0.968681415502041,1.016553517208522,1.0978322831467584,1.059232597960219,0.9766566763436482
T-APIC,300.0,157.3,165.90637007202182,96.06764359671595,57.90473479409616,86.12465153833678,477.0590509417148,0.0,8,27.594936708860757,22.886303016351903,0.6232957103750292,-0.18217045093615256,48,1327891027,2.0,0.005,0.015,0.9468554153716694,1.0227264974339878,0.9002121798840651,1.045807451852472,0.968681415502041,1.016553517208522,1.0978322831467584,1.059232597960219,0.9766566763436482
E-APIC,300.0,157.3,164.94938182066397,94.19568010242776,57.10580971127194,86.12465153833678,477.3625403058794,0.0,7,23.41772151898734,30.269134307205164,0.6922731114183333,-0.39367118346102126,48,1327891027,2.0,0.005,0.015,0.9468554153716694,1.0227264974339878,0.9002121798840651,1.045807451852472,0.968681415502041,1.016553517208522,1.0978322831467584,1.059232597960219,0.9766566763436482
ME-APIC,300.0,157.3,165.75733481605312,96.24009569968794,58.06083682902421,85.68963081896217,474.8672878331768,0.0,7,22.658227848101262,15.574783391413124,0.4917866945570356,-0.09400269868173405,48,1327891027,2.0,0.005,0.015,0.9468554153716694,1.0227264974339878,0.9002121798840651,1.045807451852472,0.968681415502041,1.016553517208522,1.0978322831467584,1.059232597960219,0.9766566763436482
Passive,350.0,188.825,192.17061441425753,170.47937832357212,88.71251145405294,99.06534296110743,1019.7035139529321,0.0,0,0.0,0.0,0.0,0.0,48,1327891027,2.0,0.005,0.015,0.9468554153716694,1.0227264974339878,0.9002121798840651,1.045807451852472,0.968681415502041,1.016553517208522,1.0978322831467584,1.059232597960219,0.9766566763436482
Continuous,350.0,188.825,190.96355123064782,168.52429491215622,88.2494558915124,94.75541929113146,1018.9439400312436,0.0,1,99.99999999999999,134.05189265881026,2.8668625280208433,-1.2268939527627718,48,1327891027,2.0,0.005,0.015,0.9468554153716694,1.0227264974339878,0.9002121798840651,1.045807451852472,0.968681415502041,1.016553517208522,1.0978322831467584,1.059232597960219,0.9766566763436482
T-APIC,350.0,188.825,193.33573999846718,170.5192016953263,88.19848916536499,102.32365285153077,996.5724518446209,0.0,7,26.923076923076923,22.446222087427476,0.8475999708897457,-0.16019347584777965,48,1327891027,2.0,0.005,0.015,0.9468554153716694,1.0227264974339878,0.9002121798840651,1.045807451852472,0.968681415502041,1.016553517208522,1.0978322831467584,1.059232597960219,0.9766566763436482
E-APIC,350.0,188.825,193.6762615224767,171.92950404768612,88.77159373903612,102.32365285153077,1003.5796892456233,0.0,7,27.36686390532544,50.5130110770961,1.1558607224180553,-0.46371453129149737,48,1327891027,2.0,0.005,0.015,0.9468554153716694,1.0227264974339878,0.9002121798840651,1.045807451852472,0.968681415502041,1.016553517208522,1.0978322831467584,1.059232597960219,0.9766566763436482
ME-APIC,350.0,188.825,191.79900787366495,169.2631994839922,88.25029981150021,101.87929525031765,996.8480601914164,0.0,7,22.928994082840234,25.777668776474005,0.847075441473048,-0.5123245394167208,48,1327891027,2.0,0.005,0.015,0.9468554153716694,1.0227264974339878,0.9002121798840651,1.045807451852472,0.968681415502041,1.016553517208522,1.0978322831467584,1.059232597960219,0.9766566763436482
Passive,300.0,157.3,166.25414223082626,100.23533116397095,60.29042634306507,78.33084389349105,459.7636693764113,0.0,0,0.0,0.0,0.0,0.0,49,443677071,2.0,0.005,0.015,1.1618494574877611,1.044118227441035,0.9965150537577522,1.0857813818226336,1.0787661181308281,0.9613743675872017,1.0560955510512307,1.067707799207964,0.9956976179097704
Continuous,300.0,157.3,163.63492452290404,95.39931092978627,58.300091626487216,82.23798513866323,460.44862237345075,0.0,1,100.0,80.11928215056335,1.748722976432697,-0.5859938464888377,49,443677071,2.0,0.005,0.015,1.1618494574877611,1.044118227441035,0.9965150537577522,1.0857813818226336,1.0787661181308281,0.9613743675872017,1.0560955510512307,1.067707799207964,0.9956976179097704
T-APIC,300.0,157.3,166.2724108180554,98.93086858109679,59.499268756830915,81.84289503908329,465.7707499289302,0.0,8,27.594936708860757,23.37811659015529,0.6248464153698883,-0.21482345253523785,49,443677071,2.0,0.005,0.015,1.1618494574877611,1.044118227441035,0.9965150537577522,1.0857813818226336,1.0787661181308281,0.9613743675872017,1.0560955510512307,1.067707799207964,0.9956976179097704
E-APIC,300.0,157.3,166.20880214210825,98.06802684188648,59.00290813601946,81.84289503908329,463.64404937876805,0.0,6,18.73417721518987,21.33967713837442,0.5114108974863258,-0.23924165469886316,49,443677071,2.0,0.005,0.015,1.1618494574877611,1.044118227441035,0.9965150537577522,1.0857813818226336,1.0787661181308281,0.9613743675872017,1.0560955510512307,1.067707799207964,0.9956976179097704
ME-APIC,300.0,157.3,166.14845544233117,99.0595557689903,59.62111143631611,81.45160756519178,463.75030721599944,0.0,7,22.78481012658228,16.766774051053,0.5254080589247957,-0.08007115883747867,49,443677071,2.0,0.005,0.015,1.1618494574877611,1.044118227441035,0.9965150537577522,1.0857813818226336,1.0787661181308281,0.9613743675872017,1.0560955510512307,1.067707799207964,0.9956976179097704
Passive,350.0,188.825,191.44297768705746,171.27322753937736,89.46435623214626,93.36475558317511,1027.7448145457856,0.0,0,0.0,0.0,0.0,0.0,49,443677071,2.0,0.005,0.015,1.1618494574877611,1.044118227441035,0.9965150537577522,1.0857813818226336,1.0787661181308281,0.9613743675872017,1.0560955510512307,1.067707799207964,0.9956976179097704
Continuous,350.0,188.825,189.9477973106129,169.0716579145715,89.00953857237752,93.75982146004102,1017.8961239703178,0.0,1,99.99999999999999,134.88072280351278,2.848815287523875,-1.30489178146379,49,443677071,2.0,0.005,0.015,1.1618494574877611,1.044118227441035,0.9965150537577522,1.0857813818226336,1.0787661181308281,0.9613743675872017,1.0560955510512307,1.067707799207964,0.9956976179097704
T-APIC,350.0,188.825,192.46359784942914,171.1926004193274,88.94804125674571,96.26260465182334,1003.9576027144664,0.0,7,26.923076923076923,21.586670078962793,0.8305056993480082,-0.1859080842153312,49,443677071,2.0,0.005,0.015,1.1618494574877611,1.044118227441035,0.9965150537577522,1.0857813818226336,1.0787661181308281,0.9613743675872017,1.0560955510512307,1.067707799207964,0.9956976179097704
E-APIC,350.0,188.825,192.87220293382347,172.75304574960163,89.568658998972,96.26260465182334,1011.8796884169195,0.0,7,27.36686390532544,50.41345815943828,1.1589232725175562,-0.48317035929954544,49,443677071,2.0,0.005,0.015,1.1618494574877611,1.044118227441035,0.9965150537577522,1.0857813818226336,1.0787661181308281,0.9613743675872017,1.0560955510512307,1.067707799207964,0.9956976179097704
ME-APIC,350.0,188.825,190.94068301571613,170.087579639207,89.07875312523484,95.86498222096657,1006.171038226689,0.0,7,22.781065088757394,24.789977480399756,0.8441029975133362,-0.5484072773957123,49,443677071,2.0,0.005,0.015,1.1618494574877611,1.044118227441035,0.9965150537577522,1.0857813818226336,1.0787661181308281,0.9613743675872017,1.0560955510512307,1.067707799207964,0.9956976179097704
Passive,300.0,157.3,167.2026495590493,98.86636897020396,59.129666444243945,84.98377973220985,473.19851584910924,0.0,0,0.0,0.0,0.0,0.0,50,1347063063,2.0,0.005,0.015,1.01578174116735,1.0412238024230474,0.9722581211466406,0.921304437732941,0.9406338675286943,1.0026644809278094,0.9338693042796101,1.0183393464178987,1.0536222069768986
Continuous,300.0,157.3,164.6907860576638,94.00456547107329,57.07943214149159,89.65895660240402,475.2755007430876,0.0,1,100.0,76.48232968432704,1.6683085631039074,-0.576945428358351,50,1347063063,2.0,0.005,0.015,1.01578174116735,1.0412238024230474,0.9722581211466406,0.921304437732941,0.9406338675286943,1.0026644809278094,0.9338693042796101,1.0183393464178987,1.0536222069768986
T-APIC,300.0,157.3,167.29588737899277,97.53440288598644,58.30053829418509,89.4176201900003,481.1165949472126,0.0,8,27.594936708860757,22.860718742754177,0.6253726154148539,-0.17961590975540087,50,1347063063,2.0,0.005,0.015,1.01578174116735,1.0412238024230474,0.9722581211466406,0.921304437732941,0.9406338675286943,1.0026644809278094,0.9338693042796101,1.0183393464178987,1.0536222069768986
E-APIC,300.0,157.3,168.31136417566972,97.44358334854284,57.894833082595156,89.4176201900003,483.8886899947853,0.0,6,18.73417721518987,13.426236523992015,0.439825268166869,0.03434382361860462,50,1347063063,2.0,0.005,0.015,1.01578174116735,1.0412238024230474,0.9722581211466406,0.921304437732941,0.9406338675286943,1.0026644809278094,0.9338693042796101,1.0183393464178987,1.0536222069768986
ME-APIC,300.0,157.3,167.13682318655023,97.66500843319844,58.43416583560965,89.14315391640177,478.71466897615255,0.0,7,22.658227848101262,15.38979464227994,0.47914619718198054,-0.10406177895723594,50,1347063063,2.0,0.005,0.015,1.01578174116735,1.0412238024230474,0.9722581211466406,0.921304437732941,0.9406338675286943,1.0026644809278094,0.9338693042796101,1.0183393464178987,1.0536222069768986
Passive,350.0,188.825,194.08191218394836,174.13683890508813,89.72337346926149,98.84909974281709,1048.5092360717447,0.0,0,0.0,0.0,0.0,0.0,50,1347063063,2.0,0.005,0.015,1.01578174116735,1.0412238024230474,0.9722581211466406,0.921304437732941,0.9406338675286943,1.0026644809278094,0.9338693042796101,1.0183393464178987,1.0536222069768986
Continuous,350.0,188.825,192.64701689691705,171.8907817103598,89.22576870335675,88.80455535983639,1048.939195111423,0.0,1,99.99999999999999,134.79895113256143,2.869875356849731,-1.2498168652706827,50,1347063063,2.0,0.005,0.015,1.01578174116735,1.0412238024230474,0.9722581211466406,0.921304437732941,0.9406338675286943,1.0026644809278094,0.9338693042796101,1.0183393464178987,1.0536222069768986
T-APIC,350.0,188.825,195.16779924803487,173.93354714272064,89.12000228156077,100.63795668884762,1024.2037855150365,0.0,7,26.923076923076923,22.483638136974722,0.8713411660261151,-0.1661968433709943,50,1347063063,2.0,0.005,0.015,1.01578174116735,1.0412238024230474,0.9722581211466406,0.921304437732941,0.9406338675286943,1.0026644809278094,0.9338693042796101,1.0183393464178987,1.0536222069768986
E-APIC,350.0,188.825,196.5089940245935,176.39143619524657,89.76252566494276,103.09045251106988,1033.6121924214679,0.0,7,27.36686390532544,50.96943545929159,1.0514745627527646,-0.2485704696981802,50,1347063063,2.0,0.005,0.015,1.01578174116735,1.0412238024230474,0.9722581211466406,0.921304437732941,0.9406338675286943,1.0026644809278094,0.9338693042796101,1.0183393464178987,1.0536222069768986
ME-APIC,350.0,188.825,193.80349545150918,172.9898288475649,89.26042765356006,101.61112190999029,1023.2084082652735,0.0,7,23.076923076923073,26.483494219598647,0.8456272637401959,-0.48854604461218465,50,1347063063,2.0,0.005,0.015,1.01578174116735,1.0412238024230474,0.9722581211466406,0.921304437732941,0.9406338675286943,1.0026644809278094,0.9338693042796101,1.0183393464178987,1.0536222069768986
Passive,300.0,157.3,169.7428146325421,100.19458586292465,59.02729142310094,86.1087278680297,460.5442606090206,0.0,0,0.0,0.0,0.0,0.0,51,1373321870,2.0,0.005,0.015,1.167789541580003,0.9157382856769619,0.9453776118101226,0.9921842841170776,1.0872358466516356,0.9777553308856538,1.098157238128014,0.9100555019245139,0.9060542119964444
Continuous,300.0,157.3,166.37379220691452,94.49186723523464,56.79492303554498,89.10114290340564,455.997030670592,0.0,1,100.0,83.05755165793055,1.7762434252201091,-0.7237871652113692,51,1373321870,2.0,0.005,0.015,1.167789541580003,0.9157382856769619,0.9453776118101226,0.9921842841170776,1.0872358466516356,0.9777553308856538,1.098157238128014,0.9100555019245139,0.9060542119964444
T-APIC,300.0,157.3,169.49509411352528,98.51537261340441,58.12284604970353,88.99497974116855,459.0301782522122,0.0,8,27.594936708860757,25.09813900515535,0.6652712579506447,-0.21772091534556137,51,1373321870,2.0,0.005,0.015,1.167789541580003,0.9157382856769619,0.9453776118101226,0.9921842841170776,1.0872358466516356,0.9777553308856538,1.098157238128014,0.9100555019245139,0.9060542119964444
E-APIC,300.0,157.3,170.6228445307562,98.3677072952336,57.652131850082945,88.99497974116855,452.19393632459116,0.0,6,18.73417721518987,18.1045535412885,0.46122633642714594,-0.00794710560431718,51,1373321870,2.0,0.005,0.015,1.167789541580003,0.9157382856769619,0.9453776118101226,0.9921842841170776,1.0872358466516356,0.9777553308856538,1.098157238128014,0.9100555019245139,0.9060542119964444
ME-APIC,300.0,157.3,169.63246326497244,98.9770071528266,58.34791598717794,88.83578969597188,449.89655495079717,0.0,7,22.658227848101262,17.147695177169915,0.5011935502018264,-0.09526676615680015,51,1373321870,2.0,0.005,0.015,1.167789541580003,0.9157382856769619,0.9453776118101226,0.9921842841170776,1.0872358466516356,0.9777553308856538,1.098157238128014,0.9100555019245139,0.9060542119964444
Passive,350.0,188.825,194.77819601508568,168.12717202964646,86.31724467590044,95.79416733114445,1026.193464861924,0.0,0,0.0,0.0,0.0,0.0,51,1373321870,2.0,0.005,0.015,1.167789541580003,0.9157382856769619,0.9453776118101226,0.9921842841170776,1.0872358466516356,0.9777553308856538,1.098157238128014,0.9100555019245139,0.9060542119964444
Continuous,350.0,188.825,192.49203893384237,164.8139028302663,85.62115282435718,103.23588271987357,1009.0013853762305,0.0,1,99.99999999999999,143.8055149480602,2.9944749878690184,-1.435751430916049,51,1373321870,2.0,0.005,0.015,1.167789541580003,0.9157382856769619,0.9453776118101226,0.9921842841170776,1.0872358466516356,0.9777553308856538,1.098157238128014,0.9100555019245139,0.9060542119964444
T-APIC,350.0,188.825,195.44767572352197,167.15832434655468,85.52586963633937,103.45854130613397,994.7365219144715,0.0,7,26.923076923076923,24.899682149136975,0.914014310356308,-0.25886629044285075,51,1373321870,2.0,0.005,0.015,1.167789541580003,0.9157382856769619,0.9453776118101226,0.9921842841170776,1.0872358466516356,0.9777553308856538,1.098157238128014,0.9100555019245139,0.9060542119964444
E-APIC,350.0,188.825,197.14882766791285,170.97475790597954,86.72370002320166,103.45854130613397,1016.3789010329825,0.0,6,21.89349112426035,33.981764625199716,0.8135047020186146,-0.04761615171695685,51,1373321870,2.0,0.005,0.015,1.167789541580003,0.9157382856769619,0.9453776118101226,0.9921842841170776,1.0872358466516356,0.9777553308856538,1.098157238128014,0.9100555019245139,0.9060542119964444
ME-APIC,350.0,188.825,194.40294060821998,166.37387505999988,85.58197450073195,101.52586744580631,997.8138516396235,0.0,7,23.076923076923073,30.38487519164617,0.9398406817002619,-0.4837828416404154,51,1373321870,2.0,0.005,0.015,1.167789541580003,0.9157382856769619,0.9453776118101226,0.9921842841170776,1.0872358466516356,0.9777553308856538,1.098157238128014,0.9100555019245139,0.9060542119964444
Passive,300.0,157.3,168.92260227383548,98.70147239038232,58.429997562067065,84.81110889002446,463.8526890810182,0.0,0,0.0,0.0,0.0,0.0,52,323703689,2.0,0.005,0.015,0.8829496428416497,0.9237330863337461,1.0620739712734673,0.9278687151972846,0.9214530692672067,0.9758467379187614,1.0390870700801131,0.9113938733322281,0.9790375109717678
Continuous,300.0,157.3,165.92353028046495,93.25364849785419,56.20278711538085,89.02763493225389,463.0980092818396,0.0,1,100.0,80.40254293337141,1.7333579771658365,-0.679650230284795,52,323703689,2.0,0.005,0.015,0.8829496428416497,0.9237330863337461,1.0620739712734673,0.9278687151972846,0.9214530692672067,0.9758467379187614,1.0390870700801131,0.9113938733322281,0.9790375109717678
T-APIC,300.0,157.3,168.78892079090926,97.08223750300716,57.5169490083237,88.71263904050763,464.08655809322255,0.0,8,27.594936708860757,23.545708481663777,0.6419766566131772,-0.24198651400652502,52,323703689,2.0,0.005,0.015,0.8829496428416497,0.9237330863337461,1.0620739712734673,0.9278687151972846,0.9214530692672067,0.9758467379187614,1.0390870700801131,0.9113938733322281,0.9790375109717678
E-APIC,300.0,157.3,169.88965543070256,97.10740763572242,57.159105649803514,88.71263904050763,466.6540666229387,0.0,6,18.73417721518987,16.52930732381497,0.43563097282817587,-0.020860148948358716,52,323703689,2.0,0.005,0.015,0.8829496428416497,0.9237330863337461,1.0620739712734673,0.9278687151972846,0.9214530692672067,0.9758467379187614,1.0390870700801131,0.9113938733322281,0.9790375109717678
ME-APIC,300.0,157.3,168.76193984842376,97.32103943475718,57.66764681785931,88.31094181971068,461.04976129316987,0.0,7,22.658227848101262,17.144699750303683,0.5036597141244978,-0.13551852845541673,52,323703689,2.0,0.005,0.015,0.8829496428416497,0.9237330863337461,1.0620739712734673,0.9278687151972846,0.9214530692672067,0.9758467379187614,1.0390870700801131,0.9113938733322281,0.9790375109717678
Passive,350.0,188.825,194.5334806462885,166.45401482622796,85.56574131775488,98.01219918651938,1002.6559543907675,0.0,0,0.0,0.0,0.0,0.0,52,323703689,2.0,0.005,0.015,0.8829496428416497,0.9237330863337461,1.0620739712734673,0.9278687151972846,0.9214530692672067,0.9758467379187614,1.0390870700801131,0.9113938733322281,0.9790375109717678
Continuous,350.0,188.825,192.54418503702226,163.36506263229379,84.84549278955481,100.79585900274216,999.0401507477761,0.0,1,99.99999999999999,140.40928135784523,2.9781405798129326,-1.384995568087067,52,323703689,2.0,0.005,0.015,0.8829496428416497,0.9237330863337461,1.0620739712734673,0.9278687151972846,0.9214530692672067,0.9758467379187614,1.0390870700801131,0.9113938733322281,0.9790375109717678
T-APIC,350.0,188.825,195.33763615916342,165.97305620623936,84.96726973341818,105.08426339446554,976.9444166520123,0.0,7,26.923076923076923,22.907683866738967,0.8714457910596647,-0.2361070629185915,52,323703689,2.0,0.005,0.015,0.8829496428416497,0.9237330863337461,1.0620739712734673,0.9278687151972846,0.9214530692672067,0.9758467379187614,1.0390870700801131,0.9113938733322281,0.9790375109717678
E-APIC,350.0,188.825,196.86950256476854,169.26393681298964,85.97773378195188,105.08426339446554,993.2443268503819,0.0,6,21.89349112426035,36.039570274688046,0.8038118901596065,-0.05463058757516769,52,323703689,2.0,0.005,0.015,0.8829496428416497,0.9237330863337461,1.0620739712734673,0.9278687151972846,0.9214530692672067,0.9758467379187614,1.0390870700801131,0.9113938733322281,0.9790375109717678
ME-APIC,350.0,188.825,194.179794645468,165.04824831440126,84.99764283701356,103.89830166993522,977.6497681119961,0.0,7,23.076923076923073,29.276067842477396,0.8917707104920068,-0.5143262133389558,52,323703689,2.0,0.005,0.015,0.8829496428416497,0.9237330863337461,1.0620739712734673,0.9278687151972846,0.9214530692672067,0.9758467379187614,1.0390870700801131,0.9113938733322281,0.9790375109717678
Passive,300.0,157.3,167.16930013688287,97.79269523936573,58.49919522262183,85.59838528759656,456.9955813754573,0.0,0,0.0,0.0,0.0,0.0,53,644638549,2.0,0.005,0.015,0.8785911291400404,0.9626031085169426,0.9884025186308694,1.0777473390894625,0.9377955363290329,0.9900899695453181,1.0356424587138096,0.9672366152620021,0.9441538380500467
Continuous,300.0,157.3,164.5272723290003,92.68542260686726,56.334382315368956,89.58105104655218,457.03503902184684,0.0,1,100.0,80.99882734001201,1.7617580470976053,-0.6124465882528753,53,644638549,2.0,0.005,0.015,0.8785911291400404,0.9626031085169426,0.9884025186308694,1.0777473390894625,0.9377955363290329,0.9900899695453181,1.0356424587138096,0.9672366152620021,0.9441538380500467
T-APIC,300.0,157.3,167.12465578391124,96.30056875563112,57.62199976055346,89.20030364395967,462.5056845377802,0.0,8,27.594936708860757,23.03505506035516,0.6268335436045079,-0.23402027197892813,53,644638549,2.0,0.005,0.015,0.8785911291400404,0.9626031085169426,0.9884025186308694,1.0777473390894625,0.9377955363290329,0.9900899695453181,1.0356424587138096,0.9672366152620021,0.9441538380500467
E-APIC,300.0,157.3,168.05717897663442,96.60657005299326,57.48434588826748,89.20030364395967,466.1211767949265,0.0,6,18.73417721518987,18.836938208466215,0.39350701647439373,-0.05006384332407056,53,644638549,2.0,0.005,0.015,0.8785911291400404,0.9626031085169426,0.9884025186308694,1.0777473390894625,0.9377955363290329,0.9900899695453181,1.0356424587138096,0.9672366152620021,0.9441538380500467
ME-APIC,300.0,157.3,167.07222427169302,96.47122991234302,57.74223114158187,88.83221892281098,460.6748120072964,0.0,7,22.658227848101262,17.140597802773172,0.52543759473487,-0.11740490730993222,53,644638549,2.0,0.005,0.015,0.8785911291400404,0.9626031085169426,0.9884025186308694,1.0777473390894625,0.9377955363290329,0.9900899695453181,1.0356424587138096,0.9672366152620021,0.9441538380500467
Passive,350.0,188.825,192.90379325547116,166.7026110866435,86.41748732533824,97.35534153319851,995.7371141889049,0.0,0,0.0,0.0,0.0,0.0,53,644638549,2.0,0.005,0.015,0.8785911291400404,0.9626031085169426,0.9884025186308694,1.0777473390894625,0.9377955363290329,0.9900899695453181,1.0356424587138096,0.9672366152620021,0.9441538380500467
Continuous,350.0,188.825,191.35017316208052,164.0208031760429,85.71761418638035,102.09858408436507,985.3344019783217,0.0,1,99.99999999999999,137.79402782313178,2.9359404106803653,-1.329486764926496,53,644638549,2.0,0.005,0.015,0.8785911291400404,0.9626031085169426,0.9884025186308694,1.0777473390894625,0.9377955363290329,0.9900899695453181,1.0356424587138096,0.9672366152620021,0.9441538380500467
T-APIC,350.0,188.825,193.85815076041976,166.47983077401065,85.8771375466979,104.79497564572243,975.0627543479978,0.0,7,26.923076923076923,22.359364194831425,0.8521840223681119,-0.214035981502561,53,644638549,2.0,0.005,0.015,0.8785911291400404,0.9626031085169426,0.9884025186308694,1.0777473390894625,0.9377955363290329,0.9900899695453181,1.0356424587138096,0.9672366152620021,0.9441538380500467
E-APIC,350.0,188.825,195.31311444035154,168.5830908041989,86.31427095269837,104.79497564067427,983.7451738682211,0.0,6,21.89349112426035,47.346865708239186,1.023358953489164,-0.2598473272913615,53,644638549,2.0,0.005,0.015,0.8785911291400404,0.9626031085169426,0.9884025186308694,1.0777473390894625,0.9377955363290329,0.9900899695453181,1.0356424587138096,0.9672366152620021,0.9441538380500467
ME-APIC,350.0,188.825,192.54843602634918,165.3109484002154,85.8542150805076,102.90470654263231,974.7478113014498,0.0,7,23.076923076923073,27.41756269992138,0.8701469885197258,-0.5141221734887037,53,644638549,2.0,0.005,0.015,0.8785911291400404,0.9626031085169426,0.9884025186308694,1.0777473390894625,0.9377955363290329,0.9900899695453181,1.0356424587138096,0.9672366152620021,0.9441538380500467
Passive,300.0,157.3,169.48022646826448,102.39779766653804,60.418728367531564,84.01418239890295,469.3766722079719,0.0,0,0.0,0.0,0.0,0.0,54,49097835,2.0,0.005,0.015,0.9594689284949574,1.054385517626959,0.9721450567951321,1.0734307296017869,1.0900914017895447,0.9918626995056175,0.9878099822001607,0.9443640621496606,1.0319129095960362
Continuous,300.0,157.3,166.64123478160033,97.10834257402165,58.273897634815086,87.14499758669659,470.8208043144704,0.0,1,100.0,79.87967018139881,1.7567244778338154,-0.62062727513231,54,49097835,2.0,0.005,0.015,0.9594689284949574,1.054385517626959,0.9721450567951321,1.0734307296017869,1.0900914017895447,0.9918626995056175,0.9878099822001607,0.9443640621496606,1.0319129095960362
T-APIC,300.0,157.3,169.48558328127388,100.98537467573456,59.583459973785416,86.94232645371851,476.95012711269646,0.0,8,27.594936708860757,23.078713912699303,0.6369728012361623,-0.21670998981639483,54,49097835,2.0,0.005,0.015,0.9594689284949574,1.054385517626959,0.9721450567951321,1.0734307296017869,1.0900914017895447,0.9918626995056175,0.9878099822001607,0.9443640621496606,1.0319129095960362
E-APIC,300.0,157.3,170.52809273457822,100.98472015065053,59.21881757501984,86.94232645371851,480.2937702247747,0.0,6,18.73417721518987,16.70161015499162,0.4437181366685544,-0.005825386036324057,54,49097835,2.0,0.005,0.015,0.9594689284949574,1.054385517626959,0.9721450567951321,1.0734307296017869,1.0900914017895447,0.9918626995056175,0.9878099822001607,0.9443640621496606,1.0319129095960362
ME-APIC,300.0,157.3,169.36621725769098,101.1182422064687,59.70390308276008,86.69446142219907,474.59549274663664,0.0,7,22.78481012658228,16.757188604605233,0.5294690597777404,-0.09480686267219514,54,49097835,2.0,0.005,0.015,0.9594689284949574,1.054385517626959,0.9721450567951321,1.0734307296017869,1.0900914017895447,0.9918626995056175,0.9878099822001607,0.9443640621496606,1.0319129095960362
Passive,350.0,188.825,195.44769726281655,176.24488733183404,90.17496230453885,97.97694952699865,1065.7214897868062,0.0,0,0.0,0.0,0.0,0.0,54,49097835,2.0,0.005,0.015,0.9594689284949574,1.054385517626959,0.9721450567951321,1.0734307296017869,1.0900914017895447,0.9918626995056175,0.9878099822001607,0.9443640621496606,1.0319129095960362
Continuous,350.0,188.825,193.73599096829395,173.56130166694578,89.58650419030819,100.34775460490255,1051.7343678608852,0.0,1,99.99999999999999,137.69177634833758,2.9586919863599324,-1.3578301871110354,54,49097835,2.0,0.005,0.015,0.9594689284949574,1.054385517626959,0.9721450567951321,1.0734307296017869,1.0900914017895447,0.9918626995056175,0.9878099822001607,0.9443640621496606,1.0319129095960362
T-APIC,350.0,188.825,196.44457928919326,175.9028762176504,89.54325787666421,103.61416318139278,1036.4752632329432,0.0,7,26.923076923076923,23.688585519715723,0.8942346188803605,-0.20971022602049216,54,49097835,2.0,0.005,0.015,0.9594689284949574,1.054385517626959,0.9721450567951321,1.0734307296017869,1.0900914017895447,0.9918626995056175,0.9878099822001607,0.9443640621496606,1.0319129095960362
E-APIC,350.0,188.825,199.15538739076152,179.31465606054613,90.03756233252881,103.61416318139278,1054.3368379287642,0.0,5,16.420118343195266,35.274420708174226,0.8819599704889158,0.28003755930223434,54,49097835,2.0,0.005,0.015,0.9594689284949574,1.054385517626959,0.9721450567951321,1.0734307296017869,1.0900914017895447,0.9918626995056175,0.9878099822001607,0.9443640621496606,1.0319129095960362
ME-APIC,350.0,188.825,195.22067894083378,174.85827766835516,89.56954694402536,102.96017212828102,1038.603433498003,0.0,7,23.076923076923073,28.533936620530802,0.900407566635667,-0.49037821679302596,54,49097835,2.0,0.005,0.015,0.9594689284949574,1.054385517626959,0.9721450567951321,1.0734307296017869,1.0900914017895447,0.9918626995056175,0.9878099822001607,0.9443640621496606,1.0319129095960362
Passive,300.0,157.3,165.1101310832167,98.4121859188685,59.60396571259947,82.19961054916484,472.7759285239592,0.0,0,0.0,0.0,0.0,0.0,55,363534588,2.0,0.005,0.015,1.0265465598202328,0.9920064566140946,1.0897156155946073,1.019629250844133,0.92700449323549,1.0808339942615715,0.965111918927031,1.090056066899415,1.0960212169326575
Continuous,300.0,157.3,163.44813871602028,93.9379120279051,57.4726104352376,86.22231003366755,466.16493132591336,0.0,1,100.0,72.25674498789394,1.5888711138882754,-0.48309306064269564,55,363534588,2.0,0.005,0.015,1.0265465598202328,0.9920064566140946,1.0897156155946073,1.019629250844133,0.92700449323549,1.0808339942615715,0.965111918927031,1.090056066899415,1.0960212169326575
T-APIC,300.0,157.3,165.4519122459542,97.16895820655303,58.729425902376725,86.01147978083644,471.2988565697879,0.0,8,27.594936708860757,21.36464592348185,0.5930183410701761,-0.16004617522110945,55,363534588,2.0,0.005,0.015,1.0265465598202328,0.9920064566140946,1.0897156155946073,1.019629250844133,0.92700449323549,1.0808339942615715,0.965111918927031,1.090056066899415,1.0960212169326575
E-APIC,300.0,157.3,166.32796268729092,97.13399725500224,58.399078354384386,86.01147978083644,474.0766383640685,0.0,6,18.73417721518987,15.960148654303737,0.44150902330653313,0.01962791394100785,55,363534588,2.0,0.005,0.015,1.0265465598202328,0.9920064566140946,1.0897156155946073,1.019629250844133,0.92700449323549,1.0808339942615715,0.965111918927031,1.090056066899415,1.0960212169326575
ME-APIC,300.0,157.3,165.18292404045474,97.2711205067398,58.88691041872904,85.763480114216,469.76105139581546,0.0,7,22.78481012658228,14.393371488896948,0.4594034523851822,-0.09633590430896312,55,363534588,2.0,0.005,0.015,1.0265465598202328,0.9920064566140946,1.0897156155946073,1.019629250844133,0.92700449323549,1.0808339942615715,0.965111918927031,1.090056066899415,1.0960212169326575
Passive,350.0,188.825,190.22134007885978,166.92270018590864,87.75182643372597,95.51104785980964,990.8313065544195,0.0,0,0.0,0.0,0.0,0.0,55,363534588,2.0,0.005,0.015,1.0265465598202328,0.9920064566140946,1.0897156155946073,1.019629250844133,0.92700449323549,1.0808339942615715,0.965111918927031,1.090056066899415,1.0960212169326575
Continuous,350.0,188.825,189.6850820793792,165.46706315040709,87.2325126132811,85.79691556131031,998.4047846061844,0.0,1,99.99999999999999,127.89455104470827,2.7853977806697947,-1.0785822442650788,55,363534588,2.0,0.005,0.015,1.0265465598202328,0.9920064566140946,1.0897156155946073,1.019629250844133,0.92700449323549,1.0808339942615715,0.965111918927031,1.090056066899415,1.0960212169326575
T-APIC,350.0,188.825,191.55809498806798,167.1393582612051,87.25256861194829,96.08695125624028,970.440575271605,0.0,7,26.923076923076923,21.0487383335295,0.8315996319859518,-0.11301285418843254,55,363534588,2.0,0.005,0.015,1.0265465598202328,0.9920064566140946,1.0897156155946073,1.019629250844133,0.92700449323549,1.0808339942615715,0.965111918927031,1.090056066899415,1.0960212169326575
E-APIC,350.0,188.825,192.93897245248934,169.9184655654455,88.06850342653682,98.19694361550073,979.5409959281187,0.0,6,21.89349112426035,33.63554018014557,0.7561664411990469,0.0416379047816609,55,363534588,2.0,0.005,0.015,1.0265465598202328,0.9920064566140946,1.0897156155946073,1.019629250844133,0.92700449323549,1.0808339942615715,0.965111918927031,1.090056066899415,1.0960212169326575
ME-APIC,350.0,188.825,190.04040808926112,166.0808494480853,87.3923872916953,96.36403993627391,968.1628521082744,0.0,7,22.928994082840234,23.072970519776526,0.7789880840038774,-0.47245287353203147,55,363534588,2.0,0.005,0.015,1.0265465598202328,0.9920064566140946,1.0897156155946073,1.019629250844133,0.92700449323549,1.0808339942615715,0.965111918927031,1.090056066899415,1.0960212169326575
Passive,300.0,157.3,168.8683107161302,100.71640100638062,59.6419781658657,82.45714260054794,465.49156278139225,0.0,0,0.0,0.0,0.0,0.0,56,1964962236,2.0,0.005,0.015,0.9360644625444916,1.017232839322726,1.0298375914070212,0.9428265022292844,0.9803319343743919,1.0168561322572023,1.0498460133127863,0.9538541017276211,0.9949575603611734
Continuous,300.0,157.3,166.2289113239358,95.60850360758883,57.516170229421384,86.9495723946966,466.89654221706365,0.0,1,100.0,77.405645765987,1.697171533190558,-0.6090615329160012,56,1964962236,2.0,0.005,0.015,0.9360644625444916,1.017232839322726,1.0298375914070212,0.9428265022292844,0.9803319343743919,1.0168561322572023,1.0498460133127863,0.9538541017276211,0.9949575603611734
T-APIC,300.0,157.3,168.93788649705286,99.31124443210146,58.78565577641103,86.49064549925886,472.9554222474036,0.0,8,27.594936708860757,22.98484932509742,0.637358985098188,-0.1961455496286227,56,1964962236,2.0,0.005,0.015,0.9360644625444916,1.017232839322726,1.0298375914070212,0.9428265022292844,0.9803319343743919,1.0168561322572023,1.0498460133127863,0.9538541017276211,0.9949575603611734
E-APIC,300.0,157.3,169.1188766118746,99.17711910834007,58.64343537235653,86.49064549925886,475.76251908342437,0.0,6,18.73417721518987,13.901435812102816,0.48302462363687193,-0.14692447442107165,56,1964962236,2.0,0.005,0.015,0.9360644625444916,1.017232839322726,1.0298375914070212,0.9428265022292844,0.9803319343743919,1.0168561322572023,1.0498460133127863,0.9538541017276211,0.9949575603611734
ME-APIC,300.0,157.3,168.80370587840864,99.46668653477737,58.92446852228732,86.05531141605903,470.6948995607002,0.0,7,22.78481012658228,16.145919359488083,0.5000375337550714,-0.10782364901570474,56,1964962236,2.0,0.005,0.015,0.9360644625444916,1.017232839322726,1.0298375914070212,0.9428265022292844,0.9803319343743919,1.0168561322572023,1.0498460133127863,0.9538541017276211,0.9949575603611734
Passive,350.0,188.825,195.11486856703863,173.98286076488546,89.16945286776414,97.81263419480103,1054.6034312371598,0.0,0,0.0,0.0,0.0,0.0,56,1964962236,2.0,0.005,0.015,0.9360644625444916,1.017232839322726,1.0298375914070212,0.9428265022292844,0.9803319343743919,1.0168561322572023,1.0498460133127863,0.9538541017276211,0.9949575603611734
Continuous,350.0,188.825,193.58260683238774,171.55091182745,88.61896976931727,93.79866023965731,1045.4753632312563,0.0,1,99.99999999999999,136.45692888959118,2.9238015209598336,-1.298501548001036,56,1964962236,2.0,0.005,0.015,0.9360644625444916,1.017232839322726,1.0298375914070212,0.9428265022292844,0.9803319343743919,1.0168561322572023,1.0498460133127863,0.9538541017276211,0.9949575603611734
T-APIC,350.0,188.825,196.17923483849424,173.6989269631572,88.54093406274926,103.1231762583594,1026.342316280813,0.0,7,26.923076923076923,22.59139059758734,0.8824417994418402,-0.17715806804923737,56,1964962236,2.0,0.005,0.015,0.9360644625444916,1.017232839322726,1.0298375914070212,0.9428265022292844,0.9803319343743919,1.0168561322572023,1.0498460133127863,0.9538541017276211,0.9949575603611734
E-APIC,350.0,188.825,197.6927465547638,176.96411382585865,89.51472267437845,103.1231762583594,1044.2894989883341,0.0,6,21.89349112426035,34.66535435542141,0.7952353684500149,-0.008121711832125256,56,1964962236,2.0,0.005,0.015,0.9360644625444916,1.017232839322726,1.0298375914070212,0.9428265022292844,0.9803319343743919,1.0168561322572023,1.0498460133127863,0.9538541017276211,0.9949575603611734
ME-APIC,350.0,188.825,194.879282022877,172.79143213724979,88.66588092056173,102.24282902654076,1030.0159276978654,0.0,7,23.076923076923073,26.83315977513806,0.8685628149152055,-0.48627457699205534,56,1964962236,2.0,0.005,0.015,0.9360644625444916,1.017232839322726,1.0298375914070212,0.9428265022292844,0.9803319343743919,1.0168561322572023,1.0498460133127863,0.9538541017276211,0.9949575603611734
Passive,300.0,157.3,168.07708026972338,99.0157258754161,58.91090309072458,85.07456697680057,469.15039077627745,0.0,0,0.0,0.0,0.0,0.0,57,501875532,2.0,0.005,0.015,0.967970330612591,0.9525700697389001,0.9066293940852059,1.0640839960481776,1.0257358280450324,0.9881399371840158,0.9294228755864293,0.9662817749791567,1.0643701992736656
Continuous,300.0,157.3,165.21510646842717,93.7502414475188,56.744351924885635,90.92335500821315,460.5270208218344,0.0,1,100.0,80.90570438625251,1.7472543730797914,-0.646927287122967,57,501875532,2.0,0.005,0.015,0.967970330612591,0.9525700697389001,0.9066293940852059,1.0640839960481776,1.0257358280450324,0.9881399371840158,0.9294228755864293,0.9662817749791567,1.0643701992736656
T-APIC,300.0,157.3,167.98977413264097,97.45231256093719,58.01085992531368,90.45876745104499,466.30276100321606,0.0,8,27.594936708860757,24.640557079428564,0.6513016542170975,-0.2143214919508512,57,501875532,2.0,0.005,0.015,0.967970330612591,0.9525700697389001,0.9066293940852059,1.0640839960481776,1.0257358280450324,0.9881399371840158,0.9294228755864293,0.9662817749791567,1.0643701992736656
E-APIC,300.0,157.3,167.77688772782687,96.94486428905358,57.78201372189041,90.45876745104499,467.1707445346271,0.0,7,23.41772151898734,20.923955518015415,0.5840346247134457,-0.27503548663193295,57,501875532,2.0,0.005,0.015,0.967970330612591,0.9525700697389001,0.9066293940852059,1.0640839960481776,1.0257358280450324,0.9881399371840158,0.9294228755864293,0.9662817749791567,1.0643701992736656
ME-APIC,300.0,157.3,167.97472416652016,97.68450634990685,58.15428888757587,89.77924323753011,465.67837382221256,0.0,7,22.78481012658228,17.319083123367417,0.5141824026669413,-0.102422138310234,57,501875532,2.0,0.005,0.015,0.967970330612591,0.9525700697389001,0.9066293940852059,1.0640839960481776,1.0257358280450324,0.9881399371840158,0.9294228755864293,0.9662817749791567,1.0643701992736656
Passive,350.0,188.825,193.5865884355806,167.91475904464923,86.73883888424731,94.88599494922022,1011.4261097442837,0.0,0,0.0,0.0,0.0,0.0,57,501875532,2.0,0.005,0.015,0.967970330612591,0.9525700697389001,0.9066293940852059,1.0640839960481776,1.0257358280450324,0.9881399371840158,0.9294228755864293,0.9662817749791567,1.0643701992736656
Continuous,350.0,188.825,191.7440501823383,165.0149913477464,86.0600322100352,96.08339872822049,1005.1788148825265,0.0,1,99.99999999999999,139.96344933330323,2.95425279709014,-1.3520179272832955,57,501875532,2.0,0.005,0.015,0.967970330612591,0.9525700697389001,0.9066293940852059,1.0640839960481776,1.0257358280450324,0.9881399371840158,0.9294228755864293,0.9662817749791567,1.0643701992736656
T-APIC,350.0,188.825,194.48272992790265,167.41887527450493,86.08418615707902,102.19997865695962,981.6018340083363,0.0,7,26.923076923076923,23.87612005656492,0.883650775832195,-0.22426309411904202,57,501875532,2.0,0.005,0.015,0.967970330612591,0.9525700697389001,0.9066293940852059,1.0640839960481776,1.0257358280450324,0.9881399371840158,0.9294228755864293,0.9662817749791567,1.0643701992736656
E-APIC,350.0,188.825,197.24022636125662,170.8497836510247,86.62015188428332,102.19997865695962,997.4695648672412,0.0,5,16.420118343195266,35.79675030811202,0.8689956027875056,0.2770323507418569,57,501875532,2.0,0.005,0.015,0.967970330612591,0.9525700697389001,0.9066293940852059,1.0640839960481776,1.0257358280450324,0.9881399371840158,0.9294228755864293,0.9662817749791567,1.0643701992736656
ME-APIC,350.0,188.825,193.22516223046017,166.3058387453237,86.06841719039174,100.4067670078796,980.7367569248581,0.0,7,23.076923076923073,30.22185958922166,0.912728833578821,-0.509573235144753,57,501875532,2.0,0.005,0.015,0.967970330612591,0.9525700697389001,0.9066293940852059,1.0640839960481776,1.0257358280450324,0.9881399371840158,0.9294228755864293,0.9662817749791567,1.0643701992736656
Passive,300.0,157.3,167.34998288154154,99.28346868169794,59.326847228885356,79.3367942540526,470.9522718732935,0.0,0,0.0,0.0,0.0,0.0,58,1832359417,2.0,0.005,0.015,1.1170260808046644,0.9883435262202274,1.0732262287340992,1.0451161409515586,0.955330058471622,0.9624062861954151,0.965356943342576,0.9839251729764792,1.0810531083531183
Continuous,300.0,157.3,164.65034596661036,94.10940590408318,57.15712612178036,83.17215004601412,462.1912810260767,0.0,1,100.0,82.05696325912857,1.7691879924838196,-0.6400194788395851,58,1832359417,2.0,0.005,0.015,1.1170260808046644,0.9883435262202274,1.0732262287340992,1.0451161409515586,0.955330058471622,0.9624062861954151,0.965356943342576,0.9839251729764792,1.0810531083531183
T-APIC,300.0,157.3,167.3173116351807,97.812967985862,58.45956227119748,82.80207715007145,467.2014417641796,0.0,8,27.594936708860757,22.756492875739024,0.6164309204423126,-0.23538066411152642,58,1832359417,2.0,0.005,0.015,1.1170260808046644,0.9883435262202274,1.0732262287340992,1.0451161409515586,0.955330058471622,0.9624062861954151,0.965356943342576,0.9839251729764792,1.0810531083531183
E-APIC,300.0,157.3,168.26420285180737,98.1177610890883,58.31172609868897,82.80207715007145,471.160834964094,0.0,6,18.73417721518987,18.938190050801783,0.38686330665789953,-0.04670766730854297,58,1832359417,2.0,0.005,0.015,1.1170260808046644,0.9883435262202274,1.0732262287340992,1.0451161409515586,0.955330058471622,0.9624062861954151,0.965356943342576,0.9839251729764792,1.0810531083531183
ME-APIC,300.0,157.3,167.24060036207976,97.96241489364489,58.57573739962306,82.43377260532125,467.01991121182914,0.0,7,22.78481012658228,16.81957336611457,0.5289439151105968,-0.11092989141178229,58,1832359417,2.0,0.005,0.015,1.1170260808046644,0.9883435262202274,1.0732262287340992,1.0451161409515586,0.955330058471622,0.9624062861954151,0.965356943342576,0.9839251729764792,1.0810531083531183
Passive,350.0,188.825,192.6425252544543,168.3688605981134,87.39963327189635,95.08739240427853,1005.1313930311325,0.0,0,0.0,0.0,0.0,0.0,58,1832359417,2.0,0.005,0.015,1.1170260808046644,0.9883435262202274,1.0732262287340992,1.0451161409515586,0.955330058471622,0.9624062861954151,0.965356943342576,0.9839251729764792,1.0810531083531183
Continuous,350.0,188.825,191.03903737396908,165.86928967657425,86.82481442359673,95.87950613190726,997.8713821731476,0.0,1,99.99999999999999,137.73527112017203,2.934827752000974,-1.3337719621187607,58,1832359417,2.0,0.005,0.015,1.1170260808046644,0.9883435262202274,1.0732262287340992,1.0451161409515586,0.955330058471622,0.9624062861954151,0.965356943342576,0.9839251729764792,1.0810531083531183
T-APIC,350.0,188.825,193.58343399300358,168.31232130468786,86.94562227404796,97.76996726200937,979.7589714198728,0.0,7,26.923076923076923,22.479584418309813,0.8472465191546581,-0.218628598511223,58,1832359417,2.0,0.005,0.015,1.1170260808046644,0.9883435262202274,1.0732262287340992,1.0451161409515586,0.955330058471622,0.9624062861954151,0.965356943342576,0.9839251729764792,1.0810531083531183
E-APIC,350.0,188.825,194.51428815121312,170.29820784618317,87.55048766072925,97.76996726200937,989.7695326267662,0.0,7,27.36686390532544,51.92389812392693,1.0939572715506825,-0.38254794706795425,58,1832359417,2.0,0.005,0.015,1.1170260808046644,0.9883435262202274,1.0732262287340992,1.0451161409515586,0.955330058471622,0.9624062861954151,0.965356943342576,0.9839251729764792,1.0810531083531183
ME-APIC,350.0,188.825,192.14907796165278,167.03164590216224,86.92815374086612,97.42467765117142,981.1841470022632,0.0,7,23.076923076923073,27.076006640063902,0.8611020931467801,-0.5524123008581665,58,1832359417,2.0,0.005,0.015,1.1170260808046644,0.9883435262202274,1.0732262287340992,1.0451161409515586,0.955330058471622,0.9624062861954151,0.965356943342576,0.9839251729764792,1.0810531083531183
Passive,300.0,157.3,169.26121470485123,99.15467717742003,58.5808611561253,83.14426221442444,479.0525979606244,0.0,0,0.0,0.0,0.0,0.0,59,1602451372,2.0,0.005,0.015,1.1979782011991267,0.9338432478633485,0.9706682373512387,0.9100587894889417,0.9795557059384987,0.9173218154630525,1.0032575146374667,0.9266427404316407,1.0809116392078626
Continuous,300.0,157.3,165.7575647162585,93.5674085993514,56.448348984565975,87.54706443790907,470.7038028346425,0.0,1,100.0,83.13717314238068,1.7627567369420503,-0.7316977931768537,59,1602451372,2.0,0.005,0.015,1.1979782011991267,0.9338432478633485,0.9706682373512387,0.9100587894889417,0.9795557059384987,0.9173218154630525,1.0032575146374667,0.9266427404316407,1.0809116392078626
T-APIC,300.0,157.3,169.0316669323064,97.52572637150246,57.69671928429804,87.2202926558118,477.08255249065735,0.0,8,27.594936708860757,25.82899908756313,0.6745654762188095,-0.23768395903466868,59,1602451372,2.0,0.005,0.015,1.1979782011991267,0.9338432478633485,0.9706682373512387,0.9100587894889417,0.9795557059384987,0.9173218154630525,1.0032575146374667,0.9266427404316407,1.0809116392078626
E-APIC,300.0,157.3,168.92380720342035,97.09254256679553,57.477121889560166,87.2202926558118,476.74615432298305,0.0,6,18.73417721518987,23.447045306696808,0.5716664880575529,-0.26660640144115816,59,1602451372,2.0,0.005,0.015,1.1979782011991267,0.9338432478633485,0.9706682373512387,0.9100587894889417,0.9795557059384987,0.9173218154630525,1.0032575146374667,0.9266427404316407,1.0809116392078626
ME-APIC,300.0,157.3,168.961853184124,97.74175085701378,57.84841312701569,86.77293702500448,474.9557687106826,0.0,7,22.78481012658228,18.083057364500053,0.5023132148867043,-0.14250240855395038,59,1602451372,2.0,0.005,0.015,1.1979782011991267,0.9338432478633485,0.9706682373512387,0.9100587894889417,0.9795557059384987,0.9173218154630525,1.0032575146374667,0.9266427404316407,1.0809116392078626
Passive,350.0,188.825,195.1768166594578,168.70859090692946,86.4388474996445,96.5125086206397,1009.136989301581,0.0,0,0.0,0.0,0.0,0.0,59,1602451372,2.0,0.005,0.015,1.1979782011991267,0.9338432478633485,0.9706682373512387,0.9100587894889417,0.9795557059384987,0.9173218154630525,1.0032575146374667,0.9266427404316407,1.0809116392078626
Continuous,350.0,188.825,192.58400002213722,165.368509146588,85.86824924582476,88.55325802641441,1026.4034196659727,0.0,1,99.99999999999999,144.40489264377436,2.988865065983969,-1.47731500314737,59,1602451372,2.0,0.005,0.015,1.1979782011991267,0.9338432478633485,0.9706682373512387,0.9100587894889417,0.9795557059384987,0.9173218154630525,1.0032575146374667,0.9266427404316407,1.0809116392078626
T-APIC,350.0,188.825,195.86003008317434,168.05990329508975,85.80612553961167,100.50537896138657,1006.8010815953583,0.0,7,26.923076923076923,23.018068479299416,0.8759854968660407,-0.24975521653916613,59,1602451372,2.0,0.005,0.015,1.1979782011991267,0.9338432478633485,0.9706682373512387,0.9100587894889417,0.9795557059384987,0.9173218154630525,1.0032575146374667,0.9266427404316407,1.0809116392078626
E-APIC,350.0,188.825,196.21375085619297,169.37221152246178,86.32025573304307,100.77187408036258,1012.5425149979884,0.0,7,27.36686390532544,50.726918751314024,1.2276819239651906,-0.5297729920948491,59,1602451372,2.0,0.005,0.015,1.1979782011991267,0.9338432478633485,0.9706682373512387,0.9100587894889417,0.9795557059384987,0.9173218154630525,1.0032575146374667,0.9266427404316407,1.0809116392078626
ME-APIC,350.0,188.825,194.64605980954138,167.2289832554012,85.91439426980057,100.07439953795317,1009.0849345705352,0.0,7,23.076923076923073,29.798399035040898,0.9205239511092288,-0.5440776473347329,59,1602451372,2.0,0.005,0.015,1.1979782011991267,0.9338432478633485,0.9706682373512387,0.9100587894889417,0.9795557059384987,0.9173218154630525,1.0032575146374667,0.9266427404316407,1.0809116392078626
Passive,300.0,157.3,168.1233192467716,98.39955925163036,58.528203994830356,84.10453795260744,476.8620440218147,0.0,0,0.0,0.0,0.0,0.0,60,2110401701,2.0,0.005,0.015,1.0306393825773679,1.062847182292897,0.9013297418282131,0.9521718384164182,0.9168364095468153,1.063130889689713,1.0023725882619428,0.9587875980412682,0.908213336938025
Continuous,300.0,157.3,165.75070697038768,93.58833928312565,56.463312280077176,88.76233850010053,477.7930463373492,0.0,1,100.0,75.3990916480703,1.6981969340735332,-0.5492920598762869,60,2110401701,2.0,0.005,0.015,1.0306393825773679,1.062847182292897,0.9013297418282131,0.9521718384164182,0.9168364095468153,1.063130889689713,1.0023725882619428,0.9587875980412682,0.908213336938025
T-APIC,300.0,157.3,168.26927671878383,97.0620199982024,57.68255613317639,88.301964165348,483.6840113391831,0.0,8,27.594936708860757,22.281457100060194,0.6375269279853766,-0.17725115865932764,60,2110401701,2.0,0.005,0.015,1.0306393825773679,1.062847182292897,0.9013297418282131,0.9521718384164182,0.9168364095468153,1.063130889689713,1.0023725882619428,0.9587875980412682,0.908213336938025
E-APIC,300.0,157.3,168.4638665218681,97.27800844575877,57.74413852310057,88.301964165348,487.1342158165886,0.0,6,18.73417721518987,19.087063115519495,0.45017355077083726,-0.13692706192942705,60,2110401701,2.0,0.005,0.015,1.0306393825773679,1.062847182292897,0.9013297418282131,0.9521718384164182,0.9168364095468153,1.063130889689713,1.0023725882619428,0.9587875980412682,0.908213336938025
ME-APIC,300.0,157.3,168.14122919488352,97.24674723083356,57.83634846520603,87.84526824401694,481.5609072361151,0.0,7,22.531645569620252,15.335643378218494,0.49655769257443466,-0.1073134210934595,60,2110401701,2.0,0.005,0.015,1.0306393825773679,1.062847182292897,0.9013297418282131,0.9521718384164182,0.9168364095468153,1.063130889689713,1.0023725882619428,0.9587875980412682,0.908213336938025
Passive,350.0,188.825,195.92023215045234,176.3045231860755,89.98791051384963,99.04726510864712,1064.8305883366436,0.0,0,0.0,0.0,0.0,0.0,60,2110401701,2.0,0.005,0.015,1.0306393825773679,1.062847182292897,0.9013297418282131,0.9521718384164182,0.9168364095468153,1.063130889689713,1.0023725882619428,0.9587875980412682,0.908213336938025
Continuous,350.0,188.825,194.7338393681194,174.32832234628196,89.52132968360809,103.48899801985189,1048.628715225113,0.0,1,99.99999999999999,136.43279727013845,2.9532030915633736,-1.2397462560393369,60,2110401701,2.0,0.005,0.015,1.0306393825773679,1.062847182292897,0.9013297418282131,0.9521718384164182,0.9168364095468153,1.063130889689713,1.0023725882619428,0.9587875980412682,0.908213336938025
T-APIC,350.0,188.825,197.16639768254706,176.40281682866623,89.46900633275666,106.3018167837522,1043.456287083801,0.0,7,26.923076923076923,23.61549979708241,0.8885513765695661,-0.15446224099605144,60,2110401701,2.0,0.005,0.015,1.0306393825773679,1.062847182292897,0.9013297418282131,0.9521718384164182,0.9168364095468153,1.063130889689713,1.0023725882619428,0.9587875980412682,0.908213336938025
E-APIC,350.0,188.825,197.5018268944387,177.99358127226614,90.12249864777232,106.29819712305833,1051.7039003746854,0.0,7,27.36686390532544,51.991338701335934,1.1971782076454325,-0.4728352498954594,60,2110401701,2.0,0.005,0.015,1.0306393825773679,1.062847182292897,0.9013297418282131,0.9521718384164182,0.9168364095468153,1.063130889689713,1.0023725882619428,0.9587875980412682,0.908213336938025
ME-APIC,350.0,188.825,195.71255499181444,175.03231399588074,89.43336006379425,103.47487424315177,1042.9305882332535,0.0,7,22.928994082840234,26.33717940146479,0.8729782155345545,-0.4634900828638417,60,2110401701,2.0,0.005,0.015,1.0306393825773679,1.062847182292897,0.9013297418282131,0.9521718384164182,0.9168364095468153,1.063130889689713,1.0023725882619428,0.9587875980412682,0.908213336938025
Passive,300.0,157.3,167.44775871653374,99.85232021079598,59.63192399596842,83.86037982849143,455.59242941485496,0.0,0,0.0,0.0,0.0,0.0,61,2031029251,2.0,0.005,0.015,1.0146891276438363,1.0556682779204412,0.964860551916239,0.9706269244622103,1.0543463354485227,0.9809722088375729,0.9512659214035938,1.0225236605220838,0.9608874640616561
Continuous,300.0,157.3,164.64780300483054,94.85101803747928,57.60843224534037,88.18259451368787,456.87494501737046,0.0,1,100.0,78.8966473401932,1.7278504784964572,-0.6165593726337215,61,2031029251,2.0,0.005,0.015,1.0146891276438363,1.0556682779204412,0.964860551916239,0.9706269244622103,1.0543463354485227,0.9809722088375729,0.9512659214035938,1.0225236605220838,0.9608874640616561
T-APIC,300.0,157.3,167.4261134633275,98.50286458875085,58.833632670047386,87.75290882541267,462.7163891398131,0.0,8,27.594936708860757,23.015018962980644,0.6216964947842697,-0.19543984499256314,61,2031029251,2.0,0.005,0.015,1.0146891276438363,1.0556682779204412,0.964860551916239,0.9706269244622103,1.0543463354485227,0.9809722088375729,0.9512659214035938,1.0225236605220838,0.9608874640616561
E-APIC,300.0,157.3,168.25912024282064,98.68618043195752,58.65131131646239,87.75290882541267,465.96078460892636,0.0,6,18.73417721518987,19.218499068578822,0.38779339726092804,-0.032173851122013854,61,2031029251,2.0,0.005,0.015,1.0146891276438363,1.0556682779204412,0.964860551916239,0.9706269244622103,1.0543463354485227,0.9809722088375729,0.9512659214035938,1.0225236605220838,0.9608874640616561
ME-APIC,300.0,157.3,167.39602371197262,98.73675585896497,58.98393143964689,87.33691826931823,460.15560294567916,0.0,7,22.78481012658228,15.805694861077182,0.5035608489965072,-0.07712405376493663,61,2031029251,2.0,0.005,0.015,1.0146891276438363,1.0556682779204412,0.964860551916239,0.9706269244622103,1.0543463354485227,0.9809722088375729,0.9512659214035938,1.0225236605220838,0.9608874640616561
Passive,350.0,188.825,193.42252282767186,173.99600400787193,89.9564339582584,100.61576083785674,1056.0405161368205,0.0,0,0.0,0.0,0.0,0.0,61,2031029251,2.0,0.005,0.015,1.0146891276438363,1.0556682779204412,0.964860551916239,0.9706269244622103,1.0543463354485227,0.9809722088375729,0.9512659214035938,1.0225236605220838,0.9608874640616561
Continuous,350.0,188.825,191.77541414306592,171.52507129793273,89.44059490857036,102.30231241323018,1038.567868811805,0.0,1,99.99999999999999,136.1714167400245,2.884287269786482,-1.3082323210018285,61,2031029251,2.0,0.005,0.015,1.0146891276438363,1.0556682779204412,0.964860551916239,0.9706269244622103,1.0543463354485227,0.9809722088375729,0.9512659214035938,1.0225236605220838,0.9608874640616561
T-APIC,350.0,188.825,194.35597722861803,173.57968199921422,89.31018457695028,103.69461241749983,1028.3962729342948,0.0,7,26.923076923076923,23.868555689978937,0.8772243768416239,-0.21049956719418678,61,2031029251,2.0,0.005,0.015,1.0146891276438363,1.0556682779204412,0.964860551916239,0.9706269244622103,1.0543463354485227,0.9809722088375729,0.9512659214035938,1.0225236605220838,0.9608874640616561
E-APIC,350.0,188.825,197.04895566257906,177.13724585496385,89.89504423372257,103.69461241749983,1046.6490129124325,0.0,5,16.420118343195266,35.01964395673231,0.8496211448262747,0.28893944393078236,61,2031029251,2.0,0.005,0.015,1.0146891276438363,1.0556682779204412,0.964860551916239,0.9706269244622103,1.0543463354485227,0.9809722088375729,0.9512659214035938,1.0225236605220838,0.9608874640616561
ME-APIC,350.0,188.825,193.08203771818924,172.55318667148592,89.3678089949175,103.30143491168687,1030.8350284678238,0.0,7,22.928994082840234,27.058373787094308,0.8760636916889079,-0.4915940444760666,61,2031029251,2.0,0.005,0.015,1.0146891276438363,1.0556682779204412,0.964860551916239,0.9706269244622103,1.0543463354485227,0.9809722088375729,0.9512659214035938,1.0225236605220838,0.9608874640616561
Passive,300.0,157.3,166.0018869365309,97.3894410080458,58.66767107610147,84.53951046295475,459.00549586609236,0.0,0,0.0,0.0,0.0,0.0,62,1325285667,2.0,0.005,0.015,0.9857964407381371,0.9982986025328067,0.9135934015974141,1.0724517476701068,0.990275466349259,0.9726325660778514,1.0730726265467598,1.0425391243484838,0.9215967642069557
Continuous,300.0,157.3,163.3227513250768,92.42277207651817,56.589036938619984,87.78977697156367,459.22788230779355,0.0,1,100.0,80.77572621158491,1.755404719398029,-0.579757144687865,62,1325285667,2.0,0.005,0.015,0.9857964407381371,0.9982986025328067,0.9135934015974141,1.0724517476701068,0.990275466349259,0.9726325660778514,1.0730726265467598,1.0425391243484838,0.9215967642069557
T-APIC,300.0,157.3,166.0096978564124,96.01681589628713,57.83807641125607,87.59485841683664,464.9625506153492,0.0,8,27.594936708860757,23.158169012239302,0.6202769822020991,-0.1958815525070262,62,1325285667,2.0,0.005,0.015,0.9857964407381371,0.9982986025328067,0.9135934015974141,1.0724517476701068,0.990275466349259,0.9726325660778514,1.0730726265467598,1.0425391243484838,0.9215967642069557
E-APIC,300.0,157.3,165.73996563221175,94.67112668256414,57.120276525606265,87.59485841683664,462.6809857867845,0.0,6,18.73417721518987,14.512059041309875,0.4827721004218155,-0.2443301022570289,62,1325285667,2.0,0.005,0.015,0.9857964407381371,0.9982986025328067,0.9135934015974141,1.0724517476701068,0.990275466349259,0.9726325660778514,1.0730726265467598,1.0425391243484838,0.9215967642069557
ME-APIC,300.0,157.3,165.89916267574603,96.24155171014594,58.01207803456634,87.36387046531665,462.8498554428591,0.0,7,22.658227848101262,15.807902267814724,0.49920704902439,-0.09068680766900476,62,1325285667,2.0,0.005,0.015,0.9857964407381371,0.9982986025328067,0.9135934015974141,1.0724517476701068,0.990275466349259,0.9726325660778514,1.0730726265467598,1.0425391243484838,0.9215967642069557
Passive,350.0,188.825,192.02703513748116,169.68254744503102,88.36388445176343,100.20397847492556,1018.268990037832,0.0,0,0.0,0.0,0.0,0.0,62,1325285667,2.0,0.005,0.015,0.9857964407381371,0.9982986025328067,0.9135934015974141,1.0724517476701068,0.990275466349259,0.9726325660778514,1.0730726265467598,1.0425391243484838,0.9215967642069557
Continuous,350.0,188.825,190.4622972315982,167.2550385232008,87.81530043178158,93.75445009803505,1008.5561081921538,0.0,1,99.99999999999999,136.93598457185618,2.8767227474172774,-1.3057300467257775,62,1325285667,2.0,0.005,0.015,0.9857964407381371,0.9982986025328067,0.9135934015974141,1.0724517476701068,0.990275466349259,0.9726325660778514,1.0730726265467598,1.0425391243484838,0.9215967642069557
T-APIC,350.0,188.825,193.00795411176148,169.3663458864115,87.75096687898144,104.0395847141129,995.2612132121425,0.0,7,26.923076923076923,22.403562733518577,0.8578337030563313,-0.19046629507675203,62,1325285667,2.0,0.005,0.015,0.9857964407381371,0.9982986025328067,0.9135934015974141,1.0724517476701068,0.990275466349259,0.9726325660778514,1.0730726265467598,1.0425391243484838,0.9215967642069557
E-APIC,350.0,188.825,194.446228334463,172.52964541687692,88.72871790555494,104.0395847141129,1011.539134634738,0.0,6,21.89349112426035,33.68353174077459,0.7735978521686647,-0.0246818695045847,62,1325285667,2.0,0.005,0.015,0.9857964407381371,0.9982986025328067,0.9135934015974141,1.0724517476701068,0.990275466349259,0.9726325660778514,1.0730726265467598,1.0425391243484838,0.9215967642069557
ME-APIC,350.0,188.825,191.58401374973894,168.33399225423815,87.86432070168878,103.42552724106156,997.5947587765053,0.0,7,22.781065088757394,25.003357948306686,0.8370300287653274,-0.5118432373589994,62,1325285667,2.0,0.005,0.015,0.9857964407381371,0.9982986025328067,0.9135934015974141,1.0724517476701068,0.990275466349259,0.9726325660778514,1.0730726265467598,1.0425391243484838,0.9215967642069557
Passive,300.0,157.3,165.83975498042443,96.8626010210996,58.407346919038304,83.4465566137466,471.81349717236003,0.0,0,0.0,0.0,0.0,0.0,63,115099853,2.0,0.005,0.015,1.1735612944013267,0.9962381008229082,0.957398760574621,1.0698745420979692,0.9183266133609587,0.910375028943792,1.0074130483287413,1.022533469790821,1.0055480436172801
Continuous,300.0,157.3,162.88460648152298,91.71960147605466,56.30955770302272,90.17624439132118,470.69457309997745,0.0,1,100.0,83.18487296707458,1.7706199317810702,-0.6184295066120182,63,115099853,2.0,0.005,0.015,1.1735612944013267,0.9962381008229082,0.957398760574621,1.0698745420979692,0.9183266133609587,0.910375028943792,1.0074130483287413,1.022533469790821,1.0055480436172801
T-APIC,300.0,157.3,165.5895522440074,95.35163127385468,57.58312042135823,88.65589382278475,475.9411952921307,0.0,8,27.594936708860757,22.997107004508237,0.6184578941579677,-0.2750691661848477,63,115099853,2.0,0.005,0.015,1.1735612944013267,0.9962381008229082,0.957398760574621,1.0698745420979692,0.9183266133609587,0.910375028943792,1.0074130483287413,1.022533469790821,1.0055480436172801
E-APIC,300.0,157.3,166.48364219903266,95.5214203376848,57.37585931925258,88.65589362977022,480.02583184321395,0.0,6,18.73417721518987,14.93275473615941,0.3590748517311519,-0.09128683137911596,63,115099853,2.0,0.005,0.015,1.1735612944013267,0.9962381008229082,0.957398760574621,1.0698745420979692,0.9183266133609587,0.910375028943792,1.0074130483287413,1.022533469790821,1.0055480436172801
ME-APIC,300.0,157.3,165.55011955052004,95.43040381396153,57.64441854410111,87.8025993539085,474.52333884628473,0.0,7,22.78481012658228,18.040375128074874,0.5467173978311559,-0.12816537079305737,63,115099853,2.0,0.005,0.015,1.1735612944013267,0.9962381008229082,0.957398760574621,1.0698745420979692,0.9183266133609587,0.910375028943792,1.0074130483287413,1.022533469790821,1.0055480436172801
Passive,350.0,188.825,192.27166393508546,167.6866221565305,87.21338273389296,93.30369929014078,991.7843474528413,0.0,0,0.0,0.0,0.0,0.0,63,115099853,2.0,0.005,0.015,1.1735612944013267,0.9962381008229082,0.957398760574621,1.0698745420979692,0.9183266133609587,0.910375028943792,1.0074130483287413,1.022533469790821,1.0055480436172801
Continuous,350.0,188.825,190.32055636912705,164.81737512060207,86.59988088776836,100.46191623279937,985.7980466175454,0.0,1,99.99999999999999,138.8861671025221,2.902462179475756,-1.3910048342672987,63,115099853,2.0,0.005,0.015,1.1735612944013267,0.9962381008229082,0.957398760574621,1.0698745420979692,0.9183266133609587,0.910375028943792,1.0074130483287413,1.022533469790821,1.0055480436172801
T-APIC,350.0,188.825,193.0274393535143,167.53036023575982,86.79095614429271,99.44632932914371,971.0099640643532,0.0,7,26.923076923076923,21.48745039939356,0.8187419506178191,-0.2428421417005316,63,115099853,2.0,0.005,0.015,1.1735612944013267,0.9962381008229082,0.957398760574621,1.0698745420979692,0.9183266133609587,0.910375028943792,1.0074130483287413,1.022533469790821,1.0055480436172801
E-APIC,350.0,188.825,194.15356135920712,169.28621289421898,87.19191742304403,99.44632932914371,977.7405456246707,0.0,6,21.89349112426035,46.482630169388884,1.069399948642,-0.3414196046082862,63,115099853,2.0,0.005,0.015,1.1735612944013267,0.9962381008229082,0.957398760574621,1.0698745420979692,0.9183266133609587,0.910375028943792,1.0074130483287413,1.022533469790821,1.0055480436172801
ME-APIC,350.0,188.825,191.64798778424216,166.4073889050395,86.82970837783145,98.01191346506616,971.990234615029,0.0,7,23.076923076923073,27.505457699391837,0.8530592381851442,-0.5874823331085971,63,115099853,2.0,0.005,0.015,1.1735612944013267,0.9962381008229082,0.957398760574621,1.0698745420979692,0.9183266133609587,0.910375028943792,1.0074130483287413,1.022533469790821,1.0055480436172801
Passive,300.0,157.3,166.52443924952624,98.74143731623867,59.29546303307525,85.86547404111435,448.21555448508883,0.0,0,0.0,0.0,0.0,0.0,64,1499001522,2.0,0.005,0.015,0.8432344176355134,0.9824405856633872,0.9927626039645078,0.9610781238167255,1.0645985135705294,0.9282813341859201,1.0540019381208794,1.055139236366157,0.9548851850106779
Continuous,300.0,157.3,163.41813476257687,93.51577009108333,57.22484241234814,88.89491774924988,448.22210795860707,0.0,1,100.0,80.25487772636308,1.723325926378965,-0.6373567417136909,64,1499001522,2.0,0.005,0.015,0.8432344176355134,0.9824405856633872,0.9927626039645078,0.9610781238167255,1.0645985135705294,0.9282813341859201,1.0540019381208794,1.055139236366157,0.9548851850106779
T-APIC,300.0,157.3,166.32784298048495,97.2892400632959,58.492455814935774,88.70032653592332,454.1319345593041,0.0,8,27.594936708860757,23.268460711306048,0.6175689713027341,-0.21975355777617797,64,1499001522,2.0,0.005,0.015,0.8432344176355134,0.9824405856633872,0.9927626039645078,0.9610781238167255,1.0645985135705294,0.9282813341859201,1.0540019381208794,1.055139236366157,0.9548851850106779
E-APIC,300.0,157.3,167.39008657593425,97.23985647808239,58.09176544870884,88.70032653592332,457.2596310558285,0.0,6,18.73417721518987,16.579366528474335,0.42393193816562547,-0.014910816338455668,64,1499001522,2.0,0.005,0.015,0.8432344176355134,0.9824405856633872,0.9927626039645078,0.9610781238167255,1.0645985135705294,0.9282813341859201,1.0540019381208794,1.055139236366157,0.9548851850106779
ME-APIC,300.0,157.3,166.36181191923754,97.59259362068718,58.662858077107714,88.46454244236958,451.6502704275308,0.0,7,22.658227848101262,15.820593169726978,0.4893446888553898,-0.07799626433937436,64,1499001522,2.0,0.005,0.015,0.8432344176355134,0.9824405856633872,0.9927626039645078,0.9610781238167255,1.0645985135705294,0.9282813341859201,1.0540019381208794,1.055139236366157,0.9548851850106779
Passive,350.0,188.825,191.6617600112719,168.63896486727552,87.98779936976351,98.64358419606184,1020.5544734537074,0.0,0,0.0,0.0,0.0,0.0,64,1499001522,2.0,0.005,0.015,0.8432344176355134,0.9824405856633872,0.9927626039645078,0.9610781238167255,1.0645985135705294,0.9282813341859201,1.0540019381208794,1.055139236366157,0.9548851850106779
Continuous,350.0,188.825,189.61911140685854,165.77539437788116,87.42546737400492,98.92915144476436,1013.2026578342026,0.0,1,99.99999999999999,137.45240342305146,2.850289181866371,-1.355517765718054,64,1499001522,2.0,0.005,0.015,0.8432344176355134,0.9824405856633872,0.9927626039645078,0.9610781238167255,1.0645985135705294,0.9282813341859201,1.0540019381208794,1.055139236366157,0.9548851850106779
T-APIC,350.0,188.825,192.33955146074524,167.93846187161006,87.3135351497816,105.84218669384887,991.5230605451521,0.0,7,26.923076923076923,23.08985824573414,0.8592690638731504,-0.24192694509888296,64,1499001522,2.0,0.005,0.015,0.8432344176355134,0.9824405856633872,0.9927626039645078,0.9610781238167255,1.0645985135705294,0.9282813341859201,1.0540019381208794,1.055139236366157,0.9548851850106779
E-APIC,350.0,188.825,193.2762933760429,171.47119436459127,88.71817198551759,105.84218669384887,1011.0736826816221,0.0,6,21.89349112426035,37.87597200619032,0.910505526442801,-0.21411236767881264,64,1499001522,2.0,0.005,0.015,0.8432344176355134,0.9824405856633872,0.9927626039645078,0.9610781238167255,1.0645985135705294,0.9282813341859201,1.0540019381208794,1.055139236366157,0.9548851850106779
ME-APIC,350.0,188.825,191.254666177526,167.2758600610123,87.46236805837923,104.12650860860253,996.1742148496551,0.0,7,22.928994082840234,26.91177536612762,0.8518216268608068,-0.4997496169372375,64,1499001522,2.0,0.005,0.015,0.8432344176355134,0.9824405856633872,0.9927626039645078,0.9610781238167255,1.0645985135705294,0.9282813341859201,1.0540019381208794,1.055139236366157,0.9548851850106779
Passive,300.0,157.3,169.9551540889771,102.86088996279425,60.522371630426214,80.7552599829131,463.1793877633349,0.0,0,0.0,0.0,0.0,0.0,65,1956536113,2.0,0.005,0.015,0.9732724320666362,0.9787046626794202,1.084146244663742,0.995508473194162,1.089975220771256,0.9534303644026907,0.9576782824220947,0.9241084186286966,0.9323095382386062
Continuous,300.0,157.3,166.71424250530953,97.25305987936548,58.33518385585332,84.94019727082305,459.89957636035484,0.0,1,100.0,82.0183752578519,1.779259239397054,-0.6717696431066179,65,1956536113,2.0,0.005,0.015,0.9732724320666362,0.9787046626794202,1.084146244663742,0.995508473194162,1.089975220771256,0.9534303644026907,0.9576782824220947,0.9241084186286966,0.9323095382386062
T-APIC,300.0,157.3,169.75767194736164,101.32391840083177,59.687386872417896,84.51601150229962,461.9751025400278,0.0,8,27.594936708860757,23.335991954382692,0.6443113567414497,-0.2496364140300127,65,1956536113,2.0,0.005,0.015,0.9732724320666362,0.9787046626794202,1.084146244663742,0.995508473194162,1.089975220771256,0.9534303644026907,0.9576782824220947,0.9241084186286966,0.9323095382386062
E-APIC,300.0,157.3,170.71908054378036,101.61579242090461,59.52222334916194,84.51601150229962,459.5047074946077,0.0,6,18.73417721518987,18.46942720719,0.3762008092670046,-0.05849124069231956,65,1956536113,2.0,0.005,0.015,0.9732724320666362,0.9787046626794202,1.084146244663742,0.995508473194162,1.089975220771256,0.9534303644026907,0.9576782824220947,0.9241084186286966,0.9323095382386062
ME-APIC,300.0,157.3,169.36071726576466,101.20582751690398,59.75755721327603,84.10884041243617,458.48166548341743,0.0,7,22.78481012658228,17.050380841751938,0.629401367458634,-0.12818013274096396,65,1956536113,2.0,0.005,0.015,0.9732724320666362,0.9787046626794202,1.084146244663742,0.995508473194162,1.089975220771256,0.9534303644026907,0.9576782824220947,0.9241084186286966,0.9323095382386062
Passive,350.0,188.825,194.90033040965494,172.4138693139863,88.46258441511873,94.74911918889717,1051.629880956193,0.0,0,0.0,0.0,0.0,0.0,65,1956536113,2.0,0.005,0.015,0.9732724320666362,0.9787046626794202,1.084146244663742,0.995508473194162,1.089975220771256,0.9534303644026907,0.9576782824220947,0.9241084186286966,0.9323095382386062
Continuous,350.0,188.825,192.77291403955346,169.49349670423263,87.92391687841358,98.86017488542153,1029.2111850485862,0.0,1,99.99999999999999,140.87212987730751,2.9594604089093246,-1.4360956042336805,65,1956536113,2.0,0.005,0.015,0.9732724320666362,0.9787046626794202,1.084146244663742,0.995508473194162,1.089975220771256,0.9534303644026907,0.9576782824220947,0.9241084186286966,0.9323095382386062
T-APIC,350.0,188.825,195.65223875356148,171.83780182726522,87.82818071594248,99.87940448047947,1024.2726111190182,0.0,7,26.923076923076923,22.291973689654625,0.8777557619145125,-0.23316701037823648,65,1956536113,2.0,0.005,0.015,0.9732724320666362,0.9787046626794202,1.084146244663742,0.995508473194162,1.089975220771256,0.9534303644026907,0.9576782824220947,0.9241084186286966,0.9323095382386062
E-APIC,350.0,188.825,197.29924084272085,175.3872489477958,88.89403131946544,99.87940448047947,1044.3808349599303,0.0,6,21.89349112426035,35.0528608263753,0.8090722595290958,-0.053963925923962305,65,1956536113,2.0,0.005,0.015,0.9732724320666362,0.9787046626794202,1.084146244663742,0.995508473194162,1.089975220771256,0.9534303644026907,0.9576782824220947,0.9241084186286966,0.9323095382386062
ME-APIC,350.0,188.825,194.5753118594293,171.21366328358243,87.99351862649232,98.91770649433423,1029.6477077109525,0.0,7,23.076923076923073,27.25606701890288,0.8742430058343902,-0.49839720046920255,65,1956536113,2.0,0.005,0.015,0.9732724320666362,0.9787046626794202,1.084146244663742,0.995508473194162,1.089975220771256,0.9534303644026907,0.9576782824220947,0.9241084186286966,0.9323095382386062
Passive,300.0,157.3,167.2666035307896,98.64211840349448,58.972990615748905,85.31284280221868,467.3448895907121,0.0,0,0.0,0.0,0.0,0.0,66,779623485,2.0,0.005,0.015,1.0014163268214353,1.0245579133054674,1.0125157484246001,0.9152213785005607,0.9382561405506306,0.9662128922265346,0.9698701985466022,1.0013161007689713,0.9975202804484115
Continuous,300.0,157.3,164.4917692769886,93.61956507474247,56.914437413033085,92.77905915778639,467.8778394269549,0.0,1,100.0,78.00134137688035,1.697095266423357,-0.6140445500516124,66,779623485,2.0,0.005,0.015,1.0014163268214353,1.0245579133054674,1.0125157484246001,0.9152213785005607,0.9382561405506306,0.9662128922265346,0.9698701985466022,1.0013161007689713,0.9975202804484115
T-APIC,300.0,157.3,167.18043315369272,97.21804257437569,58.15156758506599,91.04032254757148,473.56527367383654,0.0,8,27.594936708860757,22.844930197907285,0.62576861775428,-0.2280212836074413,66,779623485,2.0,0.005,0.015,1.0014163268214353,1.0245579133054674,1.0125157484246001,0.9152213785005607,0.9382561405506306,0.9662128922265346,0.9698701985466022,1.0013161007689713,0.9975202804484115
E-APIC,300.0,157.3,168.1851015208588,97.36475021009798,57.8914239903839,91.0403225210339,477.24307271324017,0.0,6,18.73417721518987,16.91913772835926,0.4072243045149286,-0.029200224043817107,66,779623485,2.0,0.005,0.015,1.0014163268214353,1.0245579133054674,1.0125157484246001,0.9152213785005607,0.9382561405506306,0.9662128922265346,0.9698701985466022,1.0013161007689713,0.9975202804484115
ME-APIC,300.0,157.3,167.1277286708049,97.34770408860713,58.24748823120489,90.10562717555563,471.5145524183832,0.0,7,22.78481012658228,16.768803737338477,0.5123638778305694,-0.11078539299610729,66,779623485,2.0,0.005,0.015,1.0014163268214353,1.0245579133054674,1.0125157484246001,0.9152213785005607,0.9382561405506306,0.9662128922265346,0.9698701985466022,1.0013161007689713,0.9975202804484115
Passive,350.0,188.825,193.85196401723414,171.76494860845577,88.60624625561455,95.1333194396559,1033.9357561170532,0.0,0,0.0,0.0,0.0,0.0,66,779623485,2.0,0.005,0.015,1.0014163268214353,1.0245579133054674,1.0125157484246001,0.9152213785005607,0.9382561405506306,0.9662128922265346,0.9698701985466022,1.0013161007689713,0.9975202804484115
Continuous,350.0,188.825,192.11523707574952,169.08942076686213,88.01458090499689,99.22356846852496,1026.5357129946392,0.0,1,99.99999999999999,135.99984402565883,2.8837861567676875,-1.3189950145349323,66,779623485,2.0,0.005,0.015,1.0014163268214353,1.0245579133054674,1.0125157484246001,0.9152213785005607,0.9382561405506306,0.9662128922265346,0.9698701985466022,1.0013161007689713,0.9975202804484115
T-APIC,350.0,188.825,194.73513744117898,171.4397276924169,88.03738757428994,102.74650261475271,1007.603765631973,0.0,7,26.923076923076923,22.4066131205605,0.8549884370834856,-0.21392166576828134,66,779623485,2.0,0.005,0.015,1.0014163268214353,1.0245579133054674,1.0125157484246001,0.9152213785005607,0.9382561405506306,0.9662128922265346,0.9698701985466022,1.0013161007689713,0.9975202804484115
E-APIC,350.0,188.825,197.19593838184772,174.55849283722242,88.52032869927044,102.74650260992813,1023.602734398902,0.0,6,20.11834319526627,39.09311302030969,0.9198504207826413,0.12360567232191089,66,779623485,2.0,0.005,0.015,1.0014163268214353,1.0245579133054674,1.0125157484246001,0.9152213785005607,0.9382561405506306,0.9662128922265346,0.9698701985466022,1.0013161007689713,0.9975202804484115
ME-APIC,350.0,188.825,193.50687606477035,170.49781465906077,88.1094347272662,100.78503730003982,1010.2164008792063,0.0,7,23.076923076923073,27.926274472916386,0.867206064225609,-0.5136457147884317,66,779623485,2.0,0.005,0.015,1.0014163268214353,1.0245579133054674,1.0125157484246001,0.9152213785005607,0.9382561405506306,0.9662128922265346,0.9698701985466022,1.0013161007689713,0.9975202804484115
Passive,300.0,157.3,169.07890400562613,100.33083531870297,59.33965322803633,80.55378903792541,465.6802296150079,0.0,0,0.0,0.0,0.0,0.0,67,1092442704,2.0,0.005,0.015,0.9772602171030903,1.0322039440966444,0.966940454019416,1.0619126737896718,0.9439093103172786,1.0907672787544394,1.097098668596185,0.9144010979252575,0.9869014866840096
Continuous,300.0,157.3,166.86533580490467,95.40109066319229,57.17250392540077,84.96911108551483,467.43126494303766,0.0,1,100.0,78.90367329403738,1.752936605181251,-0.5797623764345637,67,1092442704,2.0,0.005,0.015,0.9772602171030903,1.0322039440966444,0.966940454019416,1.0619126737896718,0.9439093103172786,1.0907672787544394,1.097098668596185,0.9144010979252575,0.9869014866840096
T-APIC,300.0,157.3,169.29691665473595,98.9307377589035,58.436231275648574,84.51217273551718,473.0304209165961,0.0,8,27.594936708860757,23.18226765555295,0.6439553505144802,-0.17815319106044786,67,1092442704,2.0,0.005,0.015,0.9772602171030903,1.0322039440966444,0.966940454019416,1.0619126737896718,0.9439093103172786,1.0907672787544394,1.097098668596185,0.9144010979252575,0.9869014866840096
E-APIC,300.0,157.3,169.04653235254773,97.43834682691333,57.63995597597055,84.51217273551718,471.7579187991362,0.0,6,18.73417721518987,15.396109282007979,0.4807616553061428,-0.22459823994560918,67,1092442704,2.0,0.005,0.015,0.9772602171030903,1.0322039440966444,0.966940454019416,1.0619126737896718,0.9439093103172786,1.0907672787544394,1.097098668596185,0.9144010979252575,0.9869014866840096
ME-APIC,300.0,157.3,169.14682924266995,99.08608022999178,58.57992176006795,84.07218262668268,471.08292339449497,0.0,7,22.78481012658228,16.181688862602986,0.5235794425341945,-0.10193944581908435,67,1092442704,2.0,0.005,0.015,0.9772602171030903,1.0322039440966444,0.966940454019416,1.0619126737896718,0.9439093103172786,1.0907672787544394,1.097098668596185,0.9144010979252575,0.9869014866840096
Passive,350.0,188.825,195.75234992524037,174.69441612961037,89.2425639826688,98.2595000740394,1055.5833578343238,0.0,0,0.0,0.0,0.0,0.0,67,1092442704,2.0,0.005,0.015,0.9772602171030903,1.0322039440966444,0.966940454019416,1.0619126737896718,0.9439093103172786,1.0907672787544394,1.097098668596185,0.9144010979252575,0.9869014866840096
Continuous,350.0,188.825,194.74184488448407,172.57213115110713,88.61584486553086,96.16067190772196,1031.5600414058413,0.0,1,99.99999999999999,136.93989311255623,2.971000804983427,-1.2447579683487522,67,1092442704,2.0,0.005,0.015,0.9772602171030903,1.0322039440966444,0.966940454019416,1.0619126737896718,0.9439093103172786,1.0907672787544394,1.097098668596185,0.9144010979252575,0.9869014866840096
T-APIC,350.0,188.825,197.0815362308513,174.70522545879285,88.64616584587205,101.52852189822765,1032.2890236081623,0.0,7,26.923076923076923,23.123580647652823,0.8948693178182704,-0.14587937669663367,67,1092442704,2.0,0.005,0.015,0.9772602171030903,1.0322039440966444,0.966940454019416,1.0619126737896718,0.9439093103172786,1.0907672787544394,1.097098668596185,0.9144010979252575,0.9869014866840096
E-APIC,350.0,188.825,198.4871841764178,177.81886926801974,89.58707838284016,101.52852189822765,1047.4923024993625,0.0,6,21.89349112426035,33.497759214950385,0.7940773079265672,0.011604448163762543,67,1092442704,2.0,0.005,0.015,0.9772602171030903,1.0322039440966444,0.966940454019416,1.0619126737896718,0.9439093103172786,1.0907672787544394,1.097098668596185,0.9144010979252575,0.9869014866840096
ME-APIC,350.0,188.825,195.4729617697335,173.2630907235875,88.6378807354906,101.08218657928533,1032.1879263318622,0.0,7,23.076923076923073,27.298301551622224,0.8916672375951435,-0.4952102030683435,67,1092442704,2.0,0.005,0.015,0.9772602171030903,1.0322039440966444,0.966940454019416,1.0619126737896718,0.9439093103172786,1.0907672787544394,1.097098668596185,0.9144010979252575,0.9869014866840096
Passive,300.0,157.3,168.48097134284743,98.68579242940683,58.57385059146406,82.97419338778316,469.17168123154846,0.0,0,0.0,0.0,0.0,0.0,68,186224170,2.0,0.005,0.015,0.9135503540950579,0.975271425076959,0.9901451770958858,1.0167254736614568,0.9121490114803664,0.9947246377004045,1.012740977166126,0.9193081152668774,1.0084291103064782
Continuous,300.0,157.3,165.73920298263647,93.4625866750854,56.39135762278097,91.30548668845248,469.5702098645407,0.0,1,100.0,80.81489304160783,1.7568265238399314,-0.6377881324156678,68,186224170,2.0,0.005,0.015,0.9135503540950579,0.975271425076959,0.9901451770958858,1.0167254736614568,0.9121490114803664,0.9947246377004045,1.012740977166126,0.9193081152668774,1.0084291103064782
T-APIC,300.0,157.3,168.41500946668438,97.14008371004677,57.678994299651706,88.84770525332462,475.2142048586714,0.0,8,27.594936708860757,23.6356167472372,0.6429576196773185,-0.23808836702415187,68,186224170,2.0,0.005,0.015,0.9135503540950579,0.975271425076959,0.9901451770958858,1.0167254736614568,0.9121490114803664,0.9947246377004045,1.012740977166126,0.9193081152668774,1.0084291103064782
E-APIC,300.0,157.3,168.73313410308464,96.05294179053378,56.925951326105206,88.84768134158678,476.50402238849836,0.0,7,23.41772151898734,23.42431774469356,0.5380342611013464,-0.18954858971560407,68,186224170,2.0,0.005,0.015,0.9135503540950579,0.975271425076959,0.9901451770958858,1.0167254736614568,0.9121490114803664,0.9947246377004045,1.012740977166126,0.9193081152668774,1.0084291103064782
ME-APIC,300.0,157.3,168.33297518984335,97.26678197168998,57.782369652763514,87.73244385739656,473.4191467950586,0.0,7,22.658227848101262,17.45944964785985,0.5251701706192579,-0.1350703838986269,68,186224170,2.0,0.005,0.015,0.9135503540950579,0.975271425076959,0.9901451770958858,1.0167254736614568,0.9121490114803664,0.9947246377004045,1.012740977166126,0.9193081152668774,1.0084291103064782
Passive,350.0,188.825,194.92273205299907,169.3663661840217,86.88897616003626,92.70559381930181,1012.2044480657506,0.0,0,0.0,0.0,0.0,0.0,68,186224170,2.0,0.005,0.015,0.9135503540950579,0.975271425076959,0.9901451770958858,1.0167254736614568,0.9121490114803664,0.9947246377004045,1.012740977166126,0.9193081152668774,1.0084291103064782
Continuous,350.0,188.825,193.21617711540173,166.4334369649001,86.13845871999364,100.21190607952639,1003.0606369963213,0.0,1,99.99999999999999,138.98097172550786,2.966479553418886,-1.3511470593301442,68,186224170,2.0,0.005,0.015,0.9135503540950579,0.975271425076959,0.9901451770958858,1.0167254736614568,0.9121490114803664,0.9947246377004045,1.012740977166126,0.9193081152668774,1.0084291103064782
T-APIC,350.0,188.825,195.8746801044031,169.068444490846,86.3145989061633,99.7309877722524,987.365283534788,0.0,7,26.923076923076923,22.54301178732834,0.8688813106311748,-0.21469476755606987,68,186224170,2.0,0.005,0.015,0.9135503540950579,0.975271425076959,0.9901451770958858,1.0167254736614568,0.9121490114803664,0.9947246377004045,1.012740977166126,0.9193081152668774,1.0084291103064782
E-APIC,350.0,188.825,196.9496242400642,170.77507762084002,86.71002967372016,99.7309877722524,994.3334679945026,0.0,6,21.89349112426035,46.13650833578994,1.0958915523397057,-0.3243084653081595,68,186224170,2.0,0.005,0.015,0.9135503540950579,0.975271425076959,0.9901451770958858,1.0167254736614568,0.9121490114803664,0.9947246377004045,1.012740977166126,0.9193081152668774,1.0084291103064782
ME-APIC,350.0,188.825,194.60228219640587,167.89726282550825,86.27712939977494,98.04546756338262,987.6074473111158,0.0,7,23.076923076923073,29.52696952768708,0.9060988076602007,-0.512964370163438,68,186224170,2.0,0.005,0.015,0.9135503540950579,0.975271425076959,0.9901451770958858,1.0167254736614568,0.9121490114803664,0.9947246377004045,1.012740977166126,0.9193081152668774,1.0084291103064782
Passive,300.0,157.3,165.4827372545302,96.9705083367485,58.59856438535788,86.43012637015337,463.3512490955538,0.0,0,0.0,0.0,0.0,0.0,69,1619892368,2.0,0.005,0.015,0.9924286474260128,0.9822393241939459,0.9298969040578571,0.9126936635480377,1.003335657852983,0.9069840446225801,1.0847390515243867,1.0926266645804312,1.0575443784456697
Continuous,300.0,157.3,162.35732198382036,91.94037463757765,56.62841288225974,90.70160354600509,458.2546983917097,0.0,1,100.0,80.45742126762588,1.702969070568332,-0.6409936865900852,69,1619892368,2.0,0.005,0.015,0.9924286474260128,0.9822393241939459,0.9298969040578571,0.9126936635480377,1.003335657852983,0.9069840446225801,1.0847390515243867,1.0926266645804312,1.0575443784456697
T-APIC,300.0,157.3,165.28635513062426,95.54620953925657,57.806471359204025,90.46875891154991,464.05576466546245,0.0,8,27.594936708860757,24.401426172082193,0.6275229764217949,-0.20510257072199745,69,1619892368,2.0,0.005,0.015,0.9924286474260128,0.9822393241939459,0.9298969040578571,0.9126936635480377,1.003335657852983,0.9069840446225801,1.0847390515243867,1.0926266645804312,1.0575443784456697
E-APIC,300.0,157.3,165.41688049688818,93.96841449560138,56.807028528971145,90.46875891154991,465.7260571287301,0.0,6,18.73417721518987,24.956280387226876,0.527457152616207,-0.20545419389469138,69,1619892368,2.0,0.005,0.015,0.9924286474260128,0.9822393241939459,0.9298969040578571,0.9126936635480377,1.003335657852983,0.9069840446225801,1.0847390515243867,1.0926266645804312,1.0575443784456697
ME-APIC,300.0,157.3,165.2663897051269,95.7905796978123,57.96131921845975,90.20710929489222,461.4676320718344,0.0,7,22.531645569620252,15.934880148890596,0.4733802789585981,-0.08899529005932341,69,1619892368,2.0,0.005,0.015,0.9924286474260128,0.9822393241939459,0.9298969040578571,0.9126936635480377,1.003335657852983,0.9069840446225801,1.0847390515243867,1.0926266645804312,1.0575443784456697
Passive,350.0,188.825,191.3345536112159,168.23170298922435,87.92541640495547,99.29324458550532,1009.6397600296423,0.0,0,0.0,0.0,0.0,0.0,69,1619892368,2.0,0.005,0.015,0.9924286474260128,0.9822393241939459,0.9298969040578571,0.9126936635480377,1.003335657852983,0.9069840446225801,1.0847390515243867,1.0926266645804312,1.0575443784456697
Continuous,350.0,188.825,189.18150494798013,165.40820749192795,87.43360379621191,86.52607867555065,1018.5321842274453,0.0,1,99.99999999999999,138.03565412360248,2.819532626364214,-1.346754762004422,69,1619892368,2.0,0.005,0.015,0.9924286474260128,0.9822393241939459,0.9298969040578571,0.9126936635480377,1.003335657852983,0.9069840446225801,1.0847390515243867,1.0926266645804312,1.0575443784456697
T-APIC,350.0,188.825,192.0263701021154,167.5774484447398,87.26793531306444,97.91162218130167,996.7731599410331,0.0,7,26.923076923076923,22.482429520901732,0.8478145063463971,-0.22802532493008684,69,1619892368,2.0,0.005,0.015,0.9924286474260128,0.9822393241939459,0.9298969040578571,0.9126936635480377,1.003335657852983,0.9069840446225801,1.0847390515243867,1.0926266645804312,1.0575443784456697
E-APIC,350.0,188.825,193.63446009332608,171.050232888839,88.33666941638272,100.96913245874707,1011.2313633119015,0.0,6,21.89349112426035,33.57363022469355,0.7713913291546282,-0.034488767488384135,69,1619892368,2.0,0.005,0.015,0.9924286474260128,0.9822393241939459,0.9298969040578571,0.9126936635480377,1.003335657852983,0.9069840446225801,1.0847390515243867,1.0926266645804312,1.0575443784456697
ME-APIC,350.0,188.825,190.8026928805781,166.9942596241427,87.52196161542808,99.15802638374592,999.5686209609419,0.0,7,22.928994082840234,27.242602293100973,0.8525995911965277,-0.5306643966931825,69,1619892368,2.0,0.005,0.015,0.9924286474260128,0.9822393241939459,0.9298969040578571,0.9126936635480377,1.003335657852983,0.9069840446225801,1.0847390515243867,1.0926266645804312,1.0575443784456697
Passive,300.0,157.3,165.2481845427577,95.49918986699197,57.791370072378434,85.86328468804753,460.7895911891049,0.0,0,0.0,0.0,0.0,0.0,70,1310454730,2.0,0.005,0.015,0.9088715983552551,0.9704319659361538,0.9042050664777743,1.0615402264479745,0.9315453480992198,0.9659537839745997,0.9973266347461698,1.053163145825193,0.9855200969354723
Continuous,300.0,157.3,162.6237606147303,90.55257910887347,55.68225624999556,88.76115227520742,461.70934229719865,0.0,1,100.0,80.33641608595148,1.7323223421559146,-0.5836832488954279,70,1310454730,2.0,0.005,0.015,0.9088715983552551,0.9704319659361538,0.9042050664777743,1.0615402264479745,0.9315453480992198,0.9659537839745997,0.9973266347461698,1.053163145825193,0.9855200969354723
T-APIC,300.0,157.3,165.24011409134707,94.08731048720041,56.93975158791504,88.57132587294207,467.37479193813067,0.0,8,27.594936708860757,22.926836780653872,0.6086177206720826,-0.20025722055572592,70,1310454730,2.0,0.005,0.015,0.9088715983552551,0.9704319659361538,0.9042050664777743,1.0615402264479745,0.9315453480992198,0.9659537839745997,0.9973266347461698,1.053163145825193,0.9855200969354723
E-APIC,300.0,157.3,166.11852701212032,94.1503916728486,56.67663527138018,88.57132587294207,470.57111780148495,0.0,6,18.73417721518987,17.880431956008437,0.4084020168298453,-0.03354153237188102,70,1310454730,2.0,0.005,0.015,0.9088715983552551,0.9704319659361538,0.9042050664777743,1.0615402264479745,0.9315453480992198,0.9659537839745997,0.9973266347461698,1.053163145825193,0.9855200969354723
ME-APIC,300.0,157.3,165.13707451158774,94.28802958611472,57.096826902730726,88.34525182656351,465.1233974272862,0.0,7,22.40506329113924,15.911966378671561,0.4937672350050935,-0.10147837814883812,70,1310454730,2.0,0.005,0.015,0.9088715983552551,0.9704319659361538,0.9042050664777743,1.0615402264479745,0.9315453480992198,0.9659537839745997,0.9973266347461698,1.053163145825193,0.9855200969354723
Passive,350.0,188.825,191.31864188784255,166.29775054068514,86.9218748887913,99.26825224224784,989.4644100537452,0.0,0,0.0,0.0,0.0,0.0,70,1310454730,2.0,0.005,0.015,0.9088715983552551,0.9704319659361538,0.9042050664777743,1.0615402264479745,0.9315453480992198,0.9659537839745997,0.9973266347461698,1.053163145825193,0.9855200969354723
Continuous,350.0,188.825,189.74847657996196,163.7250940149112,86.28532727424337,96.10352418617371,992.0925165056145,0.0,1,99.99999999999999,136.5253722853389,2.8743604805629652,-1.2863647738594088,70,1310454730,2.0,0.005,0.015,0.9088715983552551,0.9704319659361538,0.9042050664777743,1.0615402264479745,0.9315453480992198,0.9659537839745997,0.9973266347461698,1.053163145825193,0.9855200969354723
T-APIC,350.0,188.825,192.24919270658324,165.97010328043245,86.33071533035836,106.63693471848836,967.3150986855935,0.0,7,26.923076923076923,22.94651177715809,0.8543180642142428,-0.2085297325408321,70,1310454730,2.0,0.005,0.015,0.9088715983552551,0.9704319659361538,0.9042050664777743,1.0615402264479745,0.9315453480992198,0.9659537839745997,0.9973266347461698,1.053163145825193,0.9855200969354723
E-APIC,350.0,188.825,193.65401813616256,169.04740433572317,87.29351756433068,106.63561153179484,980.5682404308766,0.0,6,21.89349112426035,33.360271775913446,0.7715494006719027,-0.034128197321356454,70,1310454730,2.0,0.005,0.015,0.9088715983552551,0.9704319659361538,0.9042050664777743,1.0615402264479745,0.9315453480992198,0.9659537839745997,0.9973266347461698,1.053163145825193,0.9855200969354723
ME-APIC,350.0,188.825,190.9118653612451,164.87951210972048,86.3642036065878,104.03014929166137,965.913656095794,0.0,7,22.928994082840234,26.287371867409036,0.8509282441451121,-0.5076813535721585,70,1310454730,2.0,0.005,0.015,0.9088715983552551,0.9704319659361538,0.9042050664777743,1.0615402264479745,0.9315453480992198,0.9659537839745997,0.9973266347461698,1.053163145825193,0.9855200969354723
Passive,300.0,157.3,167.1213835277411,98.0947781988051,58.69672457715262,80.63421044290752,459.46887904993804,0.0,0,0.0,0.0,0.0,0.0,71,1336838127,2.0,0.005,0.015,0.8903150675882748,0.9260117538913272,0.9720223905157183,0.930183004824362,0.9987877721056766,1.0449504953600017,1.0617587230476053,1.0216130898216849,0.969610089519578
Continuous,300.0,157.3,164.64803652245385,93.11508380737992,56.554020183946356,85.67058983415562,455.58066229776273,0.0,1,100.0,74.13985580996322,1.6107172594723504,-0.5971580349871058,71,1336838127,2.0,0.005,0.015,0.8903150675882748,0.9260117538913272,0.9720223905157183,0.930183004824362,0.9987877721056766,1.0449504953600017,1.0617587230476053,1.0216130898216849,0.969610089519578
T-APIC,300.0,157.3,167.21179316067256,96.62905690741472,57.78842214470159,85.15744489158674,461.5202051547201,0.0,8,27.594936708860757,23.48468270352864,0.6394592563545967,-0.1650420382231774,71,1336838127,2.0,0.005,0.015,0.8903150675882748,0.9260117538913272,0.9720223905157183,0.930183004824362,0.9987877721056766,1.0449504953600017,1.0617587230476053,1.0216130898216849,0.969610089519578
E-APIC,300.0,157.3,167.00303306678234,95.43912076698024,57.14813618314068,85.15744489158674,459.0376496374904,0.0,6,18.73417721518987,19.79321331098248,0.5234177696129882,-0.2256310727816107,71,1336838127,2.0,0.005,0.015,0.8903150675882748,0.9260117538913272,0.9720223905157183,0.930183004824362,0.9987877721056766,1.0449504953600017,1.0617587230476053,1.0216130898216849,0.969610089519578
ME-APIC,300.0,157.3,167.1429627530883,96.97031824253415,58.016393059744544,84.6544146860074,458.7606887856503,0.0,7,22.531645569620252,15.13610460202931,0.4503129303768187,-0.09729691672084896,71,1336838127,2.0,0.005,0.015,0.8903150675882748,0.9260117538913272,0.9720223905157183,0.930183004824362,0.9987877721056766,1.0449504953600017,1.0617587230476053,1.0216130898216849,0.969610089519578
Passive,350.0,188.825,192.20628522064646,165.9596027081523,86.34452433105201,96.10673775516581,1003.1411481262174,0.0,0,0.0,0.0,0.0,0.0,71,1336838127,2.0,0.005,0.015,0.8903150675882748,0.9260117538913272,0.9720223905157183,0.930183004824362,0.9987877721056766,1.0449504953600017,1.0617587230476053,1.0216130898216849,0.969610089519578
Continuous,350.0,188.825,190.8135429085095,163.8618417405826,85.87537301749614,93.4986659328098,1012.8949447907771,0.0,1,99.99999999999999,135.47490009808314,2.884800068710278,-1.2247101669008666,71,1336838127,2.0,0.005,0.015,0.8903150675882748,0.9260117538913272,0.9720223905157183,0.930183004824362,0.9987877721056766,1.0449504953600017,1.0617587230476053,1.0216130898216849,0.969610089519578
T-APIC,350.0,188.825,193.26398218366302,165.7031194053959,85.73926581308078,99.74916982888635,991.7746756441089,0.0,7,26.923076923076923,23.13965711868641,0.8684329279548412,-0.16787389998782926,71,1336838127,2.0,0.005,0.015,0.8903150675882748,0.9260117538913272,0.9720223905157183,0.930183004824362,0.9987877721056766,1.0449504953600017,1.0617587230476053,1.0216130898216849,0.969610089519578
E-APIC,350.0,188.825,195.98763032405387,168.97491013155408,86.21713005671029,99.74916982888635,1004.0560565810013,0.0,5,16.420118343195266,37.41390680989401,0.8962642023522939,0.31626800359911267,71,1336838127,2.0,0.005,0.015,0.8903150675882748,0.9260117538913272,0.9720223905157183,0.930183004824362,0.9987877721056766,1.0449504953600017,1.0617587230476053,1.0216130898216849,0.969610089519578
ME-APIC,350.0,188.825,191.96094744381355,164.7451063444266,85.82219901401928,99.26802341747204,991.5463162355009,0.0,7,22.928994082840234,26.921993248426894,0.8622945215702605,-0.46799651216492083,71,1336838127,2.0,0.005,0.015,0.8903150675882748,0.9260117538913272,0.9720223905157183,0.930183004824362,0.9987877721056766,1.0449504953600017,1.0617587230476053,1.0216130898216849,0.969610089519578
Passive,300.0,157.3,165.9106861111976,98.3914426130611,59.30386096234731,84.62994805305041,449.82924867673404,0.0,0,0.0,0.0,0.0,0.0,72,865306857,2.0,0.005,0.015,1.002272224753207,0.9828448012004212,1.051166883488518,0.9653278383877992,1.0276580467637604,0.910594942547819,1.022160152215488,1.0649659729277292,0.9434450774384703
Continuous,300.0,157.3,162.83915535257808,93.24904332221273,57.26450933764095,89.07224717999304,447.8237415810708,0.0,1,100.0,81.32707880613427,1.7455498346807024,-0.6428578395413979,72,865306857,2.0,0.005,0.015,1.002272224753207,0.9828448012004212,1.051166883488518,0.9653278383877992,1.0276580467637604,0.910594942547819,1.022160152215488,1.0649659729277292,0.9434450774384703
T-APIC,300.0,157.3,165.6661434718113,96.93975130677356,58.515125224284716,88.90457171260817,453.12692869283194,0.0,8,27.594936708860757,23.093810918258903,0.6135144913052973,-0.2497006053111632,72,865306857,2.0,0.005,0.015,1.002272224753207,0.9828448012004212,1.051166883488518,0.9653278383877992,1.0276580467637604,0.910594942547819,1.022160152215488,1.0649659729277292,0.9434450774384703
E-APIC,300.0,157.3,166.74617099501967,96.9375233637789,58.13478221738249,88.90457171260817,456.68135819397725,0.0,6,18.73417721518987,15.978952377481853,0.41469578308144645,-0.03428986713231483,72,865306857,2.0,0.005,0.015,1.002272224753207,0.9828448012004212,1.051166883488518,0.9653278383877992,1.0276580467637604,0.910594942547819,1.022160152215488,1.0649659729277292,0.9434450774384703
ME-APIC,300.0,157.3,165.71151901651422,97.20410628483857,58.65862968473034,88.7027377572092,451.27109513095724,0.0,7,22.658227848101262,16.49070220895648,0.5036433758084893,-0.09397689839496928,72,865306857,2.0,0.005,0.015,1.002272224753207,0.9828448012004212,1.051166883488518,0.9653278383877992,1.0276580467637604,0.910594942547819,1.022160152215488,1.0649659729277292,0.9434450774384703
Passive,350.0,188.825,190.83913924313828,166.76066067028304,87.3828405072724,93.76886815335796,1001.1668757679838,0.0,0,0.0,0.0,0.0,0.0,72,865306857,2.0,0.005,0.015,1.002272224753207,0.9828448012004212,1.051166883488518,0.9653278383877992,1.0276580467637604,0.910594942547819,1.022160152215488,1.0649659729277292,0.9434450774384703
Continuous,350.0,188.825,188.82993695795457,164.045146857044,86.87454410026666,101.05524014437245,994.528427065573,0.0,1,99.99999999999999,137.49725779483816,2.8549463621240623,-1.3698172542863944,72,865306857,2.0,0.005,0.015,1.002272224753207,0.9828448012004212,1.051166883488518,0.9653278383877992,1.0276580467637604,0.910594942547819,1.022160152215488,1.0649659729277292,0.9434450774384703
T-APIC,350.0,188.825,191.49219815647854,166.33283669211465,86.86141696289641,100.28143904377272,976.944048293746,0.0,7,26.923076923076923,22.48857709374951,0.8305981027936185,-0.2529396784690474,72,865306857,2.0,0.005,0.015,1.002272224753207,0.9828448012004212,1.051166883488518,0.9653278383877992,1.0276580467637604,0.910594942547819,1.022160152215488,1.0649659729277292,0.9434450774384703
E-APIC,350.0,188.825,192.69869025646852,168.1767958374975,87.27448827683568,100.28143904377272,985.1904096481538,0.0,6,21.89349112426035,47.38694611055188,1.0844347334979962,-0.3272589081528979,72,865306857,2.0,0.005,0.015,1.002272224753207,0.9828448012004212,1.051166883488518,0.9653278383877992,1.0276580467637604,0.910594942547819,1.022160152215488,1.0649659729277292,0.9434450774384703
ME-APIC,350.0,188.825,190.29951654569743,165.45014160690312,86.94196633293753,98.72128274756518,980.044710392888,0.0,7,22.928994082840234,26.332607022842797,0.8422804795239581,-0.53659829264836,72,865306857,2.0,0.005,0.015,1.002272224753207,0.9828448012004212,1.051166883488518,0.9653278383877992,1.0276580467637604,0.910594942547819,1.022160152215488,1.0649659729277292,0.9434450774384703
Passive,300.0,157.3,166.52512925089357,97.7356836858489,58.69125226055,84.4483930660923,468.0354868981948,0.0,0,0.0,0.0,0.0,0.0,73,746886494,2.0,0.005,0.015,0.8787808922918754,1.0045473587779896,0.906922363600922,0.9911048081519488,0.9757575159065199,1.0234068498205509,0.94674198573313,1.0401206966536534,1.0048543513718353
Continuous,300.0,157.3,164.09582531790977,92.88364624016653,56.60329631190746,89.22809169810704,470.39535098484754,0.0,1,100.0,76.13643349527257,1.6679524350001134,-0.5564863801941671,73,746886494,2.0,0.005,0.015,0.8787808922918754,1.0045473587779896,0.906922363600922,0.9911048081519488,0.9757575159065199,1.0234068498205509,0.94674198573313,1.0401206966536534,1.0048543513718353
T-APIC,300.0,157.3,166.6357997430778,96.38028132965128,57.838880647647265,88.71411581685268,476.2493266729694,0.0,8,27.594936708860757,22.76497389120782,0.6223261174409238,-0.16517331753984876,73,746886494,2.0,0.005,0.015,0.8787808922918754,1.0045473587779896,0.906922363600922,0.9911048081519488,0.9757575159065199,1.0234068498205509,0.94674198573313,1.0401206966536534,1.0048543513718353
E-APIC,300.0,157.3,166.8564301557617,95.15822063295133,57.0299991100855,88.71411581685268,477.89606198429266,0.0,6,18.73417721518987,25.467157868396107,0.5537612630855975,-0.14841354630567063,73,746886494,2.0,0.005,0.015,0.8787808922918754,1.0045473587779896,0.906922363600922,0.9911048081519488,0.9757575159065199,1.0234068498205509,0.94674198573313,1.0401206966536534,1.0048543513718353
ME-APIC,300.0,157.3,166.50169944948615,96.62287087089881,58.03116195832739,88.21462519452946,473.62035429332906,0.0,7,22.531645569620252,14.643951398997533,0.46712922638162113,-0.0890151075889431,73,746886494,2.0,0.005,0.015,0.8787808922918754,1.0045473587779896,0.906922363600922,0.9911048081519488,0.9757575159065199,1.0234068498205509,0.94674198573313,1.0401206966536534,1.0048543513718353
Passive,350.0,188.825,192.90441115460115,171.23309272052026,88.7657735225595,100.1901996069587,1031.9817555395869,0.0,0,0.0,0.0,0.0,0.0,73,746886494,2.0,0.005,0.015,0.8787808922918754,1.0045473587779896,0.906922363600922,0.9911048081519488,0.9757575159065199,1.0234068498205509,0.94674198573313,1.0401206966536534,1.0048543513718353
Continuous,350.0,188.825,191.58377561080343,169.14177609072573,88.2860647001404,93.67441185352698,1031.049164968203,0.0,1,99.99999999999999,135.12162434342048,2.8752421052854564,-1.2218054768243694,73,746886494,2.0,0.005,0.015,0.8787808922918754,1.0045473587779896,0.906922363600922,0.9911048081519488,0.9757575159065199,1.0234068498205509,0.94674198573313,1.0401206966536534,1.0048543513718353
T-APIC,350.0,188.825,194.00928611796076,171.03196205390373,88.15658542752101,104.60120429839183,1006.9397760061973,0.0,7,26.923076923076923,23.177431820858434,0.8753221399386506,-0.16234455831065045,73,746886494,2.0,0.005,0.015,0.8787808922918754,1.0045473587779896,0.906922363600922,0.9911048081519488,0.9757575159065199,1.0234068498205509,0.94674198573313,1.0401206966536534,1.0048543513718353
E-APIC,350.0,188.825,195.4924341521471,174.34807252117935,89.18405117688002,104.60120429839183,1021.4927491730792,0.0,6,21.89349112426035,34.447728665401435,0.7917166520785452,-0.0031488695698580794,73,746886494,2.0,0.005,0.015,0.8787808922918754,1.0045473587779896,0.906922363600922,0.9911048081519488,0.9757575159065199,1.0234068498205509,0.94674198573313,1.0401206966536534,1.0048543513718353
ME-APIC,350.0,188.825,192.62771602883697,169.9941310022421,88.25008908728039,103.87260814208912,1006.1979274923839,0.0,7,22.928994082840234,26.104564042670024,0.8424053800587628,-0.47166368594212477,73,746886494,2.0,0.005,0.015,0.8787808922918754,1.0045473587779896,0.906922363600922,0.9911048081519488,0.9757575159065199,1.0234068498205509,0.94674198573313,1.0401206966536534,1.0048543513718353
Passive,300.0,157.3,167.96009237392414,100.21157489953475,59.66391985331668,80.97228829147129,463.2681118851603,0.0,0,0.0,0.0,0.0,0.0,74,822286880,2.0,0.005,0.015,1.072120775469527,0.9805125078029816,1.08434277300367,1.0511889715231737,0.9712612454304742,0.9657137546131248,1.0924490616742575,0.9603025073951214,0.9529438987755143
Continuous,300.0,157.3,165.17879159447875,94.94010513410261,57.47717622682746,84.92972463326733,462.2507789779264,0.0,1,100.0,81.13294285407564,1.7569107594070428,-0.6155786562002381,74,822286880,2.0,0.005,0.015,1.072120775469527,0.9805125078029816,1.08434277300367,1.0511889715231737,0.9712612454304742,0.9657137546131248,1.0924490616742575,0.9603025073951214,0.9529438987755143
T-APIC,300.0,157.3,167.85037272656064,98.7235709704289,58.816414504635105,84.52114336398446,467.64574893483194,0.0,8,27.594936708860757,22.34123394702988,0.6243711797834605,-0.2583384001548219,74,822286880,2.0,0.005,0.015,1.072120775469527,0.9805125078029816,1.08434277300367,1.0511889715231737,0.9712612454304742,0.9657137546131248,1.0924490616742575,0.9603025073951214,0.9529438987755143
E-APIC,300.0,157.3,167.90548972115386,98.11679182164085,58.43572594593935,84.52114336398446,465.73585234393846,0.0,6,18.73417721518987,20.09462422322447,0.5178393146061114,-0.25495047865531867,74,822286880,2.0,0.005,0.015,1.072120775469527,0.9805125078029816,1.08434277300367,1.0511889715231737,0.9712612454304742,0.9657137546131248,1.0924490616742575,0.9603025073951214,0.9529438987755143
ME-APIC,300.0,157.3,167.7717216468137,98.87378306277218,58.933521151387666,84.12508136939972,466.1663992886702,0.0,7,22.78481012658228,17.06387071395603,0.5387085122539073,-0.11622833326380255,74,822286880,2.0,0.005,0.015,1.072120775469527,0.9805125078029816,1.08434277300367,1.0511889715231737,0.9712612454304742,0.9657137546131248,1.0924490616742575,0.9603025073951214,0.9529438987755143
Passive,350.0,188.825,193.44490937605323,169.48024070259027,87.6116312645498,94.05497622545157,1016.7720070310132,0.0,0,0.0,0.0,0.0,0.0,74,822286880,2.0,0.005,0.015,1.072120775469527,0.9805125078029816,1.08434277300367,1.0511889715231737,0.9712612454304742,0.9657137546131248,1.0924490616742575,0.9603025073951214,0.9529438987755143
Continuous,350.0,188.825,191.77296194570462,167.0136758965598,87.08927171070405,99.85366740877987,1000.1592406864253,0.0,1,99.99999999999999,138.01125814695166,2.9389928065142934,-1.3659431857779054,74,822286880,2.0,0.005,0.015,1.072120775469527,0.9805125078029816,1.08434277300367,1.0511889715231737,0.9712612454304742,0.9657137546131248,1.0924490616742575,0.9603025073951214,0.9529438987755143
T-APIC,350.0,188.825,194.34959012114007,169.40633570439147,87.16577976768501,99.7193727660227,996.7041449813661,0.0,7,26.923076923076923,21.238694604404596,0.8396903715443234,-0.21072453316708656,74,822286880,2.0,0.005,0.015,1.072120775469527,0.9805125078029816,1.08434277300367,1.0511889715231737,0.9712612454304742,0.9657137546131248,1.0924490616742575,0.9603025073951214,0.9529438987755143
E-APIC,350.0,188.825,195.88356641749007,172.56483597764463,88.09561676544838,99.7193727660227,1012.6794276967707,0.0,6,21.89349112426035,35.71184689271188,0.7890241976982383,-0.048240123217354,74,822286880,2.0,0.005,0.015,1.072120775469527,0.9805125078029816,1.08434277300367,1.0511889715231737,0.9712612454304742,0.9657137546131248,1.0924490616742575,0.9603025073951214,0.9529438987755143
ME-APIC,350.0,188.825,193.03008000324718,168.35368456216003,87.2162952837858,99.0873531255881,998.631454147798,0.0,7,23.076923076923073,26.624337802304794,0.8478456550265105,-0.5373235403958654,74,822286880,2.0,0.005,0.015,1.072120775469527,0.9805125078029816,1.08434277300367,1.0511889715231737,0.9712612454304742,0.9657137546131248,1.0924490616742575,0.9603025073951214,0.9529438987755143
Passive,300.0,157.3,168.72354508337105,100.14051996540847,59.35183492969296,84.61556597448065,464.0489534908012,0.0,0,0.0,0.0,0.0,0.0,75,1996865948,2.0,0.005,0.015,1.1787864085607804,1.0888910446360716,0.960269286770123,0.930692895008116,1.00761331284171,0.947235651051714,0.951485884781657,0.9573529535064911,0.9155448058770463
Continuous,300.0,157.3,165.53467232428832,94.93048435565866,57.34779488957242,88.618353196722,463.7141659385707,0.0,1,100.0,82.74363651559416,1.8069846823723372,-0.6730940432885947,75,1996865948,2.0,0.005,0.015,1.1787864085607804,1.0888910446360716,0.960269286770123,0.930692895008116,1.00761331284171,0.947235651051714,0.951485884781657,0.9573529535064911,0.9155448058770463
T-APIC,300.0,157.3,168.60208192205718,98.75549551777596,58.57311747990722,88.25667198414567,469.68937817922625,0.0,8,27.594936708860757,23.60632774747593,0.6374187396682088,-0.22062425147352852,75,1996865948,2.0,0.005,0.015,1.1787864085607804,1.0888910446360716,0.960269286770123,0.930692895008116,1.00761331284171,0.947235651051714,0.951485884781657,0.9573529535064911,0.9155448058770463
E-APIC,300.0,157.3,168.9836631235139,97.43122825527355,57.65718795198498,88.25667198414567,472.27608423675304,0.0,7,23.41772151898734,29.707594383500755,0.5903980756805032,-0.17162060165855667,75,1996865948,2.0,0.005,0.015,1.1787864085607804,1.0888910446360716,0.960269286770123,0.930692895008116,1.00761331284171,0.947235651051714,0.951485884781657,0.9573529535064911,0.9155448058770463
ME-APIC,300.0,157.3,168.57224322701208,98.9465789543223,58.696839444126866,87.86882531439234,467.46060274415345,0.0,7,22.78481012658228,16.812493119210316,0.5304738510302022,-0.09709854693827281,75,1996865948,2.0,0.005,0.015,1.1787864085607804,1.0888910446360716,0.960269286770123,0.930692895008116,1.00761331284171,0.947235651051714,0.951485884781657,0.9573529535064911,0.9155448058770463
Passive,350.0,188.825,195.6817147325414,177.45315286427564,90.68458599047918,102.14438440295442,1074.102562595459,0.0,0,0.0,0.0,0.0,0.0,75,1996865948,2.0,0.005,0.015,1.1787864085607804,1.0888910446360716,0.960269286770123,0.930692895008116,1.00761331284171,0.947235651051714,0.951485884781657,0.9573529535064911,0.9155448058770463
Continuous,350.0,188.825,193.63921712922462,174.55154936918316,90.1426642582926,105.16670409604454,1048.2653627911009,0.0,1,99.99999999999999,140.19956893407794,2.949379647869257,-1.4125280412677346,75,1996865948,2.0,0.005,0.015,1.1787864085607804,1.0888910446360716,0.960269286770123,0.930692895008116,1.00761331284171,0.947235651051714,0.951485884781657,0.9573529535064911,0.9155448058770463
T-APIC,350.0,188.825,196.5348413354715,176.97249270804798,90.04637117037588,105.13934580584413,1048.4605363191586,0.0,7,26.923076923076923,24.000584520669342,0.8867149780974107,-0.2340523664591518,75,1996865948,2.0,0.005,0.015,1.1787864085607804,1.0888910446360716,0.960269286770123,0.930692895008116,1.00761331284171,0.947235651051714,0.951485884781657,0.9573529535064911,0.9155448058770463
E-APIC,350.0,188.825,197.127651597546,179.12732095238488,90.86869320499468,105.13934580584413,1060.3831685684404,0.0,7,27.36686390532544,54.44508952304341,1.2256576367757999,-0.5019697341427156,75,1996865948,2.0,0.005,0.015,1.1787864085607804,1.0888910446360716,0.960269286770123,0.930692895008116,1.00761331284171,0.947235651051714,0.951485884781657,0.9573529535064911,0.9155448058770463
ME-APIC,350.0,188.825,195.21751564025155,175.84194312261207,90.07488008742773,104.74393819147691,1050.7380469787183,0.0,7,22.928994082840234,27.188078727297093,0.8939043623933588,-0.5149283827419777,75,1996865948,2.0,0.005,0.015,1.1787864085607804,1.0888910446360716,0.960269286770123,0.930692895008116,1.00761331284171,0.947235651051714,0.951485884781657,0.9573529535064911,0.9155448058770463
Passive,300.0,157.3,165.59842853294222,96.25754499433789,58.12708843139145,83.76925213013031,463.35973389397225,0.0,0,0.0,0.0,0.0,0.0,76,177757813,2.0,0.005,0.015,1.0260714189310838,0.9661499900930949,0.9389267345701755,1.0241695974872729,0.9149614082802108,1.0224051447432485,1.0491043725395421,1.0423210738288495,0.9305757308922284
Continuous,300.0,157.3,163.28746560726435,91.41961038931495,55.98691243649743,92.04093696423946,464.14829027310674,0.0,1,100.0,76.52871287056762,1.6708412035752094,-0.5334740545845476,76,177757813,2.0,0.005,0.015,1.0260714189310838,0.9661499900930949,0.9389267345701755,1.0241695974872729,0.9149614082802108,1.0224051447432485,1.0491043725395421,1.0423210738288495,0.9305757308922284
T-APIC,300.0,157.3,165.6543213567253,94.84754056674322,57.25630324034561,89.6817970529279,469.7243086840238,0.0,8,27.594936708860757,22.229961056618784,0.609743726499962,-0.1896749930704075,76,177757813,2.0,0.005,0.015,1.0260714189310838,0.9661499900930949,0.9389267345701755,1.0241695974872729,0.9149614082802108,1.0224051447432485,1.0491043725395421,1.0423210738288495,0.9305757308922284
E-APIC,300.0,157.3,166.58955104795842,95.14797585874854,57.11521236488415,89.68178263272979,471.9004960350531,0.0,7,23.41772151898734,19.955534004079805,0.4874831799861311,-0.016601394014589283,76,177757813,2.0,0.005,0.015,1.0260714189310838,0.9661499900930949,0.9389267345701755,1.0241695974872729,0.9149614082802108,1.0224051447432485,1.0491043725395421,1.0423210738288495,0.9305757308922284
ME-APIC,300.0,157.3,165.55240588447236,95.10311588249691,57.445927997484276,88.50557679393822,467.6403272973165,0.0,7,22.40506329113924,14.941493359392615,0.4756818728522974,-0.09132870483202371,76,177757813,2.0,0.005,0.015,1.0260714189310838,0.9661499900930949,0.9389267345701755,1.0241695974872729,0.9149614082802108,1.0224051447432485,1.0491043725395421,1.0423210738288495,0.9305757308922284
Passive,350.0,188.825,191.8045878769063,167.23116744571942,87.18830414684489,94.2328712164573,1004.3641077796229,0.0,0,0.0,0.0,0.0,0.0,76,177757813,2.0,0.005,0.015,1.0260714189310838,0.9661499900930949,0.9389267345701755,1.0241695974872729,0.9149614082802108,1.0224051447432485,1.0491043725395421,1.0423210738288495,0.9305757308922284
Continuous,350.0,188.825,190.58941553091077,165.02374857090203,86.58599855149754,98.46077474634946,993.7904011957502,0.0,1,99.99999999999999,134.06407663445287,2.8502380362180024,-1.216630517426619,76,177757813,2.0,0.005,0.015,1.0260714189310838,0.9661499900930949,0.9389267345701755,1.0241695974872729,0.9149614082802108,1.0224051447432485,1.0491043725395421,1.0423210738288495,0.9305757308922284
T-APIC,350.0,188.825,192.85614798147768,166.96755020574992,86.57621338666675,101.43659923359807,981.8399131621924,0.0,7,26.923076923076923,22.119915037274225,0.8582162366947788,-0.17081843415536108,76,177757813,2.0,0.005,0.015,1.0260714189310838,0.9661499900930949,0.9389267345701755,1.0241695974872729,0.9149614082802108,1.0224051447432485,1.0491043725395421,1.0423210738288495,0.9305757308922284
E-APIC,350.0,188.825,193.91306842592482,168.49152095054342,86.89023505133565,101.43659923359807,989.715437399837,0.0,7,27.36686390532544,46.143684337388564,1.0453454153794024,-0.26949296162740277,76,177757813,2.0,0.005,0.015,1.0260714189310838,0.9661499900930949,0.9389267345701755,1.0241695974872729,0.9149614082802108,1.0224051447432485,1.0491043725395421,1.0423210738288495,0.9305757308922284
ME-APIC,350.0,188.825,191.52322132040828,166.03638197131056,86.69255917199743,99.62328759858258,984.1074887838114,0.0,7,22.928994082840234,25.443826379355144,0.8224892799882909,-0.4788023725295173,76,177757813,2.0,0.005,0.015,1.0260714189310838,0.9661499900930949,0.9389267345701755,1.0241695974872729,0.9149614082802108,1.0224051447432485,1.0491043725395421,1.0423210738288495,0.9305757308922284
Passive,300.0,157.3,165.6262607653228,95.50078449420643,57.66041209462688,87.33822987136973,466.70937705529496,0.0,0,0.0,0.0,0.0,0.0,77,1372528831,2.0,0.005,0.015,1.1338581786749224,0.9285007413738344,0.9323717851661458,0.9723963648547824,0.9327845018714609,0.915044409754118,1.058543171162614,1.0420568594006274,1.0074295955285764
Continuous,300.0,157.3,162.5545380914192,90.34365738316288,55.57744400365767,92.05287205498695,459.61505555412174,0.0,1,100.0,80.91832227837531,1.722851249953299,-0.6379536601345429,77,1372528831,2.0,0.005,0.015,1.1338581786749224,0.9285007413738344,0.9323717851661458,0.9723963648547824,0.9327845018714609,0.915044409754118,1.058543171162614,1.0420568594006274,1.0074295955285764
T-APIC,300.0,157.3,165.39738198136826,93.96360069013372,56.81081499870328,91.85019293663147,465.32942696700076,0.0,8,27.594936708860757,24.07333621401878,0.6288797100900175,-0.24156395902125954,77,1372528831,2.0,0.005,0.015,1.1338581786749224,0.9285007413738344,0.9323717851661458,0.9723963648547824,0.9327845018714609,0.915044409754118,1.058543171162614,1.0420568594006274,1.0074295955285764
E-APIC,300.0,157.3,166.36761744961916,93.99560253367675,56.498736938479794,91.85019293663147,469.035246309321,0.0,6,18.73417721518987,16.890233814474303,0.39882300804772114,-0.05186954741445415,77,1372528831,2.0,0.005,0.015,1.1338581786749224,0.9285007413738344,0.9323717851661458,0.9723963648547824,0.9327845018714609,0.915044409754118,1.058543171162614,1.0420568594006274,1.0074295955285764
ME-APIC,300.0,157.3,165.3985861485129,94.15779195036073,56.92780944682054,91.61061682500005,463.1677967459487,0.0,7,22.531645569620252,17.441630915272405,0.5057788476417325,-0.11564119901184591,77,1372528831,2.0,0.005,0.015,1.1338581786749224,0.9285007413738344,0.9323717851661458,0.9723963648547824,0.9327845018714609,0.915044409754118,1.058543171162614,1.0420568594006274,1.0074295955285764
Passive,350.0,188.825,191.38175209296534,163.44936140245733,85.4048829707967,96.6553901526453,971.7930743740973,0.0,0,0.0,0.0,0.0,0.0,77,1372528831,2.0,0.005,0.015,1.1338581786749224,0.9285007413738344,0.9323717851661458,0.9723963648547824,0.9327845018714609,0.915044409754118,1.058543171162614,1.0420568594006274,1.0074295955285764
Continuous,350.0,188.825,189.2307037083723,160.40790720616582,84.76843559878849,95.41294863235633,983.7670422531644,0.0,1,99.99999999999999,139.37773199723995,2.884955735903462,-1.3742274007828914,77,1372528831,2.0,0.005,0.015,1.1338581786749224,0.9285007413738344,0.9323717851661458,0.9723963648547824,0.9327845018714609,0.915044409754118,1.058543171162614,1.0420568594006274,1.0074295955285764
T-APIC,350.0,188.825,192.0507631796068,162.92212930477177,84.83284659088088,104.08985656123241,962.5963088120103,0.0,7,26.923076923076923,22.55955360170794,0.8370862394708076,-0.25043488361749866,77,1372528831,2.0,0.005,0.015,1.1338581786749224,0.9285007413738344,0.9323717851661458,0.9723963648547824,0.9327845018714609,0.915044409754118,1.058543171162614,1.0420568594006274,1.0074295955285764
E-APIC,350.0,188.825,194.80111580876488,166.24918592474728,85.34303575958629,104.0898565561112,974.1874596035173,0.0,5,16.420118343195266,36.02676910595596,0.8376274577048592,0.24643108374411352,77,1372528831,2.0,0.005,0.015,1.1338581786749224,0.9285007413738344,0.9323717851661458,0.9723963648547824,0.9327845018714609,0.915044409754118,1.058543171162614,1.0420568594006274,1.0074295955285764
ME-APIC,350.0,188.825,190.88512002531039,162.10821456264898,84.92448994513258,102.16562873622573,962.4261891447056,0.0,7,23.076923076923073,28.246092027874596,0.871918808933665,-0.5402285044716919,77,1372528831,2.0,0.005,0.015,1.1338581786749224,0.9285007413738344,0.9323717851661458,0.9723963648547824,0.9327845018714609,0.915044409754118,1.058543171162614,1.0420568594006274,1.0074295955285764
Passive,300.0,157.3,166.4143556993513,98.42802322718428,59.14635357841785,83.43164420476326,471.96236126289114,0.0,0,0.0,0.0,0.0,0.0,78,1499343703,2.0,0.005,0.015,1.03155652443229,1.0151931024518994,1.0099869411697582,0.9567845653826165,0.957919158425791,0.925203171861077,1.0384962796645845,1.037401636895497,1.0852513302309117
Continuous,300.0,157.3,163.4956794817003,93.41007610140808,57.13305476788655,89.3653948532778,463.2969625196717,0.0,1,100.0,81.73131832914416,1.74576509040838,-0.6444750326478009,78,1499343703,2.0,0.005,0.015,1.03155652443229,1.0151931024518994,1.0099869411697582,0.9567845653826165,0.957919158425791,0.925203171861077,1.0384962796645845,1.037401636895497,1.0852513302309117
T-APIC,300.0,157.3,166.25562373216152,96.98692318448705,58.33602557753678,88.72683889944261,468.281662050039,0.0,8,27.594936708860757,23.757782103541373,0.6263857206379378,-0.2364557988363157,78,1499343703,2.0,0.005,0.015,1.03155652443229,1.0151931024518994,1.0099869411697582,0.9567845653826165,0.957919158425791,0.925203171861077,1.0384962796645845,1.037401636895497,1.0852513302309117
E-APIC,300.0,157.3,166.57048434653925,95.85107117858608,57.54385091369132,88.72683868548727,468.14158849621066,0.0,7,23.41772151898734,20.222499791575984,0.5292229145945949,-0.192804868851797,78,1499343703,2.0,0.005,0.015,1.03155652443229,1.0151931024518994,1.0099869411697582,0.9567845653826165,0.957919158425791,0.925203171861077,1.0384962796645845,1.037401636895497,1.0852513302309117
ME-APIC,300.0,157.3,166.2298853093969,97.11265255847532,58.42069395507522,87.83808139256332,468.08600887939184,0.0,7,22.78481012658228,17.201254662543995,0.518926099701013,-0.1073214534455104,78,1499343703,2.0,0.005,0.015,1.03155652443229,1.0151931024518994,1.0099869411697582,0.9567845653826165,0.957919158425791,0.925203171861077,1.0384962796645845,1.037401636895497,1.0852513302309117
Passive,350.0,188.825,192.42112197432212,169.87157835138964,88.28114949566627,96.37219795919312,1018.0224774864389,0.0,0,0.0,0.0,0.0,0.0,78,1499343703,2.0,0.005,0.015,1.03155652443229,1.0151931024518994,1.0099869411697582,0.9567845653826165,0.957919158425791,0.925203171861077,1.0384962796645845,1.037401636895497,1.0852513302309117
Continuous,350.0,188.825,190.50982550987865,167.08193647191922,87.70252979065134,90.45737215148839,1012.4727474688614,0.0,1,99.99999999999999,137.89283828330616,2.865394205729792,-1.3507298573928364,78,1499343703,2.0,0.005,0.015,1.03155652443229,1.0151931024518994,1.0099869411697582,0.9567845653826165,0.957919158425791,0.925203171861077,1.0384962796645845,1.037401636895497,1.0852513302309117
T-APIC,350.0,188.825,193.22419645582363,169.53743687926803,87.7413077600915,101.46488776618433,988.6665511596633,0.0,7,26.923076923076923,21.92869989503354,0.8378229409256541,-0.22464770614443816,78,1499343703,2.0,0.005,0.015,1.03155652443229,1.0151931024518994,1.0099869411697582,0.9567845653826165,0.957919158425791,0.925203171861077,1.0384962796645845,1.037401636895497,1.0852513302309117
E-APIC,350.0,188.825,194.95926251693766,172.83324891792347,88.65095542865427,101.92000417657455,1006.7203158615042,0.0,6,21.89349112426035,34.06409653943117,0.7676326019080857,0.010447034452120673,78,1499343703,2.0,0.005,0.015,1.03155652443229,1.0151931024518994,1.0099869411697582,0.9567845653826165,0.957919158425791,0.925203171861077,1.0384962796645845,1.037401636895497,1.0852513302309117
ME-APIC,350.0,188.825,191.85954105096735,168.58825232069984,87.87066381854551,100.755089653711,992.9032966735272,0.0,7,23.076923076923073,27.03096754479625,0.8507070233337573,-0.5554539403223423,78,1499343703,2.0,0.005,0.015,1.03155652443229,1.0151931024518994,1.0099869411697582,0.9567845653826165,0.957919158425791,0.925203171861077,1.0384962796645845,1.037401636895497,1.0852513302309117
Passive,300.0,157.3,167.52498020150483,99.41288218048052,59.34212441685011,82.47080818158938,470.85710639342244,0.0,0,0.0,0.0,0.0,0.0,79,1976375494,2.0,0.005,0.015,1.0245690430525338,1.084602018943037,0.9803530568832717,0.9652024922947717,0.9209305513976386,1.093646274978375,0.9143062506957546,0.9827072733953663,0.9047526098289999
Continuous,300.0,157.3,165.49716097202696,94.8777769928611,57.32894536414299,87.91545023650312,471.5342808090485,0.0,1,100.0,74.79635508379214,1.690570183592789,-0.5233359522472514,79,1976375494,2.0,0.005,0.015,1.0245690430525338,1.084602018943037,0.9803530568832717,0.9652024922947717,0.9209305513976386,1.093646274978375,0.9143062506957546,0.9827072733953663,0.9047526098289999
T-APIC,300.0,157.3,167.74815692822241,98.14986412995184,58.51024889170561,87.1382027176125,476.8260209238883,0.0,8,27.594936708860757,22.39327789005242,0.6361091466974319,-0.17621243717035762,79,1976375494,2.0,0.005,0.015,1.0245690430525338,1.084602018943037,0.9803530568832717,0.9652024922947717,0.9209305513976386,1.093646274978375,0.9143062506957546,0.9827072733953663,0.9047526098289999
E-APIC,300.0,157.3,167.65560490169224,97.24438467496559,58.002465668825394,87.1382027176125,475.6661756301128,0.0,6,18.73417721518987,20.068101179857063,0.490331545159482,-0.204612312184253,79,1976375494,2.0,0.005,0.015,1.0245690430525338,1.084602018943037,0.9803530568832717,0.9652024922947717,0.9209305513976386,1.093646274978375,0.9143062506957546,0.9827072733953663,0.9047526098289999
ME-APIC,300.0,157.3,167.61786867192853,98.31949194488959,58.65692764375034,86.53881679065402,475.16779952960763,0.0,7,22.78481012658228,15.142653068282616,0.5011135226471559,-0.09029006583262751,79,1976375494,2.0,0.005,0.015,1.0245690430525338,1.084602018943037,0.9803530568832717,0.9652024922947717,0.9209305513976386,1.093646274978375,0.9143062506957546,0.9827072733953663,0.9047526098289999
Passive,350.0,188.825,194.75389371319963,175.90368092879052,90.32100851746334,93.84619116653813,1056.3737876675075,0.0,0,0.0,0.0,0.0,0.0,79,1976375494,2.0,0.005,0.015,1.0245690430525338,1.084602018943037,0.9803530568832717,0.9652024922947717,0.9209305513976386,1.093646274978375,0.9143062506957546,0.9827072733953663,0.9047526098289999
Continuous,350.0,188.825,193.95636476330677,174.29338068700497,89.86216095548224,98.28009692948363,1035.8063089474301,0.0,1,99.99999999999999,132.99487496290038,2.8932234035322146,-1.1858265304124238,79,1976375494,2.0,0.005,0.015,1.0245690430525338,1.084602018943037,0.9803530568832717,0.9652024922947717,0.9209305513976386,1.093646274978375,0.9143062506957546,0.9827072733953663,0.9047526098289999
T-APIC,350.0,188.825,196.09977072637227,176.13472278917868,89.81893356466396,101.12625564735995,1038.3232205062627,0.0,7,26.923076923076923,22.371159930580493,0.8671459810456158,-0.13163206295969554,79,1976375494,2.0,0.005,0.015,1.0245690430525338,1.084602018943037,0.9803530568832717,0.9652024922947717,0.9209305513976386,1.093646274978375,0.9143062506957546,0.9827072733953663,0.9047526098289999
E-APIC,350.0,188.825,197.47448528220133,179.15606072884083,90.72364993017578,101.12625564735995,1051.950146424362,0.0,6,21.89349112426035,32.55710903350464,0.7768400713592317,0.013935481896744617,79,1976375494,2.0,0.005,0.015,1.0245690430525338,1.084602018943037,0.9803530568832717,0.9652024922947717,0.9209305513976386,1.093646274978375,0.9143062506957546,0.9827072733953663,0.9047526098289999
ME-APIC,350.0,188.825,194.48271780625177,174.75317154189696,89.85537301879448,99.33211412489138,1037.8465739695039,0.0,7,22.928994082840234,25.167020336433968,0.8450715137818376,-0.49405115922450044,79,1976375494,2.0,0.005,0.015,1.0245690430525338,1.084602018943037,0.9803530568832717,0.9652024922947717,0.9209305513976386,1.093646274978375,0.9143062506957546,0.9827072733953663,0.9047526098289999
Passive,300.0,157.3,168.73626835558704,101.39226061427756,60.08919220650784,82.44042217666114,460.2644873686768,0.0,0,0.0,0.0,0.0,0.0,80,972109644,2.0,0.005,0.015,1.0279299848120906,1.0528424857512733,0.9505409244356797,1.0737626963158358,1.058631275831474,1.0785113617191104,0.9809915844876511,0.9616819622091112,0.9165106801756736
Continuous,300.0,157.3,166.42813483359677,96.48568831739057,57.97438540897056,85.91048928042163,461.70175962685477,0.0,1,100.0,75.68529393359752,1.7095160691942484,-0.5507948682521694,80,972109644,2.0,0.005,0.015,1.0279299848120906,1.0528424857512733,0.9505409244356797,1.0737626963158358,1.058631275831474,1.0785113617191104,0.9809915844876511,0.9616819622091112,0.9165106801756736
T-APIC,300.0,157.3,168.92368017454268,100.07221084943181,59.24107901629354,85.67581236236798,467.5007430384547,0.0,8,27.594936708860757,22.263843910262036,0.6357963794754316,-0.18090692486192933,80,972109644,2.0,0.005,0.015,1.0279299848120906,1.0528424857512733,0.9505409244356797,1.0737626963158358,1.058631275831474,1.0785113617191104,0.9809915844876511,0.9616819622091112,0.9165106801756736
E-APIC,300.0,157.3,168.2114138392199,99.9021339808403,59.39081760309614,85.67581236236798,468.9794234328626,0.0,7,23.41772151898734,23.15858600272944,0.6228869916357731,-0.3202076185740957,80,972109644,2.0,0.005,0.015,1.0279299848120906,1.0528424857512733,0.9505409244356797,1.0737626963158358,1.058631275831474,1.0785113617191104,0.9809915844876511,0.9616819622091112,0.9165106801756736
ME-APIC,300.0,157.3,168.8105985773882,100.25245211521654,59.38753428995017,85.40140810843852,465.2945285858551,0.0,7,22.78481012658228,15.65933994685972,0.5141723361720713,-0.08423356005168736,80,972109644,2.0,0.005,0.015,1.0279299848120906,1.0528424857512733,0.9505409244356797,1.0737626963158358,1.058631275831474,1.0785113617191104,0.9809915844876511,0.9616819622091112,0.9165106801756736
Passive,350.0,188.825,194.77593494042773,175.27658260655076,89.98882878429471,96.22688718066648,1059.8415932326113,0.0,0,0.0,0.0,0.0,0.0,80,972109644,2.0,0.005,0.015,1.0279299848120906,1.0528424857512733,0.9505409244356797,1.0737626963158358,1.058631275831474,1.0785113617191104,0.9809915844876511,0.9616819622091112,0.9165106801756736
Continuous,350.0,188.825,193.6945824596092,173.41501172010163,89.53013012445177,100.73266956549217,1041.9199496988244,0.0,1,99.99999999999999,134.94571743458667,2.941878136380011,-1.243298476488926,80,972109644,2.0,0.005,0.015,1.0279299848120906,1.0528424857512733,0.9505409244356797,1.0737626963158358,1.058631275831474,1.0785113617191104,0.9809915844876511,0.9616819622091112,0.9165106801756736
T-APIC,350.0,188.825,196.0220204406817,175.31959069403737,89.43872239450306,103.7874426374537,1037.9842734556755,0.0,7,26.923076923076923,23.60937824938746,0.8887393412686878,-0.15857223236885074,80,972109644,2.0,0.005,0.015,1.0279299848120906,1.0528424857512733,0.9505409244356797,1.0737626963158358,1.058631275831474,1.0785113617191104,0.9809915844876511,0.9616819622091112,0.9165106801756736
E-APIC,350.0,188.825,198.60811263950438,178.45061341460848,89.85061639376032,103.7874426374537,1053.012878102635,0.0,5,16.420118343195266,36.20363537947398,0.904247874107894,0.3107824805005246,80,972109644,2.0,0.005,0.015,1.0279299848120906,1.0528424857512733,0.9505409244356797,1.0737626963158358,1.058631275831474,1.0785113617191104,0.9809915844876511,0.9616819622091112,0.9165106801756736
ME-APIC,350.0,188.825,194.62454834483407,174.0314877639624,89.41908368908065,101.23774146765197,1037.5402562501586,0.0,7,22.928994082840234,26.11397312047881,0.8731214156773978,-0.45969948517581066,80,972109644,2.0,0.005,0.015,1.0279299848120906,1.0528424857512733,0.9505409244356797,1.0737626963158358,1.058631275831474,1.0785113617191104,0.9809915844876511,0.9616819622091112,0.9165106801756736
Passive,300.0,157.3,167.31430674425246,97.80352727212615,58.45496967669554,81.85373851188473,459.12463383079967,0.0,0,0.0,0.0,0.0,0.0,81,724891583,2.0,0.005,0.015,1.0731611550138391,0.9741355948923779,1.0491192539442071,0.9501348952907239,0.9064829509228866,0.9687424338056142,0.9078159373385859,0.9745690405079587,0.9120215708087481
Continuous,300.0,157.3,164.50679832163215,92.6252457772647,56.304813370794754,85.81339557067845,458.51640129386135,0.0,1,100.0,80.88607015285184,1.746807019599637,-0.6246314837767751,81,724891583,2.0,0.005,0.015,1.0731611550138391,0.9741355948923779,1.0491192539442071,0.9501348952907239,0.9064829509228866,0.9687424338056142,0.9078159373385859,0.9745690405079587,0.9120215708087481
T-APIC,300.0,157.3,167.254137407825,96.3401856142926,57.601077681792106,85.41845861985767,464.21478173661393,0.0,8,27.594936708860757,22.427940058066763,0.618965686483946,-0.22238551789675703,81,724891583,2.0,0.005,0.015,1.0731611550138391,0.9741355948923779,1.0491192539442071,0.9501348952907239,0.9064829509228866,0.9687424338056142,0.9078159373385859,0.9745690405079587,0.9120215708087481
E-APIC,300.0,157.3,166.59470885980915,95.49283046037124,57.32044619780167,85.41845861985767,462.7021114066313,0.0,7,23.41772151898734,19.060292062796453,0.611124763739467,-0.35693767742791604,81,724891583,2.0,0.005,0.015,1.0731611550138391,0.9741355948923779,1.0491192539442071,0.9501348952907239,0.9064829509228866,0.9687424338056142,0.9078159373385859,0.9745690405079587,0.9120215708087481
ME-APIC,300.0,157.3,167.19116623743992,96.58411953900207,57.76867385555298,85.03492499900635,462.3436583506913,0.0,7,22.658227848101262,15.996205724675965,0.5023846864720155,-0.11295458669573953,81,724891583,2.0,0.005,0.015,1.0731611550138391,0.9741355948923779,1.0491192539442071,0.9501348952907239,0.9064829509228866,0.9687424338056142,0.9078159373385859,0.9745690405079587,0.9120215708087481
Passive,350.0,188.825,193.52503960135024,169.4145288571482,87.5413999171021,99.50472596008281,1021.9853505193493,0.0,0,0.0,0.0,0.0,0.0,81,724891583,2.0,0.005,0.015,1.0731611550138391,0.9741355948923779,1.0491192539442071,0.9501348952907239,0.9064829509228866,0.9687424338056142,0.9078159373385859,0.9745690405079587,0.9120215708087481
Continuous,350.0,188.825,191.82118761978765,166.79689416675805,86.9543642370567,98.40790242226501,1005.9290330229106,0.0,1,99.99999999999999,138.3220624612802,2.917455029686957,-1.3394189010700737,81,724891583,2.0,0.005,0.015,1.0731611550138391,0.9741355948923779,1.0491192539442071,0.9501348952907239,0.9064829509228866,0.9687424338056142,0.9078159373385859,0.9745690405079587,0.9120215708087481
T-APIC,350.0,188.825,194.4343236306584,169.11330676335052,86.97708491253482,103.60845550846011,1000.093040700591,0.0,7,26.923076923076923,21.86222674368868,0.8576472737149325,-0.20333015496954582,81,724891583,2.0,0.005,0.015,1.0731611550138391,0.9741355948923779,1.0491192539442071,0.9501348952907239,0.9064829509228866,0.9687424338056142,0.9078159373385859,0.9745690405079587,0.9120215708087481
E-APIC,350.0,188.825,196.00017014135506,172.36433022007375,87.94090846745941,103.60845550846011,1017.2381754750146,0.0,6,21.89349112426035,34.869010274601116,0.7845462511501177,-0.015441956346484067,81,724891583,2.0,0.005,0.015,1.0731611550138391,0.9741355948923779,1.0491192539442071,0.9501348952907239,0.9064829509228866,0.9687424338056142,0.9078159373385859,0.9745690405079587,0.9120215708087481
ME-APIC,350.0,188.825,193.14097771945433,168.2281899491572,87.10124176419774,103.22322207693865,1003.4489659192375,0.0,7,22.928994082840234,25.661949480137924,0.8419417547820759,-0.5123007276711318,81,724891583,2.0,0.005,0.015,1.0731611550138391,0.9741355948923779,1.0491192539442071,0.9501348952907239,0.9064829509228866,0.9687424338056142,0.9078159373385859,0.9745690405079587,0.9120215708087481
Passive,300.0,157.3,167.68228783912417,99.03037645615491,59.058340467757404,81.67853659939651,462.5953019951408,0.0,0,0.0,0.0,0.0,0.0,82,2103132788,2.0,0.005,0.015,1.0666167450041846,0.9405634466501199,1.0167492273029557,1.0744726143484855,0.9678819447639816,0.9649885790983156,1.0316005686821725,0.9615885109152289,0.9545444333010296
Continuous,300.0,157.3,164.84385916690368,93.75704813706106,56.87627589580541,85.93244894595436,462.12521372572496,0.0,1,100.0,81.72896229063531,1.7663212986528352,-0.6208397139027926,82,2103132788,2.0,0.005,0.015,1.0666167450041846,0.9405634466501199,1.0167492273029557,1.0744726143484855,0.9678819447639816,0.9649885790983156,1.0316005686821725,0.9615885109152289,0.9545444333010296
T-APIC,300.0,157.3,167.57268449998796,97.50191572380123,58.18485036193846,85.50035003542108,467.66559876940664,0.0,8,27.594936708860757,23.474427771856398,0.6386942487475262,-0.2500405442390313,82,2103132788,2.0,0.005,0.015,1.0666167450041846,0.9405634466501199,1.0167492273029557,1.0744726143484855,0.9678819447639816,0.9649885790983156,1.0316005686821725,0.9615885109152289,0.9545444333010296
E-APIC,300.0,157.3,167.56322101146964,96.82020109727353,57.78129622528933,85.50035003542108,465.7240394624133,0.0,6,18.73417721518987,20.969451658139228,0.5250796948598261,-0.2607761750490684,82,2103132788,2.0,0.005,0.015,1.0666167450041846,0.9405634466501199,1.0167492273029557,1.0744726143484855,0.9678819447639816,0.9649885790983156,1.0316005686821725,0.9615885109152289,0.9545444333010296
ME-APIC,300.0,157.3,167.4850620140935,97.67486626502402,58.31855395963904,85.0852024631789,465.9812104904374,0.0,7,22.78481012658228,17.334634176746142,0.5294340927813109,-0.11792917738104833,82,2103132788,2.0,0.005,0.015,1.0666167450041846,0.9405634466501199,1.0167492273029557,1.0744726143484855,0.9678819447639816,0.9649885790983156,1.0316005686821725,0.9615885109152289,0.9545444333010296
Passive,350.0,188.825,193.0573595832665,166.64191197833222,86.31730607838279,94.6550833946342,996.7287480915647,0.0,0,0.0,0.0,0.0,0.0,82,2103132788,2.0,0.005,0.015,1.0666167450041846,0.9405634466501199,1.0167492273029557,1.0744726143484855,0.9678819447639816,0.9649885790983156,1.0316005686821725,0.9615885109152289,0.9545444333010296
Continuous,350.0,188.825,191.2685860171558,163.95155883904943,85.71797504915095,96.62468589227323,989.3608918138993,0.0,1,99.99999999999999,139.343333014312,2.9408498495413684,-1.375826097448656,82,2103132788,2.0,0.005,0.015,1.0666167450041846,0.9405634466501199,1.0167492273029557,1.0744726143484855,0.9678819447639816,0.9649885790983156,1.0316005686821725,0.9615885109152289,0.9545444333010296
T-APIC,350.0,188.825,193.94821123817096,166.41654122851423,85.80462803245581,99.58325966266167,974.4968040488735,0.0,7,26.923076923076923,21.22993356517187,0.8411452299347701,-0.20907514995106818,82,2103132788,2.0,0.005,0.015,1.0666167450041846,0.9405634466501199,1.0167492273029557,1.0744726143484855,0.9678819447639816,0.9649885790983156,1.0316005686821725,0.9615885109152289,0.9545444333010296
E-APIC,350.0,188.825,195.4689345664,169.51602478289243,86.72274454195099,99.58325966266167,990.4352249581893,0.0,6,21.89349112426035,35.21118291431075,0.7849605871320914,-0.046187431855874796,82,2103132788,2.0,0.005,0.015,1.0666167450041846,0.9405634466501199,1.0167492273029557,1.0744726143484855,0.9678819447639816,0.9649885790983156,1.0316005686821725,0.9615885109152289,0.9545444333010296
ME-APIC,350.0,188.825,192.59495911386648,165.4308813181027,85.89574829956803,98.98841304382121,976.6403725102667,0.0,7,23.076923076923073,26.374544019341588,0.8541421019519986,-0.5414377925156203,82,2103132788,2.0,0.005,0.015,1.0666167450041846,0.9405634466501199,1.0167492273029557,1.0744726143484855,0.9678819447639816,0.9649885790983156,1.0316005686821725,0.9615885109152289,0.9545444333010296
Passive,300.0,157.3,168.75644907510377,103.16302364104853,61.13130739977624,80.60281886462788,465.6198490908209,0.0,0,0.0,0.0,0.0,0.0,83,1083346606,2.0,0.005,0.015,1.0730937380521086,1.033869393896361,1.0526157371185059,1.084218639824403,1.0977173849758572,1.060295423902404,0.9200920126009363,0.9818122050652722,1.0132642206421354
Continuous,300.0,157.3,166.4746718989411,98.19298519178788,58.98373853014482,83.92602190989831,466.0645526029132,0.0,1,100.0,76.4980836325464,1.6906115060260947,-0.5613901178064498,83,1083346606,2.0,0.005,0.015,1.0730937380521086,1.033869393896361,1.0526157371185059,1.084218639824403,1.0977173849758572,1.060295423902404,0.9200920126009363,0.9818122050652722,1.0132642206421354
T-APIC,300.0,157.3,168.95855645476718,101.85228711716468,60.282408452295286,83.68386122277339,466.7201758165921,0.0,8,27.594936708860757,22.37196558579599,0.6240043349294224,-0.1785994092790941,83,1083346606,2.0,0.005,0.015,1.0730937380521086,1.033869393896361,1.0526157371185059,1.084218639824403,1.0977173849758572,1.060295423902404,0.9200920126009363,0.9818122050652722,1.0132642206421354
E-APIC,300.0,157.3,168.8026230738101,101.44788278362905,60.09852272216781,83.68386122277339,462.82508250673516,0.0,6,18.73417721518987,20.286808675886917,0.5236358234499046,-0.2197709713643258,83,1083346606,2.0,0.005,0.015,1.0730937380521086,1.033869393896361,1.0526157371185059,1.084218639824403,1.0977173849758572,1.060295423902404,0.9200920126009363,0.9818122050652722,1.0132642206421354
ME-APIC,300.0,157.3,168.7896437989259,101.98607655736981,60.42199880394487,83.40856996897637,460.4901241808832,0.0,7,22.78481012658228,15.521221667783555,0.5024393098075521,-0.07880596672057057,83,1083346606,2.0,0.005,0.015,1.0730937380521086,1.033869393896361,1.0526157371185059,1.084218639824403,1.0977173849758572,1.060295423902404,0.9200920126009363,0.9818122050652722,1.0132642206421354
Passive,350.0,188.825,193.7150915746659,174.35641895915126,90.00662650588946,94.51657202713143,1058.6614544488052,0.0,0,0.0,0.0,0.0,0.0,83,1083346606,2.0,0.005,0.015,1.0730937380521086,1.033869393896361,1.0526157371185059,1.084218639824403,1.0977173849758572,1.060295423902404,0.9200920126009363,0.9818122050652722,1.0132642206421354
Continuous,350.0,188.825,192.63970245910912,172.37870868141815,89.48244130412748,92.381893317094,1042.4720565661787,0.0,1,99.99999999999999,133.4269429102133,2.889311275114683,-1.2297434040541384,83,1083346606,2.0,0.005,0.015,1.0730937380521086,1.033869393896361,1.0526157371185059,1.084218639824403,1.0977173849758572,1.060295423902404,0.9200920126009363,0.9818122050652722,1.0132642206421354
T-APIC,350.0,188.825,194.92458830056447,174.19809653535526,89.36691776757792,99.96055170269513,1031.3915257475576,0.0,7,26.923076923076923,22.45414190507513,0.8820213775316288,-0.14955606007524677,83,1083346606,2.0,0.005,0.015,1.0730937380521086,1.033869393896361,1.0526157371185059,1.084218639824403,1.0977173849758572,1.060295423902404,0.9200920126009363,0.9818122050652722,1.0132642206421354
E-APIC,350.0,188.825,196.4766491301165,177.43432586488882,90.30809851983128,99.96055170269513,1048.2196915661523,0.0,6,21.89349112426035,34.09106097851141,0.7825033396497796,0.029349223571044608,83,1083346606,2.0,0.005,0.015,1.0730937380521086,1.033869393896361,1.0526157371185059,1.084218639824403,1.0977173849758572,1.060295423902404,0.9200920126009363,0.9818122050652722,1.0132642206421354
ME-APIC,350.0,188.825,193.61509638425846,173.2591267807816,89.48637271389346,98.91926825654934,1034.6135042968851,0.0,7,23.076923076923073,25.721142537014064,0.852014047656787,-0.4514382811923543,83,1083346606,2.0,0.005,0.015,1.0730937380521086,1.033869393896361,1.0526157371185059,1.084218639824403,1.0977173849758572,1.060295423902404,0.9200920126009363,0.9818122050652722,1.0132642206421354
Passive,300.0,157.3,166.06414279742958,99.06669624573254,59.65568157996474,80.72793512930411,447.81630311443155,0.0,0,0.0,0.0,0.0,0.0,84,1312565846,2.0,0.005,0.015,0.9828129304489638,0.9199331076350014,1.0633649438031876,1.094258047787914,1.0991044690269887,0.9391273793253493,1.031217414016307,1.0575262514949368,0.9162340353951425
Continuous,300.0,157.3,163.15225620864473,93.7975107537829,57.49078372157564,83.47169339706234,443.3373739699264,0.0,1,100.0,81.3578079984074,1.753366918672417,-0.6186391089025602,84,1312565846,2.0,0.005,0.015,0.9828129304489638,0.9199331076350014,1.0633649438031876,1.094258047787914,1.0991044690269887,0.9391273793253493,1.031217414016307,1.0575262514949368,0.9162340353951425
T-APIC,300.0,157.3,165.91603564445583,97.5992029939203,58.824454559092295,83.2964491028397,445.80118524944345,0.0,8,27.594936708860757,22.648021105870754,0.6053234889260166,-0.2352042824078887,84,1312565846,2.0,0.005,0.015,0.9828129304489638,0.9199331076350014,1.0633649438031876,1.094258047787914,1.0991044690269887,0.9391273793253493,1.031217414016307,1.0575262514949368,0.9162340353951425
E-APIC,300.0,157.3,166.7113687879879,97.83850764021601,58.68736388616683,83.2964491028397,445.4589427799231,0.0,6,18.73417721518987,18.44383789095122,0.37593643963223294,-0.08086084200501015,84,1312565846,2.0,0.005,0.015,0.9828129304489638,0.9199331076350014,1.0633649438031876,1.094258047787914,1.0991044690269887,0.9391273793253493,1.031217414016307,1.0575262514949368,0.9162340353951425
ME-APIC,300.0,157.3,165.9145237447012,97.90097901029294,59.00687703563359,83.07990874925598,440.0458715609297,0.0,7,22.78481012658228,16.166630986816003,0.5039157386701014,-0.08282316173970977,84,1312565846,2.0,0.005,0.015,0.9828129304489638,0.9199331076350014,1.0633649438031876,1.094258047787914,1.0991044690269887,0.9391273793253493,1.031217414016307,1.0575262514949368,0.9162340353951425
Passive,350.0,188.825,189.5311531212888,162.77348065694724,85.88217713885895,97.41496901980213,977.7581225066323,0.0,0,0.0,0.0,0.0,0.0,84,1312565846,2.0,0.005,0.015,0.9828129304489638,0.9199331076350014,1.0633649438031876,1.094258047787914,1.0991044690269887,0.9391273793253493,1.031217414016307,1.0575262514949368,0.9162340353951425
Continuous,350.0,188.825,187.74708504809166,160.25098531565345,85.35471284393307,99.2936610989079,971.7681002015161,0.0,1,99.99999999999999,137.1274047273272,2.8728323855835094,-1.3444392822804214,84,1312565846,2.0,0.005,0.015,0.9828129304489638,0.9199331076350014,1.0633649438031876,1.094258047787914,1.0991044690269887,0.9391273793253493,1.031217414016307,1.0575262514949368,0.9162340353951425
T-APIC,350.0,188.825,190.26793312182917,162.3485376495635,85.32627384227231,99.25838983175335,954.5433156048564,0.0,7,26.923076923076923,22.66280576936944,0.8403045161295742,-0.24035906417050767,84,1312565846,2.0,0.005,0.015,0.9828129304489638,0.9199331076350014,1.0633649438031876,1.094258047787914,1.0991044690269887,0.9391273793253493,1.031217414016307,1.0575262514949368,0.9162340353951425
E-APIC,350.0,188.825,191.5960625913875,164.37330914808277,85.79159035153971,99.25838983175335,963.7863029963457,0.0,6,21.89349112426035,51.08622664506138,1.066708945114418,-0.30220990125508423,84,1312565846,2.0,0.005,0.015,0.9828129304489638,0.9199331076350014,1.0633649438031876,1.094258047787914,1.0991044690269887,0.9391273793253493,1.031217414016307,1.0575262514949368,0.9162340353951425
ME-APIC,350.0,188.825,189.09017819142568,161.4900190539343,85.40370557504562,99.07685512837034,957.3150139112578,0.0,7,22.928994082840234,25.820401193922535,0.834758637033516,-0.5178654165644655,84,1312565846,2.0,0.005,0.015,0.9828129304489638,0.9199331076350014,1.0633649438031876,1.094258047787914,1.0991044690269887,0.9391273793253493,1.031217414016307,1.0575262514949368,0.9162340353951425
Passive,300.0,157.3,168.1937510416583,99.32990175216663,59.05683245483037,80.44901512518258,475.3845680296934,0.0,0,0.0,0.0,0.0,0.0,85,1594545548,2.0,0.005,0.015,1.1672565264766135,0.937124353695572,1.0143215607255474,1.0847298087070185,0.9551537949056932,0.955733612115164,1.0053396261073229,0.9374874075206175,1.0173307503462545
Continuous,300.0,157.3,165.27063235583603,93.94959420669913,56.84590956511917,84.54538684679976,465.9316863041513,0.0,1,100.0,82.99526508261651,1.7855383652061618,-0.6419817419182148,85,1594545548,2.0,0.005,0.015,1.1672565264766135,0.937124353695572,1.0143215607255474,1.0847298087070185,0.9551537949056932,0.955733612115164,1.0053396261073229,0.9374874075206175,1.0173307503462545
T-APIC,300.0,157.3,168.0620635934776,97.75328621099082,58.164992218258455,84.11844506621816,471.1925107616035,0.0,8,27.594936708860757,23.86441100371231,0.6454318478113011,-0.25951082758591126,85,1594545548,2.0,0.005,0.015,1.1672565264766135,0.937124353695572,1.0143215607255474,1.0847298087070185,0.9551537949056932,0.955733612115164,1.0053396261073229,0.9374874075206175,1.0173307503462545
E-APIC,300.0,157.3,167.91740653933087,96.96354991229185,57.744787696908794,84.11844506621816,469.89861092104314,0.0,6,18.73417721518987,18.706477134873612,0.5297662048174366,-0.28947857944813826,85,1594545548,2.0,0.005,0.015,1.1672565264766135,0.937124353695572,1.0143215607255474,1.0847298087070185,0.9551537949056932,0.955733612115164,1.0053396261073229,0.9374874075206175,1.0173307503462545
ME-APIC,300.0,157.3,167.94677242663425,97.85769721076893,58.26709010053588,83.7015500506308,471.1923020613831,0.0,7,22.78481012658228,18.000174161367553,0.5457597741970841,-0.13412296309204005,85,1594545548,2.0,0.005,0.015,1.1672565264766135,0.937124353695572,1.0143215607255474,1.0847298087070185,0.9551537949056932,0.955733612115164,1.0053396261073229,0.9374874075206175,1.0173307503462545
Passive,350.0,188.825,193.6674150993676,166.76138911861833,86.10709707312186,95.70250488002624,994.0877978861606,0.0,0,0.0,0.0,0.0,0.0,85,1594545548,2.0,0.005,0.015,1.1672565264766135,0.937124353695572,1.0143215607255474,1.0847298087070185,0.9551537949056932,0.955733612115164,1.0053396261073229,0.9374874075206175,1.0173307503462545
Continuous,350.0,188.825,191.76105009434903,163.93062746663387,85.48692624804556,94.37367201054316,989.8770176942746,0.0,1,99.99999999999999,140.85915955526642,2.9730556883336563,-1.404560734361388,85,1594545548,2.0,0.005,0.015,1.1672565264766135,0.937124353695572,1.0143215607255474,1.0847298087070185,0.9551537949056932,0.955733612115164,1.0053396261073229,0.9374874075206175,1.0173307503462545
T-APIC,350.0,188.825,194.54602113540523,166.57051494712522,85.62010879224877,99.3424432902347,969.7466706180265,0.0,7,26.923076923076923,21.298702052872727,0.8428153030580053,-0.21633124846084348,85,1594545548,2.0,0.005,0.015,1.1672565264766135,0.937124353695572,1.0143215607255474,1.0847298087070185,0.9551537949056932,0.955733612115164,1.0053396261073229,0.9374874075206175,1.0173307503462545
E-APIC,350.0,188.825,194.36763581948577,167.57376252858776,86.21484838361559,99.3424432902347,975.1843339883529,0.0,7,27.36686390532544,47.32975218151328,1.2118201695745596,-0.5321545621305294,85,1594545548,2.0,0.005,0.015,1.1672565264766135,0.937124353695572,1.0143215607255474,1.0847298087070185,0.9551537949056932,0.955733612115164,1.0053396261073229,0.9374874075206175,1.0173307503462545
ME-APIC,350.0,188.825,193.15977217162535,165.48425111979742,85.67221283154247,98.774432309441,971.7475317845378,0.0,7,23.076923076923073,27.397602240327245,0.8704670355975573,-0.5566149612590163,85,1594545548,2.0,0.005,0.015,1.1672565264766135,0.937124353695572,1.0143215607255474,1.0847298087070185,0.9551537949056932,0.955733612115164,1.0053396261073229,0.9374874075206175,1.0173307503462545
Passive,300.0,157.3,168.45823013879564,98.87706466161204,58.69530065710979,81.96345483029796,483.3301157220761,0.0,0,0.0,0.0,0.0,0.0,86,470432468,2.0,0.005,0.015,0.9809362588244965,0.948737275147898,0.9338355606841627,1.04809397635545,0.9295345767282874,1.0601991158666197,0.9374598379129102,0.9306182688165008,1.0956274325145376
Continuous,300.0,157.3,166.0906190112493,93.77961368984015,56.46292021073657,90.73695273341649,474.7916815517066,0.0,1,100.0,77.64140734979082,1.6957208279098037,-0.59894308522128,86,470432468,2.0,0.005,0.015,0.9809362588244965,0.948737275147898,0.9338355606841627,1.04809397635545,0.9295345767282874,1.0601991158666197,0.9374598379129102,0.9306182688165008,1.0956274325145376
T-APIC,300.0,157.3,168.53331806713615,97.31718757780997,57.74358963195821,88.03688099035016,480.4953865995306,0.0,8,27.594936708860757,23.949480870512396,0.6509687733545376,-0.1993788621551333,86,470432468,2.0,0.005,0.015,0.9809362588244965,0.948737275147898,0.9338355606841627,1.04809397635545,0.9295345767282874,1.0601991158666197,0.9374598379129102,0.9306182688165008,1.0956274325145376
E-APIC,300.0,157.3,168.9838486271327,95.94237240741595,56.776060663120134,88.03686829921712,483.09489572616644,0.0,7,23.41772151898734,24.291953600042476,0.6102592975475333,-0.1266664243981544,86,470432468,2.0,0.005,0.015,0.9809362588244965,0.948737275147898,0.9338355606841627,1.04809397635545,0.9295345767282874,1.0601991158666197,0.9374598379129102,0.9306182688165008,1.0956274325145376
ME-APIC,300.0,157.3,168.42196843827918,97.4476162624553,57.85920754047385,86.82907317597338,480.1149211601159,0.0,7,22.78481012658228,16.972344879487622,0.507820039203913,-0.1251642924870787,86,470432468,2.0,0.005,0.015,0.9809362588244965,0.948737275147898,0.9338355606841627,1.04809397635545,0.9295345767282874,1.0601991158666197,0.9374598379129102,0.9306182688165008,1.0956274325145376
Passive,350.0,188.825,194.50160588566175,167.93027096109424,86.33875807679063,90.71905297444857,1006.404305251976,0.0,0,0.0,0.0,0.0,0.0,86,470432468,2.0,0.005,0.015,0.9809362588244965,0.948737275147898,0.9338355606841627,1.04809397635545,0.9295345767282874,1.0601991158666197,0.9374598379129102,0.9306182688165008,1.0956274325145376
Continuous,350.0,188.825,193.16488692888527,165.41143713716215,85.63224909403917,92.88547486568824,1000.513174879204,0.0,1,99.99999999999999,137.6094028146084,2.9609670323805064,-1.2627904390421099,86,470432468,2.0,0.005,0.015,0.9809362588244965,0.948737275147898,0.9338355606841627,1.04809397635545,0.9295345767282874,1.0601991158666197,0.9374598379129102,0.9306182688165008,1.0956274325145376
T-APIC,350.0,188.825,195.6386138606382,167.7412141699793,85.74034075372695,98.19924519685324,976.0672576290226,0.0,7,26.923076923076923,23.08881032016068,0.8852155728213569,-0.17707269338601317,86,470432468,2.0,0.005,0.015,0.9809362588244965,0.948737275147898,0.9338355606841627,1.04809397635545,0.9295345767282874,1.0601991158666197,0.9374598379129102,0.9306182688165008,1.0956274325145376
E-APIC,350.0,188.825,197.3823414611133,170.30219089236886,86.2803580258067,98.19924519685324,990.1073341765061,0.0,7,27.36686390532544,57.20927726392207,1.088506255579071,-0.12359166073543874,86,470432468,2.0,0.005,0.015,0.9809362588244965,0.948737275147898,0.9338355606841627,1.04809397635545,0.9295345767282874,1.0601991158666197,0.9374598379129102,0.9306182688165008,1.0956274325145376
ME-APIC,350.0,188.825,194.2814298916713,166.49077451986693,85.69567076621782,96.35395630805891,976.3116318103577,0.0,7,23.076923076923073,30.150306849210676,0.9143124007465232,-0.4883772611179852,86,470432468,2.0,0.005,0.015,0.9809362588244965,0.948737275147898,0.9338355606841627,1.04809397635545,0.9295345767282874,1.0601991158666197,0.9374598379129102,0.9306182688165008,1.0956274325145376
Passive,300.0,157.3,168.41884402915397,99.81965884205562,59.2686996621212,79.3837909231873,456.9957989896805,0.0,0,0.0,0.0,0.0,0.0,87,773033546,2.0,0.005,0.015,0.9181601440391799,0.9613109084962036,1.0525008835287895,1.0648942258273528,0.9710288063480974,0.968544860332944,0.9899385250448038,0.9308965697730358,0.9373268138596998
Continuous,300.0,157.3,165.52209571064856,94.49972495614257,57.0919094217722,83.22009245213894,455.8016390813047,0.0,1,100.0,83.58853882205112,1.8081685162909806,-0.6543008811816092,87,773033546,2.0,0.005,0.015,0.9181601440391799,0.9613109084962036,1.0525008835287895,1.0648942258273528,0.9710288063480974,0.968544860332944,0.9899385250448038,0.9308965697730358,0.9373268138596998
T-APIC,300.0,157.3,168.31157389272593,98.29419591214388,58.400140666970465,82.84687497015359,458.935020198626,0.0,8,27.594936708860757,23.455994741380824,0.6402633237377999,-0.25100446758958317,87,773033546,2.0,0.005,0.015,0.9181601440391799,0.9613109084962036,1.0525008835287895,1.0648942258273528,0.9710288063480974,0.968544860332944,0.9899385250448038,0.9308965697730358,0.9373268138596998
E-APIC,300.0,157.3,167.99775012371194,97.12605979866353,57.81390508333644,82.84687497015359,457.16942117669083,0.0,6,18.73417721518987,14.425870262968504,0.5014243538889737,-0.2798278501657355,87,773033546,2.0,0.005,0.015,0.9181601440391799,0.9613109084962036,1.0525008835287895,1.0648942258273528,0.9710288063480974,0.968544860332944,0.9899385250448038,0.9308965697730358,0.9373268138596998
ME-APIC,300.0,157.3,168.26698703949327,98.48069555016217,58.52645089975264,82.47842486789915,457.3350729619174,0.0,7,22.78481012658228,17.611060811462195,0.5483204258192912,-0.11514811584328495,87,773033546,2.0,0.005,0.015,0.9181601440391799,0.9613109084962036,1.0525008835287895,1.0648942258273528,0.9710288063480974,0.968544860332944,0.9899385250448038,0.9308965697730358,0.9373268138596998
Passive,350.0,188.825,193.79415599575788,168.3765852846774,86.88424293267292,96.11502993347337,1011.2324623017128,0.0,0,0.0,0.0,0.0,0.0,87,773033546,2.0,0.005,0.015,0.9181601440391799,0.9613109084962036,1.0525008835287895,1.0648942258273528,0.9710288063480974,0.968544860332944,0.9899385250448038,0.9308965697730358,0.9373268138596998
Continuous,350.0,188.825,192.00908225738425,165.67963814275532,86.28739651005944,98.09579716312493,995.2496620866671,0.0,1,99.99999999999999,140.54310417728433,2.9751978567736743,-1.3983903289061477,87,773033546,2.0,0.005,0.015,0.9181601440391799,0.9613109084962036,1.0525008835287895,1.0648942258273528,0.9710288063480974,0.968544860332944,0.9899385250448038,0.9308965697730358,0.9373268138596998
T-APIC,350.0,188.825,194.69838231627372,168.1916052143398,86.38572299030429,98.92296637721755,990.384439143788,0.0,7,26.923076923076923,21.811109476483182,0.8508791843326928,-0.2187364493788069,87,773033546,2.0,0.005,0.015,0.9181601440391799,0.9613109084962036,1.0525008835287895,1.0648942258273528,0.9710288063480974,0.968544860332944,0.9899385250448038,0.9308965697730358,0.9373268138596998
E-APIC,350.0,188.825,195.45460037024793,170.06757369495162,87.0112923271154,98.92296637721755,999.9790217866426,0.0,7,27.36686390532544,50.05314914481553,1.1346288108239095,-0.4443816532832671,87,773033546,2.0,0.005,0.015,0.9181601440391799,0.9613109084962036,1.0525008835287895,1.0648942258273528,0.9710288063480974,0.968544860332944,0.9899385250448038,0.9308965697730358,0.9373268138596998
ME-APIC,350.0,188.825,193.29695143663832,167.03596769095142,86.41417593474303,98.55178598178547,991.65788854107,0.0,7,23.076923076923073,27.540162542381637,0.8826183060543161,-0.5520425429215619,87,773033546,2.0,0.005,0.015,0.9181601440391799,0.9613109084962036,1.0525008835287895,1.0648942258273528,0.9710288063480974,0.968544860332944,0.9899385250448038,0.9308965697730358,0.9373268138596998
Passive,300.0,157.3,167.45855771911846,98.25869369036161,58.676424202322856,83.9720522836567,461.1463322287805,0.0,0,0.0,0.0,0.0,0.0,88,1416692390,2.0,0.005,0.015,1.0829082775384642,0.9655875720467586,0.9301482086736084,0.996688199245876,1.050899588911796,0.900186790162443,0.9158137238646578,1.0051577233966345,0.9522931317355063
Continuous,300.0,157.3,164.0063932840763,92.74486393479923,56.54954180606569,87.13977719811523,460.97833374107,0.0,1,100.0,82.6852584671104,1.7751014351816483,-0.6590485838373217,88,1416692390,2.0,0.005,0.015,1.0829082775384642,0.9655875720467586,0.9301482086736084,0.996688199245876,1.050899588911796,0.900186790162443,0.9158137238646578,1.0051577233966345,0.9522931317355063
T-APIC,300.0,157.3,167.20010662788826,96.73412310418558,57.855299888936045,86.9284331541533,467.43563903949405,0.0,8,27.594936708860757,23.858263050290052,0.6352470664339552,-0.2403008052371848,88,1416692390,2.0,0.005,0.015,1.0829082775384642,0.9655875720467586,0.9301482086736084,0.996688199245876,1.050899588911796,0.900186790162443,0.9158137238646578,1.0051577233966345,0.9522931317355063
E-APIC,300.0,157.3,168.18934902414648,96.87300788818712,57.59758774872202,86.9284331541533,471.13228760210916,0.0,6,18.73417721518987,17.944358226344306,0.3864038014022851,-0.04735949791438852,88,1416692390,2.0,0.005,0.015,1.0829082775384642,0.9655875720467586,0.9301482086736084,0.996688199245876,1.050899588911796,0.900186790162443,0.9158137238646578,1.0051577233966345,0.9522931317355063
ME-APIC,300.0,157.3,167.18129454891002,96.98107685049938,58.00952619261296,86.67299182218392,464.9218846637698,0.0,7,22.658227848101262,17.050970584015758,0.5099523688592573,-0.10415674344845972,88,1416692390,2.0,0.005,0.015,1.0829082775384642,0.9655875720467586,0.9301482086736084,0.996688199245876,1.050899588911796,0.900186790162443,0.9158137238646578,1.0051577233966345,0.9522931317355063
Passive,350.0,188.825,193.24181907032846,169.34200220985622,87.6321714546818,100.04464165990584,1020.7914268406385,0.0,0,0.0,0.0,0.0,0.0,88,1416692390,2.0,0.005,0.015,1.0829082775384642,0.9655875720467586,0.9301482086736084,0.996688199245876,1.050899588911796,0.900186790162443,0.9158137238646578,1.0051577233966345,0.9522931317355063
Continuous,350.0,188.825,190.78534479445068,166.12687755279163,87.07528229265947,98.86059105039334,1021.571780444975,0.0,1,99.99999999999999,141.687619970132,2.9345008269186392,-1.4543372629931703,88,1416692390,2.0,0.005,0.015,1.0829082775384642,0.9655875720467586,0.9301482086736084,0.996688199245876,1.050899588911796,0.900186790162443,0.9158137238646578,1.0051577233966345,0.9522931317355063
T-APIC,350.0,188.825,193.86505826294248,168.6313635979465,86.98388719912016,103.34059861856342,1002.3039646094867,0.0,7,26.923076923076923,23.34252411905416,0.8681576520096483,-0.2607548715504547,88,1416692390,2.0,0.005,0.015,1.0829082775384642,0.9655875720467586,0.9301482086736084,0.996688199245876,1.050899588911796,0.900186790162443,0.9158137238646578,1.0051577233966345,0.9522931317355063
E-APIC,350.0,188.825,194.6977722617793,172.06792461821445,88.37693550333074,103.34059861856342,1016.651968693181,0.0,6,21.89349112426035,38.47424565350906,0.9514274649575248,-0.2682735340531258,88,1416692390,2.0,0.005,0.015,1.0829082775384642,0.9655875720467586,0.9301482086736084,0.996688199245876,1.050899588911796,0.900186790162443,0.9158137238646578,1.0051577233966345,0.9522931317355063
ME-APIC,350.0,188.825,192.80800071063166,167.947342176972,87.10600263369216,102.9526926257631,1003.6842331803227,0.0,7,22.928994082840234,27.61472093702148,0.8837303748002936,-0.5145807961686543,88,1416692390,2.0,0.005,0.015,1.0829082775384642,0.9655875720467586,0.9301482086736084,0.996688199245876,1.050899588911796,0.900186790162443,0.9158137238646578,1.0051577233966345,0.9522931317355063
Passive,300.0,157.3,168.65980933099902,100.38820991374656,59.5211214289542,82.98803605945645,467.86359026656896,0.0,0,0.0,0.0,0.0,0.0,89,1825802304,2.0,0.005,0.015,0.9864071492577327,0.9497931301864476,1.0891472547114525,0.9476515523646918,0.9749720208776002,0.9728777800350911,0.9966179605933216,0.9457204173031822,1.0226015834267785
Continuous,300.0,157.3,165.73290090220158,95.05225586898547,57.352677320887224,87.6259060547596,467.24519171374294,0.0,1,100.0,81.49228384772871,1.7447307576704822,-0.6752285782470938,89,1825802304,2.0,0.005,0.015,0.9864071492577327,0.9497931301864476,1.0891472547114525,0.9476515523646918,0.9749720208776002,0.9728777800350911,0.9966179605933216,0.9457204173031822,1.0226015834267785
T-APIC,300.0,157.3,168.540357914498,98.83650771269636,58.642635470631305,87.19441630149413,469.2243022703507,0.0,8,27.594936708860757,23.769897844310602,0.6394204267127271,-0.22938112099857233,89,1825802304,2.0,0.005,0.015,0.9864071492577327,0.9497931301864476,1.0891472547114525,0.9476515523646918,0.9749720208776002,0.9728777800350911,0.9966179605933216,0.9457204173031822,1.0226015834267785
E-APIC,300.0,157.3,169.53847924590946,98.84462658962818,58.30217837819437,87.19441630149413,461.5908819296898,0.0,6,18.73417721518987,17.176710257741735,0.41647899668403204,-0.036260375956276084,89,1825802304,2.0,0.005,0.015,0.9864071492577327,0.9497931301864476,1.0891472547114525,0.9476515523646918,0.9749720208776002,0.9728777800350911,0.9966179605933216,0.9457204173031822,1.0226015834267785
ME-APIC,300.0,157.3,168.54857773332344,99.08638909770832,58.78803038877149,86.79744366842596,457.62885958307413,0.0,7,22.78481012658228,16.770605844602624,0.5053090406677475,-0.10857321178556889,89,1825802304,2.0,0.005,0.015,0.9864071492577327,0.9497931301864476,1.0891472547114525,0.9476515523646918,0.9749720208776002,0.9728777800350911,0.9966179605933216,0.9457204173031822,1.0226015834267785
Passive,350.0,188.825,193.80340512697813,168.39994735972186,86.89215096576234,95.2246793446903,1020.6848120491935,0.0,0,0.0,0.0,0.0,0.0,89,1825802304,2.0,0.005,0.015,0.9864071492577327,0.9497931301864476,1.0891472547114525,0.9476515523646918,0.9749720208776002,0.9728777800350911,0.9966179605933216,0.9457204173031822,1.0226015834267785
Continuous,350.0,188.825,191.92669510965538,165.48407802017212,86.22254341722733,91.97311180891856,1008.6668126828213,0.0,1,99.99999999999999,139.6286775457366,2.928181268917569,-1.3616574952599643,89,1825802304,2.0,0.005,0.015,0.9864071492577327,0.9497931301864476,1.0891472547114525,0.9476515523646918,0.9749720208776002,0.9728777800350911,0.9966179605933216,0.9457204173031822,1.0226015834267785
T-APIC,350.0,188.825,194.63273739807724,167.87983732668317,86.2546761510747,100.39580435834957,990.7279744342856,0.0,7,26.923076923076923,22.251912589539373,0.8697903638058055,-0.2182699874058775,89,1825802304,2.0,0.005,0.015,0.9864071492577327,0.9497931301864476,1.0891472547114525,0.9476515523646918,0.9749720208776002,0.9728777800350911,0.9966179605933216,0.9457204173031822,1.0226015834267785
E-APIC,350.0,188.825,196.2397894924176,171.33338077786192,87.30817599276011,100.39580435834957,1010.2639591276032,0.0,6,21.89349112426035,35.675722202101184,0.794131113065004,-0.028743991619093148,89,1825802304,2.0,0.005,0.015,0.9864071492577327,0.9497931301864476,1.0891472547114525,0.9476515523646918,0.9749720208776002,0.9728777800350911,0.9966179605933216,0.9457204173031822,1.0226015834267785
ME-APIC,350.0,188.825,193.39480994103639,167.057944568415,86.38181377222524,99.44512684306041,995.5763110834154,0.0,7,23.076923076923073,28.240664260502115,0.876513155961414,-0.5151980004208169,89,1825802304,2.0,0.005,0.015,0.9864071492577327,0.9497931301864476,1.0891472547114525,0.9476515523646918,0.9749720208776002,0.9728777800350911,0.9966179605933216,0.9457204173031822,1.0226015834267785
Passive,300.0,157.3,168.89457534353022,102.65842824840111,60.78254913729152,82.34170370852371,470.6388914489963,0.0,0,0.0,0.0,0.0,0.0,90,714338155,2.0,0.005,0.015,0.8818649927255198,1.066194030484901,1.0801301157551744,1.090378939603919,1.0738110577871773,0.9185785173790294,0.9723333002205506,0.9536357542264273,1.0000865415359643
Continuous,300.0,157.3,165.74200680934666,97.18963719798627,58.63910970366353,84.85802970070984,462.15993929142144,0.0,1,100.0,84.22144025660411,1.8145367974667506,-0.660887178686656,90,714338155,2.0,0.005,0.015,0.8818649927255198,1.066194030484901,1.0801301157551744,1.090378939603919,1.0738110577871773,0.9185785173790294,0.9723333002205506,0.9536357542264273,1.0000865415359643
T-APIC,300.0,157.3,168.68212482584596,101.20520002607108,59.99758429090178,84.70371808007444,467.71748786656616,0.0,8,27.594936708860757,22.1797473648228,0.6196857787306848,-0.2819934517798581,90,714338155,2.0,0.005,0.015,0.8818649927255198,1.066194030484901,1.0801301157551744,1.090378939603919,1.0738110577871773,0.9185785173790294,0.9723333002205506,0.9536357542264273,1.0000865415359643
E-APIC,300.0,157.3,169.82683528260839,101.35615697487354,59.68206191100896,84.70371808007444,471.8370586728873,0.0,6,18.73417721518987,15.190505995860464,0.4084413169224201,-0.04061121226918832,90,714338155,2.0,0.005,0.015,0.8818649927255198,1.066194030484901,1.0801301157551744,1.090378939603919,1.0738110577871773,0.9185785173790294,0.9723333002205506,0.9536357542264273,1.0000865415359643
ME-APIC,300.0,157.3,168.65664367521734,101.31183074376425,60.06987245569808,84.51407153627504,466.2161253775989,0.0,7,22.78481012658228,18.027379108120996,0.5780722192584195,-0.09706455273480466,90,714338155,2.0,0.005,0.015,0.8818649927255198,1.066194030484901,1.0801301157551744,1.090378939603919,1.0738110577871773,0.9185785173790294,0.9723333002205506,0.9536357542264273,1.0000865415359643
Passive,350.0,188.825,194.425113640945,174.9303081598017,89.97310320870103,97.04408291854534,1048.421083549193,0.0,0,0.0,0.0,0.0,0.0,90,714338155,2.0,0.005,0.015,0.8818649927255198,1.066194030484901,1.0801301157551744,1.090378939603919,1.0738110577871773,0.9185785173790294,0.9723333002205506,0.9536357542264273,1.0000865415359643
Continuous,350.0,188.825,192.42510553977291,172.27580861853954,89.52875880477632,102.43367296771237,1030.5294202001173,0.0,1,99.99999999999999,139.55750908080037,2.975060292254803,-1.4483457483644087,90,714338155,2.0,0.005,0.015,0.8818649927255198,1.066194030484901,1.0801301157551744,1.090378939603919,1.0738110577871773,0.9185785173790294,0.9723333002205506,0.9536357542264273,1.0000865415359643
T-APIC,350.0,188.825,195.20808432189108,174.85434418204377,89.57331085413209,102.40265261146257,1026.95661796667,0.0,7,26.923076923076923,22.9268458068446,0.8537743586584692,-0.2589819998720879,90,714338155,2.0,0.005,0.015,0.8818649927255198,1.066194030484901,1.0801301157551744,1.090378939603919,1.0738110577871773,0.9185785173790294,0.9723333002205506,0.9536357542264273,1.0000865415359643
E-APIC,350.0,188.825,196.77448561160404,178.2208126736478,90.57109823954632,102.40265261146257,1043.7443206389567,0.0,6,21.89349112426035,37.99152348586682,0.7781917613488276,-0.05980080699663937,90,714338155,2.0,0.005,0.015,0.8818649927255198,1.066194030484901,1.0801301157551744,1.090378939603919,1.0738110577871773,0.9185785173790294,0.9723333002205506,0.9536357542264273,1.0000865415359643
ME-APIC,350.0,188.825,193.99143703061918,173.64842105817164,89.51344642638188,102.0313014078836,1027.893492770528,0.0,7,23.076923076923073,27.97820154427475,0.8826024447303771,-0.5440629972659108,90,714338155,2.0,0.005,0.015,0.8818649927255198,1.066194030484901,1.0801301157551744,1.090378939603919,1.0738110577871773,0.9185785173790294,0.9723333002205506,0.9536357542264273,1.0000865415359643
Passive,300.0,157.3,169.56585306346417,100.49509193139457,59.26611408830162,81.87004521159349,461.1567269777091,0.0,0,0.0,0.0,0.0,0.0,91,1750962627,2.0,0.005,0.015,0.9053258471174747,1.0220953994457955,0.9813768575282951,0.9816181143554279,0.9861061509805629,0.9826908673524556,0.9055955095201417,0.9106406536421,0.9189047777740159
Continuous,300.0,157.3,166.52565013706445,95.1256955451943,57.12374968474703,86.09916636203735,461.0764396396602,0.0,1,100.0,82.55968317025504,1.7990154418644864,-0.6590802570444738,91,1750962627,2.0,0.005,0.015,0.9053258471174747,1.0220953994457955,0.9813768575282951,0.9816181143554279,0.9861061509805629,0.9826908673524556,0.9055955095201417,0.9106406536421,0.9189047777740159
T-APIC,300.0,157.3,169.5009411488116,99.01665109506109,58.41657894284519,85.67284534338177,467.241810358949,0.0,8,27.594936708860757,23.601520125602146,0.6461137528799473,-0.21611005534654995,91,1750962627,2.0,0.005,0.015,0.9053258471174747,1.0220953994457955,0.9813768575282951,0.9816181143554279,0.9861061509805629,0.9826908673524556,0.9055955095201417,0.9106406536421,0.9189047777740159
E-APIC,300.0,157.3,169.737214956529,97.72139690049546,57.572169382844336,85.67284534338177,469.22899162703294,0.0,6,18.73417721518987,26.095183775196748,0.5580461729307357,-0.19656392607414183,91,1750962627,2.0,0.005,0.015,0.9053258471174747,1.0220953994457955,0.9813768575282951,0.9816181143554279,0.9861061509805629,0.9826908673524556,0.9055955095201417,0.9106406536421,0.9189047777740159
ME-APIC,300.0,157.3,169.4486370769351,99.25868096355126,58.57744427798769,85.2589680669158,465.15005929739806,0.0,7,22.78481012658228,16.62925612211093,0.5222164407195936,-0.10154335794845494,91,1750962627,2.0,0.005,0.015,0.9053258471174747,1.0220953994457955,0.9813768575282951,0.9816181143554279,0.9861061509805629,0.9826908673524556,0.9055955095201417,0.9106406536421,0.9189047777740159
Passive,350.0,188.825,196.17915966629766,175.29277513455213,89.35341319267886,99.77471485576821,1066.506060142537,0.0,0,0.0,0.0,0.0,0.0,91,1750962627,2.0,0.005,0.015,0.9053258471174747,1.0220953994457955,0.9813768575282951,0.9816181143554279,0.9861061509805629,0.9826908673524556,0.9055955095201417,0.9106406536421,0.9189047777740159
Continuous,350.0,188.825,194.27249362127637,172.37008208056398,88.72593276976723,99.86318973465221,1038.5859668452515,0.0,1,99.99999999999999,141.13439875873178,2.9817303271740743,-1.3988222809156874,91,1750962627,2.0,0.005,0.015,0.9053258471174747,1.0220953994457955,0.9813768575282951,0.9816181143554279,0.9861061509805629,0.9826908673524556,0.9055955095201417,0.9106406536421,0.9189047777740159
T-APIC,350.0,188.825,197.11465423436553,174.78247619008502,88.67046281717444,102.88923412288595,1040.5045462280366,0.0,7,26.923076923076923,23.198466791308114,0.89842309311893,-0.21104478674935065,91,1750962627,2.0,0.005,0.015,0.9053258471174747,1.0220953994457955,0.9813768575282951,0.9816181143554279,0.9861061509805629,0.9826908673524556,0.9055955095201417,0.9106406536421,0.9189047777740159
E-APIC,350.0,188.825,197.58976542514458,176.64805017798645,89.4014170207152,102.88923412288595,1051.518089071338,0.0,7,27.36686390532544,52.69213530626223,1.220215276898106,-0.5063553851060946,91,1750962627,2.0,0.005,0.015,0.9053258471174747,1.0220953994457955,0.9813768575282951,0.9816181143554279,0.9861061509805629,0.9826908673524556,0.9055955095201417,0.9106406536421,0.9189047777740159
ME-APIC,350.0,188.825,195.7859141807535,173.81634891463986,88.77878147769563,102.47165289464851,1044.0312351373002,0.0,7,23.076923076923073,27.56503232309797,0.8960061512207039,-0.5103530745574645,91,1750962627,2.0,0.005,0.015,0.9053258471174747,1.0220953994457955,0.9813768575282951,0.9816181143554279,0.9861061509805629,0.9826908673524556,0.9055955095201417,0.9106406536421,0.9189047777740159
Passive,300.0,157.3,164.7738242509012,97.3285809707931,59.06798692891342,79.40139641725749,457.43034568037854,0.0,0,0.0,0.0,0.0,0.0,92,341657105,2.0,0.005,0.015,1.134551162061431,0.9787891492939824,1.0713836143721283,0.9996197328784384,0.9599642876727058,0.9664444153563909,0.9075854996602601,1.0958367175192627,0.9460334218490509
Continuous,300.0,157.3,162.33903643323242,92.59933789802157,57.04070932816351,83.3349573096372,457.29703255863643,0.0,1,100.0,77.85581851105681,1.6944773893533518,-0.5693661604899526,92,341657105,2.0,0.005,0.015,1.134551162061431,0.9787891492939824,1.0713836143721283,0.9996197328784384,0.9599642876727058,0.9664444153563909,0.9075854996602601,1.0958367175192627,0.9460334218490509
T-APIC,300.0,157.3,164.79892584678643,95.99838313406055,58.25182575723233,82.93126045211774,462.36651567099915,0.0,8,27.594936708860757,22.386757537902394,0.6064835416920491,-0.21694711862604718,92,341657105,2.0,0.005,0.015,1.134551162061431,0.9787891492939824,1.0713836143721283,0.9996197328784384,0.9599642876727058,0.9664444153563909,0.9075854996602601,1.0958367175192627,0.9460334218490509
E-APIC,300.0,157.3,164.8005856122916,95.20230348980391,57.76818276227246,82.93126045211774,460.4138446848808,0.0,6,18.73417721518987,20.528185947767742,0.49572704737595175,-0.22714551840624916,92,341657105,2.0,0.005,0.015,1.134551162061431,0.9787891492939824,1.0713836143721283,0.9996197328784384,0.9599642876727058,0.9664444153563909,0.9075854996602601,1.0958367175192627,0.9460334218490509
ME-APIC,300.0,157.3,164.69393350594802,96.21016264113038,58.417551025129704,82.5386775966494,460.60068954469057,0.0,7,22.658227848101262,15.721567263217231,0.48842580052317797,-0.10255259741114212,92,341657105,2.0,0.005,0.015,1.134551162061431,0.9787891492939824,1.0713836143721283,0.9996197328784384,0.9599642876727058,0.9664444153563909,0.9075854996602601,1.0958367175192627,0.9460334218490509
Passive,350.0,188.825,189.75899709609826,165.25898590681942,87.0888803354755,94.2472732765788,983.0165888270757,0.0,0,0.0,0.0,0.0,0.0,92,341657105,2.0,0.005,0.015,1.134551162061431,0.9787891492939824,1.0713836143721283,0.9996197328784384,0.9599642876727058,0.9664444153563909,0.9075854996602601,1.0958367175192627,0.9460334218490509
Continuous,350.0,188.825,188.4279622957592,163.32886126772897,86.67973653048675,94.96727303006442,985.6376797269127,0.0,1,99.99999999999999,133.09962956162087,2.824253934625065,-1.2528035823575134,92,341657105,2.0,0.005,0.015,1.134551162061431,0.9787891492939824,1.0713836143721283,0.9996197328784384,0.9599642876727058,0.9664444153563909,0.9075854996602601,1.0958367175192627,0.9460334218490509
T-APIC,350.0,188.825,190.748061273123,165.33297242445263,86.676095851753,97.82128455019114,963.628868688321,0.0,7,26.923076923076923,20.965214857836166,0.8062861619646554,-0.1835162987934181,92,341657105,2.0,0.005,0.015,1.134551162061431,0.9787891492939824,1.0713836143721283,0.9996197328784384,0.9599642876727058,0.9664444153563909,0.9075854996602601,1.0958367175192627,0.9460334218490509
E-APIC,350.0,188.825,191.4973970506346,167.0563557691639,87.23688067937125,97.82128455019114,971.8295192176367,0.0,7,27.36686390532544,48.37819936732676,1.0766877873061824,-0.3905054460708756,92,341657105,2.0,0.005,0.015,1.134551162061431,0.9787891492939824,1.0713836143721283,0.9996197328784384,0.9599642876727058,0.9664444153563909,0.9075854996602601,1.0958367175192627,0.9460334218490509
ME-APIC,350.0,188.825,189.26494973269854,164.22822021437693,86.77159740687257,97.25866729079604,964.827639114551,0.0,7,22.781065088757394,24.153199167965006,0.8200779578108144,-0.542376790236971,92,341657105,2.0,0.005,0.015,1.134551162061431,0.9787891492939824,1.0713836143721283,0.9996197328784384,0.9599642876727058,0.9664444153563909,0.9075854996602601,1.0958367175192627,0.9460334218490509
Passive,300.0,157.3,169.7807272661217,101.1252484595733,59.562266040399976,83.66436511570893,473.2803798305209,0.0,0,0.0,0.0,0.0,0.0,93,437072365,2.0,0.005,0.015,1.049474265686277,0.9308657160032933,1.0531172711428418,0.9353158552487113,1.0005512028349093,1.010167523807124,1.0248801220258197,0.9105113290705247,1.0466475432443012
Continuous,300.0,157.3,166.8687383645721,95.71423492581208,57.358997175790456,89.36000426639445,472.3264993953385,0.0,1,100.0,80.68459018967245,1.7184703619693769,-0.6988376471069119,93,437072365,2.0,0.005,0.015,1.049474265686277,0.9308657160032933,1.0531172711428418,0.9353158552487113,1.0005512028349093,1.010167523807124,1.0248801220258197,0.9105113290705247,1.0466475432443012
T-APIC,300.0,157.3,169.70523462900562,99.52098591917895,58.64343910000349,88.5107674873487,474.89726144681885,0.0,8,27.594936708860757,24.71653750499117,0.6581993316544483,-0.20610515543316568,93,437072365,2.0,0.005,0.015,1.049474265686277,0.9308657160032933,1.0531172711428418,0.9353158552487113,1.0005512028349093,1.010167523807124,1.0248801220258197,0.9105113290705247,1.0466475432443012
E-APIC,300.0,157.3,170.81144639954522,99.39648353564979,58.190762756701545,88.5107674873487,463.1919511794596,0.0,6,18.73417721518987,17.657543567497065,0.4667812458567851,0.005513055610380091,93,437072365,2.0,0.005,0.015,1.049474265686277,0.9308657160032933,1.0531172711428418,0.9353158552487113,1.0005512028349093,1.010167523807124,1.0248801220258197,0.9105113290705247,1.0466475432443012
ME-APIC,300.0,157.3,169.72270416473634,99.82443389286776,58.816193380925704,87.8730960529957,462.5525360179823,0.0,7,22.78481012658228,16.91803973839771,0.49076527222459615,-0.10854228155224781,93,437072365,2.0,0.005,0.015,1.049474265686277,0.9308657160032933,1.0531172711428418,0.9353158552487113,1.0005512028349093,1.010167523807124,1.0248801220258197,0.9105113290705247,1.0466475432443012
Passive,350.0,188.825,194.8008147190662,168.48948408475954,86.49321324849087,91.38147917367608,1024.53516574137,0.0,0,0.0,0.0,0.0,0.0,93,437072365,2.0,0.005,0.015,1.049474265686277,0.9308657160032933,1.0531172711428418,0.9353158552487113,1.0005512028349093,1.010167523807124,1.0248801220258197,0.9105113290705247,1.0466475432443012
Continuous,350.0,188.825,192.93919538604422,165.48826320534465,85.77223662316301,91.96573224610137,1015.5408354049916,0.0,1,99.99999999999999,140.17746201851244,2.9511067818103975,-1.3481251755850399,93,437072365,2.0,0.005,0.015,1.049474265686277,0.9308657160032933,1.0531172711428418,0.9353158552487113,1.0005512028349093,1.010167523807124,1.0248801220258197,0.9105113290705247,1.0466475432443012
T-APIC,350.0,188.825,195.67969947608432,167.78486934756174,85.7446479102285,98.9226951658387,991.954921164519,0.0,7,26.923076923076923,23.228738869937963,0.8992721384520649,-0.21121147051717787,93,437072365,2.0,0.005,0.015,1.049474265686277,0.9308657160032933,1.0531172711428418,0.9353158552487113,1.0005512028349093,1.010167523807124,1.0248801220258197,0.9105113290705247,1.0466475432443012
E-APIC,350.0,188.825,196.35182648223977,169.36259011617466,86.25465479512292,98.9226951658387,999.2244262314622,0.0,7,27.36686390532544,48.25024213225759,1.1692123939592765,-0.41232852885289883,93,437072365,2.0,0.005,0.015,1.049474265686277,0.9308657160032933,1.0531172711428418,0.9353158552487113,1.0005512028349093,1.010167523807124,1.0248801220258197,0.9105113290705247,1.0466475432443012
ME-APIC,350.0,188.825,194.46359271307944,166.98045048657175,85.86720432186112,97.00591547240435,994.6160613935352,0.0,7,23.076923076923073,30.09687970469003,0.9112906290252378,-0.49942862607083793,93,437072365,2.0,0.005,0.015,1.049474265686277,0.9308657160032933,1.0531172711428418,0.9353158552487113,1.0005512028349093,1.010167523807124,1.0248801220258197,0.9105113290705247,1.0466475432443012
Passive,300.0,157.3,168.2350358093811,102.33759961422516,60.83013512725071,81.52579344800142,472.9011769370099,0.0,0,0.0,0.0,0.0,0.0,94,372758685,2.0,0.005,0.015,0.914459247048874,0.978986588876424,1.0673691022976817,1.0588619563091246,1.0760895671693025,1.0481425587416837,1.033079090091075,0.9981717042980299,1.0942737899783115
Continuous,300.0,157.3,165.93434650732684,97.30615880534219,58.6413607872591,86.39044498116453,473.07645475191714,0.0,1,100.0,75.5678569292079,1.652861351182077,-0.572972593975138,94,372758685,2.0,0.005,0.015,0.914459247048874,0.978986588876424,1.0673691022976817,1.0588619563091246,1.0760895671693025,1.0481425587416837,1.033079090091075,0.9981717042980299,1.0942737899783115
T-APIC,300.0,157.3,168.34522687685455,100.90851476742927,59.941417193398884,85.90467863490912,474.3479938110634,0.0,8,27.594936708860757,22.833393038340596,0.627325485582435,-0.19598042914853758,94,372758685,2.0,0.005,0.015,0.914459247048874,0.978986588876424,1.0673691022976817,1.0588619563091246,1.0760895671693025,1.0481425587416837,1.033079090091075,0.9981717042980299,1.0942737899783115
E-APIC,300.0,157.3,168.48568584411774,99.56125415853688,59.09181759846979,85.90467863490912,467.50669280586413,0.0,6,18.73417721518987,24.9207663506282,0.5392784348277058,-0.18459853539957316,94,372758685,2.0,0.005,0.015,0.914459247048874,0.978986588876424,1.0673691022976817,1.0588619563091246,1.0760895671693025,1.0481425587416837,1.033079090091075,0.9981717042980299,1.0942737899783115
ME-APIC,300.0,157.3,168.22009508754525,101.05822022702347,60.0749988724181,85.44488276451405,464.08891855027036,0.0,7,22.78481012658228,16.025941733075594,0.49403208708072294,-0.0897051261112224,94,372758685,2.0,0.005,0.015,0.914459247048874,0.978986588876424,1.0673691022976817,1.0588619563091246,1.0760895671693025,1.0481425587416837,1.033079090091075,0.9981717042980299,1.0942737899783115
Passive,350.0,188.825,192.6146989252112,169.63742574025264,88.07086203017133,91.26416488644816,1029.4863685739067,0.0,0,0.0,0.0,0.0,0.0,94,372758685,2.0,0.005,0.015,0.914459247048874,0.978986588876424,1.0673691022976817,1.0588619563091246,1.0760895671693025,1.0481425587416837,1.033079090091075,0.9981717042980299,1.0942737899783115
Continuous,350.0,188.825,191.42852483469522,167.4405730910737,87.46897738237502,92.67344682591715,1016.9070545500138,0.0,1,99.99999999999999,133.18538264228627,2.867724384789957,-1.2252664499571186,94,372758685,2.0,0.005,0.015,0.914459247048874,0.978986588876424,1.0673691022976817,1.0588619563091246,1.0760895671693025,1.0481425587416837,1.033079090091075,0.9981717042980299,1.0942737899783115
T-APIC,350.0,188.825,193.7278809549659,169.37411349466382,87.42887841427256,98.72206805860111,997.878797421335,0.0,7,26.923076923076923,22.036879135402103,0.8678383433780433,-0.16282335202781312,94,372758685,2.0,0.005,0.015,0.914459247048874,0.978986588876424,1.0673691022976817,1.0588619563091246,1.0760895671693025,1.0481425587416837,1.033079090091075,0.9981717042980299,1.0942737899783115
E-APIC,350.0,188.825,194.5340648190516,172.45533040771542,88.65045336307911,98.72206805860111,1015.1162348282253,0.0,6,21.89349112426035,36.55842105490985,0.890692830004642,-0.17739647189474067,94,372758685,2.0,0.005,0.015,0.914459247048874,0.978986588876424,1.0673691022976817,1.0588619563091246,1.0760895671693025,1.0481425587416837,1.033079090091075,0.9981717042980299,1.0942737899783115
ME-APIC,350.0,188.825,192.4655412969525,168.5344876080333,87.56605804464692,96.87801817604529,1002.1628237649954,0.0,7,23.076923076923073,26.71537868129319,0.8435778650320761,-0.467809883322197,94,372758685,2.0,0.005,0.015,0.914459247048874,0.978986588876424,1.0673691022976817,1.0588619563091246,1.0760895671693025,1.0481425587416837,1.033079090091075,0.9981717042980299,1.0942737899783115
Passive,300.0,157.3,165.673112576522,98.22066690710564,59.28582217089629,79.44213372348489,458.00158981482457,0.0,0,0.0,0.0,0.0,0.0,95,525971702,2.0,0.005,0.015,1.1531563779020988,0.9203861616442046,1.087571232982324,1.046665189180626,1.006920763291604,0.9509634896375032,1.0573800436636553,1.0612851239642074,1.0003217436543923
Continuous,300.0,157.3,163.00455468730402,93.16235505578268,57.153222027751625,83.35092900817698,449.19493746969044,0.0,1,100.0,79.47134626648898,1.7166965213519352,-0.6082356684113177,95,525971702,2.0,0.005,0.015,1.1531563779020988,0.9203861616442046,1.087571232982324,1.046665189180626,1.006920763291604,0.9509634896375032,1.0573800436636553,1.0612851239642074,1.0003217436543923
T-APIC,300.0,157.3,165.61212136827734,96.77154808698705,58.43264809813821,82.97614793329653,454.14167367514636,0.0,8,27.594936708860757,22.895574562583857,0.6112920911514215,-0.23493054366470106,95,525971702,2.0,0.005,0.015,1.1531563779020988,0.9203861616442046,1.087571232982324,1.046665189180626,1.006920763291604,0.9509634896375032,1.0573800436636553,1.0612851239642074,1.0003217436543923
E-APIC,300.0,157.3,166.37168408961446,96.97715267293093,58.289457850709226,82.97614793329653,458.22365944332256,0.0,6,18.73417721518987,18.64879053398533,0.3701607755370466,-0.08043110375487561,95,525971702,2.0,0.005,0.015,1.1531563779020988,0.9203861616442046,1.087571232982324,1.046665189180626,1.006920763291604,0.9509634896375032,1.0573800436636553,1.0612851239642074,1.0003217436543923
ME-APIC,300.0,157.3,165.54125057512772,96.9830816076889,58.58544699327072,82.5957838405899,453.9145068210284,0.0,7,22.78481012658228,16.549034005584524,0.5052715364009904,-0.10447938360271052,95,525971702,2.0,0.005,0.015,1.1531563779020988,0.9203861616442046,1.087571232982324,1.046665189180626,1.006920763291604,0.9509634896375032,1.0573800436636553,1.0612851239642074,1.0003217436543923
Passive,350.0,188.825,189.5548455400576,161.79580821626308,85.35566988820217,93.84170131919434,960.7037048493138,0.0,0,0.0,0.0,0.0,0.0,95,525971702,2.0,0.005,0.015,1.1531563779020988,0.9203861616442046,1.087571232982324,1.046665189180626,1.006920763291604,0.9509634896375032,1.0573800436636553,1.0612851239642074,1.0003217436543923
Continuous,350.0,188.825,187.95551057541547,159.58382824074337,84.90510746515824,96.32286890722492,970.0998998446744,0.0,1,99.99999999999999,135.7118287801394,2.8745031304353543,-1.3052634687229794,95,525971702,2.0,0.005,0.015,1.1531563779020988,0.9203861616442046,1.087571232982324,1.046665189180626,1.006920763291604,0.9509634896375032,1.0573800436636553,1.0612851239642074,1.0003217436543923
T-APIC,350.0,188.825,190.4088843582523,161.71788342995637,84.9319000922698,96.74015521976314,945.439079585219,0.0,7,26.923076923076923,21.838383296372204,0.8181396706377789,-0.21858309071189383,95,525971702,2.0,0.005,0.015,1.1531563779020988,0.9203861616442046,1.087571232982324,1.046665189180626,1.006920763291604,0.9509634896375032,1.0573800436636553,1.0612851239642074,1.0003217436543923
E-APIC,350.0,188.825,191.02092382688633,164.91736231055262,86.33471088225383,96.74015521976314,957.0578260881483,0.0,6,21.89349112426035,39.37047355161716,0.9733818063127296,-0.27672712911676756,95,525971702,2.0,0.005,0.015,1.1531563779020988,0.9203861616442046,1.087571232982324,1.046665189180626,1.006920763291604,0.9509634896375032,1.0573800436636553,1.0612851239642074,1.0003217436543923
ME-APIC,350.0,188.825,189.05190353444752,160.65076472049458,84.97706805222518,96.3497480958268,943.8768913452105,0.0,7,22.928994082840234,25.390885730298944,0.8325127600183312,-0.5437152310546215,95,525971702,2.0,0.005,0.015,1.1531563779020988,0.9203861616442046,1.087571232982324,1.046665189180626,1.006920763291604,0.9509634896375032,1.0573800436636553,1.0612851239642074,1.0003217436543923
Passive,300.0,157.3,169.66980042598956,101.91220534356252,60.0650234088163,83.43830470978206,463.2955920251184,0.0,0,0.0,0.0,0.0,0.0,96,1864859350,2.0,0.005,0.015,1.0852537625318737,1.0588087878655306,0.9957173335524842,0.9618106693816997,1.0382413619098436,0.9575613380925675,0.9996920949237853,0.9231881381401912,0.9143202300753049
Continuous,300.0,157.3,166.4525770969398,96.54968673055613,58.00432075877495,88.5272919725598,458.07810529479787,0.0,1,100.0,83.71072264452361,1.8183416450267886,-0.6818226701674177,96,1864859350,2.0,0.005,0.015,1.0852537625318737,1.0588087878655306,0.9957173335524842,0.9618106693816997,1.0382413619098436,0.9575613380925675,0.9996920949237853,0.9231881381401912,0.9143202300753049
T-APIC,300.0,157.3,169.49319517626495,100.44833405056455,59.26393324882631,87.78815995096356,463.9379879544519,0.0,8,27.594936708860757,24.21564874847042,0.6538431346453476,-0.2334829472677415,96,1864859350,2.0,0.005,0.015,1.0852537625318737,1.0588087878655306,0.9957173335524842,0.9618106693816997,1.0382413619098436,0.9575613380925675,0.9996920949237853,0.9231881381401912,0.9143202300753049
E-APIC,300.0,157.3,169.42180857031704,99.30852038324205,58.61613756886848,87.78815995096356,461.5315497305504,0.0,6,18.73417721518987,19.29993551410916,0.5251428928911227,-0.2705675619313167,96,1864859350,2.0,0.005,0.015,1.0852537625318737,1.0588087878655306,0.9957173335524842,0.9618106693816997,1.0382413619098436,0.9575613380925675,0.9996920949237853,0.9231881381401912,0.9143202300753049
ME-APIC,300.0,157.3,169.51841826904834,100.70339947668268,59.40557993931547,87.21646392020368,462.0042640258614,0.0,7,22.78481012658228,17.02336172750561,0.5350957089331311,-0.08614907279264104,96,1864859350,2.0,0.005,0.015,1.0852537625318737,1.0588087878655306,0.9957173335524842,0.9618106693816997,1.0382413619098436,0.9575613380925675,0.9996920949237853,0.9231881381401912,0.9143202300753049
Passive,350.0,188.825,196.14545338631447,177.24742220151208,90.36529735533449,94.97658549863219,1079.09888710433,0.0,0,0.0,0.0,0.0,0.0,96,1864859350,2.0,0.005,0.015,1.0852537625318737,1.0588087878655306,0.9957173335524842,0.9618106693816997,1.0382413619098436,0.9575613380925675,0.9996920949237853,0.9231881381401912,0.9143202300753049
Continuous,350.0,188.825,194.0633142510391,174.23550050259144,89.78281195239275,100.39484645257761,1042.6493957303724,0.0,1,99.99999999999999,141.40311097381232,2.9526736381447374,-1.4328819960744015,96,1864859350,2.0,0.005,0.015,1.0852537625318737,1.0588087878655306,0.9957173335524842,0.9618106693816997,1.0382413619098436,0.9575613380925675,0.9996920949237853,0.9231881381401912,0.9143202300753049
T-APIC,350.0,188.825,196.962035823689,176.63505143486722,89.67974498038926,100.40850947209933,1052.512268928921,0.0,7,26.923076923076923,22.962523269594033,0.8904871706448552,-0.22883842610403107,96,1864859350,2.0,0.005,0.015,1.0852537625318737,1.0588087878655306,0.9957173335524842,0.9618106693816997,1.0382413619098436,0.9575613380925675,0.9996920949237853,0.9231881381401912,0.9143202300753049
E-APIC,350.0,188.825,198.27431692521097,180.15199438862092,90.85997479773147,100.40850947209933,1071.8869627084887,0.0,6,21.89349112426035,35.613735540446484,0.831827855444484,-0.11048651855388009,96,1864859350,2.0,0.005,0.015,1.0852537625318737,1.0588087878655306,0.9957173335524842,0.9618106693816997,1.0382413619098436,0.9575613380925675,0.9996920949237853,0.9231881381401912,0.9143202300753049
ME-APIC,350.0,188.825,195.6617726760215,175.73298367818413,89.81467420780469,100.13031333366109,1056.8655656110034,0.0,7,23.076923076923073,28.068312428396677,0.8997000845617222,-0.5287852659755684,96,1864859350,2.0,0.005,0.015,1.0852537625318737,1.0588087878655306,0.9957173335524842,0.9618106693816997,1.0382413619098436,0.9575613380925675,0.9996920949237853,0.9231881381401912,0.9143202300753049
Passive,300.0,157.3,168.8759718507257,100.74166344992294,59.654231650534264,85.26204536483164,461.4331688843652,0.0,0,0.0,0.0,0.0,0.0,97,1368009576,2.0,0.005,0.015,0.8124885539241317,1.0214194483426453,0.9917709049583552,1.0588755736995998,1.0066694491975703,0.987856418097438,0.9622828603306464,0.9339508743978807,1.009647700032576
Continuous,300.0,157.3,166.06441404593758,95.53907697761333,57.5313365759294,88.28736404282468,463.25770768420654,0.0,1,100.0,82.01103911318523,1.7876853760780385,-0.6471601029361826,97,1368009576,2.0,0.005,0.015,0.8124885539241317,1.0214194483426453,0.9917709049583552,1.0588755736995998,1.0066694491975703,0.987856418097438,0.9622828603306464,0.9339508743978807,1.009647700032576
T-APIC,300.0,157.3,168.82844460083786,99.27183471182617,58.80042012264888,88.0847930983142,465.64848169886085,0.0,8,27.594936708860757,23.71452979979305,0.6427472619807582,-0.2315549521153439,97,1368009576,2.0,0.005,0.015,0.8124885539241317,1.0214194483426453,0.9917709049583552,1.0588755736995998,1.0066694491975703,0.987856418097438,0.9622828603306464,0.9339508743978807,1.009647700032576
E-APIC,300.0,157.3,169.8338737783919,99.36123855588446,58.50495919650056,88.0847930983142,469.09385648427246,0.0,6,18.73417721518987,17.82866989823284,0.4306632348539186,-0.036127618614384606,97,1368009576,2.0,0.005,0.015,0.8124885539241317,1.0214194483426453,0.9917709049583552,1.0588755736995998,1.0066694491975703,0.987856418097438,0.9622828603306464,0.9339508743978807,1.009647700032576
ME-APIC,300.0,157.3,168.77346673135844,99.4036873886246,58.897698384573864,87.8475077974118,463.68549873719076,0.0,7,22.78481012658228,17.68664885567869,0.5475628796373527,-0.1037213959576753,97,1368009576,2.0,0.005,0.015,0.8124885539241317,1.0214194483426453,0.9917709049583552,1.0588755736995998,1.0066694491975703,0.987856418097438,0.9622828603306464,0.9339508743978807,1.009647700032576
Passive,350.0,188.825,194.84538536064815,172.581640749417,88.57363515691061,96.6161772654341,1039.9581102862842,0.0,0,0.0,0.0,0.0,0.0,97,1368009576,2.0,0.005,0.015,0.8124885539241317,1.0214194483426453,0.9917709049583552,1.0588755736995998,1.0066694491975703,0.987856418097438,0.9622828603306464,0.9339508743978807,1.009647700032576
Continuous,350.0,188.825,193.13272700258707,169.71678822554003,87.87572715382755,99.17224314036288,1022.9605550546182,0.0,1,99.99999999999999,138.94990288062482,2.9609659095778533,-1.3665283449051886,97,1368009576,2.0,0.005,0.015,0.8124885539241317,1.0214194483426453,0.9917709049583552,1.0588755736995998,1.0066694491975703,0.987856418097438,0.9622828603306464,0.9339508743978807,1.009647700032576
T-APIC,350.0,188.825,195.80463806785374,172.24644712612215,87.96852251601528,104.18367754146807,1013.9106851050104,0.0,7,26.923076923076923,23.141503018224576,0.8770800288019074,-0.22009776492787778,97,1368009576,2.0,0.005,0.015,0.8124885539241317,1.0214194483426453,0.9917709049583552,1.0588755736995998,1.0066694491975703,0.987856418097438,0.9622828603306464,0.9339508743978807,1.009647700032576
E-APIC,350.0,188.825,196.89074635727917,173.98037585671239,88.36391708374477,104.1836775363356,1021.0552758806987,0.0,6,21.89349112426035,46.25976143720994,1.104685094969054,-0.32887873175129906,97,1368009576,2.0,0.005,0.015,0.8124885539241317,1.0214194483426453,0.9917709049583552,1.0588755736995998,1.0066694491975703,0.987856418097438,0.9622828603306464,0.9339508743978807,1.009647700032576
ME-APIC,350.0,188.825,194.46206200794128,171.07614469698373,87.97404641836897,102.23722643065607,1014.9731772427978,0.0,7,23.076923076923073,28.76979282146664,0.9017486441708088,-0.5302077197826911,97,1368009576,2.0,0.005,0.015,0.8124885539241317,1.0214194483426453,0.9917709049583552,1.0588755736995998,1.0066694491975703,0.987856418097438,0.9622828603306464,0.9339508743978807,1.009647700032576
Passive,300.0,157.3,167.1594546478572,99.64417719183113,59.610255011745735,80.02691051534889,458.3688115424348,0.0,0,0.0,0.0,0.0,0.0,98,1934263665,2.0,0.005,0.015,1.0662054311993945,0.9504687525889688,1.0463721538253377,1.0796262511963735,1.0279113705871255,0.9837050553959936,0.9875725615638278,1.01246281230425,1.019654607242817
Continuous,300.0,157.3,164.5339729225669,94.44099694384758,57.39908619862566,84.29361063999993,454.73035379582404,0.0,1,100.0,78.82318954573796,1.709593614084801,-0.5925289588542917,98,1934263665,2.0,0.005,0.015,1.0662054311993945,0.9504687525889688,1.0463721538253377,1.0796262511963735,1.0279113705871255,0.9837050553959936,0.9875725615638278,1.01246281230425,1.019654607242817
T-APIC,300.0,157.3,167.16921474078148,98.18963153850623,58.73667091800519,83.87486912957944,460.5213208400608,0.0,8,27.594936708860757,22.25153191770015,0.6102677750852615,-0.21752068740306765,98,1934263665,2.0,0.005,0.015,1.0662054311993945,0.9504687525889688,1.0463721538253377,1.0796262511963735,1.0279113705871255,0.9837050553959936,0.9875725615638278,1.01246281230425,1.019654607242817
E-APIC,300.0,157.3,168.04162182335335,98.44510639207871,58.58376354851238,83.87486912957944,463.8409770577792,0.0,6,18.73417721518987,18.498526439363047,0.37512833743700275,-0.04145618238897854,98,1934263665,2.0,0.005,0.015,1.0662054311993945,0.9504687525889688,1.0463721538253377,1.0796262511963735,1.0279113705871255,0.9837050553959936,0.9875725615638278,1.01246281230425,1.019654607242817
ME-APIC,300.0,157.3,167.0514356767005,98.36140856854179,58.88091184017328,83.45817517553115,458.1686696549749,0.0,7,22.78481012658228,16.229348092040688,0.506445347381035,-0.099826664399483,98,1934263665,2.0,0.005,0.015,1.0662054311993945,0.9504687525889688,1.0463721538253377,1.0796262511963735,1.0279113705871255,0.9837050553959936,0.9875725615638278,1.01246281230425,1.019654607242817
Passive,350.0,188.825,191.6643483247634,166.54857708738547,86.89596085192598,95.255901908737,1002.0606814013539,0.0,0,0.0,0.0,0.0,0.0,98,1934263665,2.0,0.005,0.015,1.0662054311993945,0.9504687525889688,1.0463721538253377,1.0796262511963735,1.0279113705871255,0.9837050553959936,0.9875725615638278,1.01246281230425,1.019654607242817
Continuous,350.0,188.825,190.13614129594637,164.08617234023336,86.2993070238202,98.36223737901503,997.4555427585517,0.0,1,99.99999999999999,135.81511816047714,2.8962921493779525,-1.2952454034412184,98,1934263665,2.0,0.005,0.015,1.0662054311993945,0.9504687525889688,1.0463721538253377,1.0796262511963735,1.0279113705871255,0.9837050553959936,0.9875725615638278,1.01246281230425,1.019654607242817
T-APIC,350.0,188.825,192.60765479760542,166.26611824345196,86.32373330030238,98.250234523814,975.0539408608337,0.0,7,26.923076923076923,22.329616093846433,0.8548058782369732,-0.20293390641536516,98,1934263665,2.0,0.005,0.015,1.0662054311993945,0.9504687525889688,1.0463721538253377,1.0796262511963735,1.0279113705871255,0.9837050553959936,0.9875725615638278,1.01246281230425,1.019654607242817
E-APIC,350.0,188.825,192.68537672548692,167.5607278349815,86.96079104835248,98.250234523814,982.2132152166322,0.0,7,27.36686390532544,50.82756214334466,1.2405290067384098,-0.5430533193668585,98,1934263665,2.0,0.005,0.015,1.0662054311993945,0.9504687525889688,1.0463721538253377,1.0796262511963735,1.0279113705871255,0.9837050553959936,0.9875725615638278,1.01246281230425,1.019654607242817
ME-APIC,350.0,188.825,191.4121106149391,165.37936507078842,86.39963508028998,97.86092234440947,978.0626727937757,0.0,7,23.076923076923073,26.88420770872289,0.8500006555857011,-0.49126729302793987,98,1934263665,2.0,0.005,0.015,1.0662054311993945,0.9504687525889688,1.0463721538253377,1.0796262511963735,1.0279113705871255,0.9837050553959936,0.9875725615638278,1.01246281230425,1.019654607242817
Passive,300.0,157.3,166.4572032965243,101.12652199826445,60.75226544454145,80.88599456051016,466.60136141506644,0.0,0,0.0,0.0,0.0,0.0,99,506877187,2.0,0.005,0.015,1.0998810268249044,1.0360911480192818,1.0595485116965133,1.0687282668410754,1.0541307226825314,1.0834479123766696,1.0776072152039329,1.0638344660613759,0.9677627627162971
Continuous,300.0,157.3,164.5592979338177,96.50319203600708,58.64341501676717,88.21840250539073,467.2839169780225,0.0,1,100.0,73.1480518382351,1.6258944852649668,-0.49446118863251554,99,506877187,2.0,0.005,0.015,1.0998810268249044,1.0360911480192818,1.0595485116965133,1.0687282668410754,1.0541307226825314,1.0834479123766696,1.0776072152039329,1.0638344660613759,0.9677627627162971
T-APIC,300.0,157.3,166.68356948638103,99.87109840134403,59.91658248565648,86.82977961218293,467.34397763434634,0.0,8,27.594936708860757,21.239314779556537,0.5992170929130836,-0.17341154018658503,99,506877187,2.0,0.005,0.015,1.0998810268249044,1.0360911480192818,1.0595485116965133,1.0687282668410754,1.0541307226825314,1.0834479123766696,1.0776072152039329,1.0638344660613759,0.9677627627162971
E-APIC,300.0,157.3,166.70837640739975,98.4228488655613,59.03893432747304,86.8297794532005,459.3156645723637,0.0,6,18.73417721518987,22.04313851818158,0.5194901844010288,-0.19122480056673144,99,506877187,2.0,0.005,0.015,1.0998810268249044,1.0360911480192818,1.0595485116965133,1.0687282668410754,1.0541307226825314,1.0834479123766696,1.0776072152039329,1.0638344660613759,0.9677627627162971
ME-APIC,300.0,157.3,166.55146091830235,100.05186090541586,60.072640824503964,85.80622963666397,459.3190516808362,0.0,7,22.78481012658228,14.520340990805947,0.4805609579416089,-0.06297101672342048,99,506877187,2.0,0.005,0.015,1.0998810268249044,1.0360911480192818,1.0595485116965133,1.0687282668410754,1.0541307226825314,1.0834479123766696,1.0776072152039329,1.0638344660613759,0.9677627627162971
Passive,350.0,188.825,191.33479687179587,171.54116781307957,89.65497683519686,93.38177782154993,1041.3496728038986,0.0,0,0.0,0.0,0.0,0.0,99,506877187,2.0,0.005,0.015,1.0998810268249044,1.0360911480192818,1.0595485116965133,1.0687282668410754,1.0541307226825314,1.0834479123766696,1.0776072152039329,1.0638344660613759,0.9677627627162971
Continuous,350.0,188.825,190.65042672504208,169.93818460252172,89.13601061465666,97.33165559046303,1016.9140486080569,0.0,1,99.99999999999999,129.02246609020182,2.799448344741706,-1.131835990347935,99,506877187,2.0,0.005,0.015,1.0998810268249044,1.0360911480192818,1.0595485116965133,1.0687282668410754,1.0541307226825314,1.0834479123766696,1.0776072152039329,1.0638344660613759,0.9677627627162971
T-APIC,350.0,188.825,192.57606582018008,171.4806344542877,89.04566293010136,99.64893454991392,1018.4461950697772,0.0,7,26.923076923076923,21.806085199929438,0.8559384986274684,-0.13527314251480388,99,506877187,2.0,0.005,0.015,1.0998810268249044,1.0360911480192818,1.0595485116965133,1.0687282668410754,1.0541307226825314,1.0834479123766696,1.0776072152039329,1.0638344660613759,0.9677627627162971
E-APIC,350.0,188.825,193.08656589986361,174.50512603259193,90.37662730150363,99.64893454991392,1033.197540968767,0.0,6,21.89349112426035,38.27378664388742,0.9358116400194776,-0.22241189168410105,99,506877187,2.0,0.005,0.015,1.0998810268249044,1.0360911480192818,1.0595485116965133,1.0687282668410754,1.0541307226825314,1.0834479123766696,1.0776072152039329,1.0638344660613759,0.9677627627162971
ME-APIC,350.0,188.825,191.27293977875192,170.64802376549076,89.21702357002602,98.32507177285754,1021.4133039965322,0.0,7,22.928994082840234,24.145170740807114,0.799806692960709,-0.44354243930658094,99,506877187,2.0,0.005,0.015,1.0998810268249044,1.0360911480192818,1.0595485116965133,1.0687282668410754,1.0541307226825314,1.0834479123766696,1.0776072152039329,1.0638344660613759,0.9677627627162971
Passive,300.0,157.3,166.1631050589132,98.15010147339501,59.068528743848304,84.19269089472961,470.11168219021636,0.0,0,0.0,0.0,0.0,0.0,100,339679155,2.0,0.005,0.015,0.8004919731669521,1.0883447310155736,0.9861742801413699,0.9004849987838178,0.9312176935183742,0.952461057490106,0.9946442833530453,1.0491991023398688,0.9358713266585124
Continuous,300.0,157.3,163.43858806271513,93.41465729389746,57.15581516040271,89.76125037705766,469.70575418213997,0.0,1,100.0,78.80534666092588,1.7239656666687067,-0.5971562541545979,100,339679155,2.0,0.005,0.015,0.8004919731669521,1.0883447310155736,0.9861742801413699,0.9004849987838178,0.9312176935183742,0.952461057490106,0.9946442833530453,1.0491991023398688,0.9358713266585124
T-APIC,300.0,157.3,166.10198415755693,96.8492197461476,58.30708178312954,89.34392152634928,475.07594711309673,0.0,8,27.594936708860757,23.010418573668574,0.6242712964487712,-0.21924592408783358,100,339679155,2.0,0.005,0.015,0.8004919731669521,1.0883447310155736,0.9861742801413699,0.9004849987838178,0.9312176935183742,0.952461057490106,0.9946442833530453,1.0491991023398688,0.9358713266585124
E-APIC,300.0,157.3,166.9301719795961,97.12954220317465,58.185731825069226,89.34392152634928,478.74049376352497,0.0,6,18.73417721518987,18.393344065724886,0.371660318246015,-0.05625216991120208,100,339679155,2.0,0.005,0.015,0.8004919731669521,1.0883447310155736,0.9861742801413699,0.9004849987838178,0.9312176935183742,0.952461057490106,0.9946442833530453,1.0491991023398688,0.9358713266585124
ME-APIC,300.0,157.3,166.03182772718867,96.99155084014689,58.4174445152265,88.67246594388467,473.32557501013235,0.0,7,22.658227848101262,16.168226454798468,0.5069394384207151,-0.09843856247916347,100,339679155,2.0,0.005,0.015,0.8004919731669521,1.0883447310155736,0.9861742801413699,0.9004849987838178,0.9312176935183742,0.952461057490106,0.9946442833530453,1.0491991023398688,0.9358713266585124
Passive,350.0,188.825,193.30649261141156,174.53624090898708,90.28990105357879,96.61036408323388,1048.4931030556922,0.0,0,0.0,0.0,0.0,0.0,100,339679155,2.0,0.005,0.015,0.8004919731669521,1.0883447310155736,0.9861742801413699,0.9004849987838178,0.9312176935183742,0.952461057490106,0.9946442833530453,1.0491991023398688,0.9358713266585124
Continuous,350.0,188.825,191.6816175582523,172.17374338555953,89.82277256359009,98.5168054635502,1032.5362471077208,0.0,1,99.99999999999999,135.03073208018625,2.8439152919559687,-1.309499837022526,100,339679155,2.0,0.005,0.015,0.8004919731669521,1.0883447310155736,0.9861742801413699,0.9004849987838178,0.9312176935183742,0.952461057490106,0.9946442833530453,1.0491991023398688,0.9358713266585124
T-APIC,350.0,188.825,194.2558936454672,174.38487407334924,89.77069925693776,103.14308378452935,1026.7097948792,0.0,7,26.923076923076923,21.729223686718942,0.8362340639638635,-0.19611254300867054,100,339679155,2.0,0.005,0.015,0.8004919731669521,1.0883447310155736,0.9861742801413699,0.9004849987838178,0.9312176935183742,0.952461057490106,0.9946442833530453,1.0491991023398688,0.9358713266585124
E-APIC,350.0,188.825,195.52338317041975,176.8678047016356,90.45864583238938,103.14308378452935,1039.852818715168,0.0,7,27.36686390532544,58.024299349090995,1.129510135485085,-0.2552987741394166,100,339679155,2.0,0.005,0.015,0.8004919731669521,1.0883447310155736,0.9861742801413699,0.9004849987838178,0.9312176935183742,0.952461057490106,0.9946442833530453,1.0491991023398688,0.9358713266585124
ME-APIC,350.0,188.825,192.79888564840363,173.35348700045643,89.91415402503485,101.58914230418311,1029.138032759464,0.0,7,22.781065088757394,25.176414979060542,0.8453945937381346,-0.5414411953896169,100,339679155,2.0,0.005,0.015,0.8004919731669521,1.0883447310155736,0.9861742801413699,0.9004849987838178,0.9312176935183742,0.952461057490106,0.9946442833530453,1.0491991023398688,0.9358713266585124
Passive,300.0,157.3,164.72704554130547,96.40416674328452,58.5235814959791,81.37487078326642,458.76637551500806,0.0,0,0.0,0.0,0.0,0.0,101,1131989495,2.0,0.005,0.015,0.8063548651193465,0.9311067478716534,1.0482146105759904,1.0912714744717218,0.9429769616429831,0.9453367781287203,0.928584382278137,1.0749675976502233,1.0034726544350934
Continuous,300.0,157.3,162.15908688837794,91.35274533286402,56.33526130777154,85.09795091591323,452.3552925902608,0.0,1,100.0,80.5194402900461,1.7221981254546324,-0.583821079343228,101,1131989495,2.0,0.005,0.015,0.8063548651193465,0.9311067478716534,1.0482146105759904,1.0912714744717218,0.9429769616429831,0.9453367781287203,0.928584382278137,1.0749675976502233,1.0034726544350934
T-APIC,300.0,157.3,164.66611843545718,94.95941557275133,57.66785327485071,84.73279899687034,457.5542333715172,0.0,8,27.594936708860757,21.871660078968258,0.590253138866445,-0.23339605068314875,101,1131989495,2.0,0.005,0.015,0.8063548651193465,0.9311067478716534,1.0482146105759904,1.0912714744717218,0.9429769616429831,0.9453367781287203,0.928584382278137,1.0749675976502233,1.0034726544350934
E-APIC,300.0,157.3,165.59370225892292,95.29623734142586,57.548225591587,84.73279899687034,460.98915354450844,0.0,6,18.73417721518987,18.22776847386284,0.3685753216986739,-0.04920267613803962,101,1131989495,2.0,0.005,0.015,0.8063548651193465,0.9311067478716534,1.0482146105759904,1.0912714744717218,0.9429769616429831,0.9453367781287203,0.928584382278137,1.0749675976502233,1.0034726544350934
ME-APIC,300.0,157.3,164.59235595742751,95.18420626900433,57.830271469972836,84.36992099941328,455.74634701188455,0.0,7,22.658227848101262,15.885327236519874,0.49827825714009416,-0.10623041379420932,101,1131989495,2.0,0.005,0.015,0.8063548651193465,0.9311067478716534,1.0482146105759904,1.0912714744717218,0.9429769616429831,0.9453367781287203,0.928584382278137,1.0749675976502233,1.0034726544350934
Passive,350.0,188.825,189.31827004312038,162.05647202284646,85.60001736014988,97.87511836275279,959.6414927219715,0.0,0,0.0,0.0,0.0,0.0,101,1131989495,2.0,0.005,0.015,0.8063548651193465,0.9311067478716534,1.0482146105759904,1.0912714744717218,0.9429769616429831,0.9453367781287203,0.928584382278137,1.0749675976502233,1.0034726544350934
Continuous,350.0,188.825,187.83372460509372,159.8684142165419,85.11166700902793,97.8437611568986,961.4604650365212,0.0,1,99.99999999999999,135.51334578096095,2.8644356463307776,-1.286257293862096,101,1131989495,2.0,0.005,0.015,0.8063548651193465,0.9311067478716534,1.0482146105759904,1.0912714744717218,0.9429769616429831,0.9453367781287203,0.928584382278137,1.0749675976502233,1.0034726544350934
T-APIC,350.0,188.825,190.18618130464966,162.01803323300533,85.18917206370362,100.60517104213635,938.5221057612825,0.0,7,26.923076923076923,21.74266105711351,0.8194900725813433,-0.2163650025187825,101,1131989495,2.0,0.005,0.015,0.8063548651193465,0.9311067478716534,1.0482146105759904,1.0912714744717218,0.9429769616429831,0.9453367781287203,0.928584382278137,1.0749675976502233,1.0034726544350934
E-APIC,350.0,188.825,191.0863367749248,163.93075628826023,85.78884239188154,100.60517104213635,947.7054779173096,0.0,7,27.36686390532544,47.872974750100816,1.0802026124348696,-0.38463775112408105,101,1131989495,2.0,0.005,0.015,0.8063548651193465,0.9311067478716534,1.0482146105759904,1.0912714744717218,0.9429769616429831,0.9453367781287203,0.928584382278137,1.0749675976502233,1.0034726544350934
ME-APIC,350.0,188.825,188.8051210519369,160.93353103480808,85.23790569776872,100.2369275232085,940.1952494629094,0.0,7,22.928994082840234,24.7735607336147,0.8079501681486247,-0.5431753444496066,101,1131989495,2.0,0.005,0.015,0.8063548651193465,0.9311067478716534,1.0482146105759904,1.0912714744717218,0.9429769616429831,0.9453367781287203,0.928584382278137,1.0749675976502233,1.0034726544350934
Passive,300.0,157.3,166.68318275403064,100.21332709797474,60.12203837375516,82.9260470092661,467.83230051325376,0.0,0,0.0,0.0,0.0,0.0,102,684436712,2.0,0.005,0.015,0.8315217647354853,1.0657236109623027,1.0046673089661071,1.0976505111248254,0.9930888420631911,1.068124915535003,1.0823055051665587,1.0336185907762294,1.0750662993692377
Continuous,300.0,157.3,164.7680346785156,95.65585303764988,58.05486071633202,85.95993185277466,470.39920058548694,0.0,1,100.0,75.00356266636555,1.6717776797146964,-0.5212479040819339,102,684436712,2.0,0.005,0.015,0.8315217647354853,1.0657236109623027,1.0046673089661071,1.0976505111248254,0.9930888420631911,1.068124915535003,1.0823055051665587,1.0336185907762294,1.0750662993692377
T-APIC,300.0,157.3,166.96437901898813,98.97281826320335,59.2778045501236,85.764802843075,475.65197474357427,0.0,8,27.594936708860757,22.116232510279403,0.6126339179172117,-0.18029765353301253,102,684436712,2.0,0.005,0.015,0.8315217647354853,1.0657236109623027,1.0046673089661071,1.0976505111248254,0.9930888420631911,1.068124915535003,1.0823055051665587,1.0336185907762294,1.0750662993692377
E-APIC,300.0,157.3,167.88607790960626,98.94412527312777,58.93527712667252,85.764802843075,478.6591584791387,0.0,6,18.73417721518987,16.554436535324566,0.45528140581137344,0.007726995346326176,102,684436712,2.0,0.005,0.015,0.8315217647354853,1.0657236109623027,1.0046673089661071,1.0976505111248254,0.9930888420631911,1.068124915535003,1.0823055051665587,1.0336185907762294,1.0750662993692377
ME-APIC,300.0,157.3,166.7435768850183,98.99733829172197,59.37100555302814,85.53107790049205,473.5569657111354,0.0,7,22.78481012658228,15.956201144890644,0.5123782231348577,-0.09422050202091192,102,684436712,2.0,0.005,0.015,0.8315217647354853,1.0657236109623027,1.0046673089661071,1.0976505111248254,0.9930888420631911,1.068124915535003,1.0823055051665587,1.0336185907762294,1.0750662993692377
Passive,350.0,188.825,192.45726237681407,172.31355358476242,89.53341196726987,94.32990270186258,1026.0879174327636,0.0,0,0.0,0.0,0.0,0.0,102,684436712,2.0,0.005,0.015,0.8315217647354853,1.0657236109623027,1.0046673089661071,1.0976505111248254,0.9930888420631911,1.068124915535003,1.0823055051665587,1.0336185907762294,1.0750662993692377
Continuous,350.0,188.825,191.70809769845232,170.57054567248744,88.97409536700256,93.68587262485806,1024.0414808339672,0.0,1,99.99999999999999,130.36328031550468,2.854944298145457,-1.1629506665790055,102,684436712,2.0,0.005,0.015,0.8315217647354853,1.0657236109623027,1.0046673089661071,1.0976505111248254,0.9930888420631911,1.068124915535003,1.0823055051665587,1.0336185907762294,1.0750662993692377
T-APIC,350.0,188.825,193.78365102355014,172.5357545532742,89.035248145008,101.94896520108479,1002.7895772898638,0.0,7,26.923076923076923,22.425986163782593,0.8518563540355335,-0.14583838369671348,102,684436712,2.0,0.005,0.015,0.8315217647354853,1.0657236109623027,1.0046673089661071,1.0976505111248254,0.9930888420631911,1.068124915535003,1.0823055051665587,1.0336185907762294,1.0750662993692377
E-APIC,350.0,188.825,194.1941637016606,173.67646444471512,89.43444083702397,101.94743221925691,1005.9060432852633,0.0,7,27.36686390532544,45.063094541557625,1.1148653618025157,-0.39149586658151275,102,684436712,2.0,0.005,0.015,0.8315217647354853,1.0657236109623027,1.0046673089661071,1.0976505111248254,0.9930888420631911,1.068124915535003,1.0823055051665587,1.0336185907762294,1.0750662993692377
ME-APIC,350.0,188.825,192.23771917023376,171.12570075518744,89.01775442084244,99.28563191834591,1001.795300108751,0.0,7,23.076923076923073,25.767918691286262,0.8412709334513107,-0.4983595608792525,102,684436712,2.0,0.005,0.015,0.8315217647354853,1.0657236109623027,1.0046673089661071,1.0976505111248254,0.9930888420631911,1.068124915535003,1.0823055051665587,1.0336185907762294,1.0750662993692377
Passive,300.0,157.3,166.03617174032158,99.65368534875772,60.01926225124896,82.26530339217416,461.21865105308854,0.0,0,0.0,0.0,0.0,0.0,103,248601926,2.0,0.005,0.015,0.830721345557794,1.0735798358439672,1.072346951683092,0.9578228749917365,1.0091230495990333,0.9712875029312728,1.0503932710484183,1.0781109615237,0.9893221378120826
Continuous,300.0,157.3,163.5304016618785,94.8964322646678,58.02984111839899,86.15908665498814,461.78288863644076,0.0,1,100.0,77.54735286076139,1.6973113358173253,-0.581125341070514,103,248601926,2.0,0.005,0.015,0.830721345557794,1.0735798358439672,1.072346951683092,0.9578228749917365,1.0091230495990333,0.9712875029312728,1.0503932710484183,1.0781109615237,0.9893221378120826
T-APIC,300.0,157.3,166.0936787425412,98.40404213113078,59.24610910910409,85.76905394392453,467.12167603548494,0.0,8,27.594936708860757,21.90690236153361,0.600414447954911,-0.2021856062647161,103,248601926,2.0,0.005,0.015,0.830721345557794,1.0735798358439672,1.072346951683092,0.9578228749917365,1.0091230495990333,0.9712875029312728,1.0503932710484183,1.0781109615237,0.9893221378120826
E-APIC,300.0,157.3,166.43800464745945,98.59350376821553,59.2373742866308,85.76905394392453,470.3009108984233,0.0,6,18.73417721518987,18.394571769761544,0.41979338699713364,-0.13855647024250303,103,248601926,2.0,0.005,0.015,0.830721345557794,1.0735798358439672,1.072346951683092,0.9578228749917365,1.0091230495990333,0.9712875029312728,1.0503932710484183,1.0781109615237,0.9893221378120826
ME-APIC,300.0,157.3,165.95241763025106,98.53083029089275,59.3729405680751,85.39370064693611,464.95556327674944,0.0,7,22.78481012658228,15.495435712429243,0.49970290994833383,-0.08886113803904654,103,248601926,2.0,0.005,0.015,0.830721345557794,1.0735798358439672,1.072346951683092,0.9578228749917365,1.0091230495990333,0.9712875029312728,1.0503932710484183,1.0781109615237,0.9893221378120826
Passive,350.0,188.825,191.68102232000572,172.7905544615131,90.14484186809294,98.43573112377244,1038.033979029595,0.0,0,0.0,0.0,0.0,0.0,103,248601926,2.0,0.005,0.015,0.830721345557794,1.0735798358439672,1.072346951683092,0.9578228749917365,1.0091230495990333,0.9712875029312728,1.0503932710484183,1.0781109615237,0.9893221378120826
Continuous,350.0,188.825,190.33751250702008,170.75763030115547,89.71307234818336,97.6883187159433,1028.6390155604145,0.0,1,99.99999999999999,132.31610280477727,2.81962830135638,-1.25172560701391,103,248601926,2.0,0.005,0.015,0.830721345557794,1.0735798358439672,1.072346951683092,0.9578228749917365,1.0091230495990333,0.9712875029312728,1.0503932710484183,1.0781109615237,0.9893221378120826
T-APIC,350.0,188.825,192.69961096409895,172.73688533820035,89.64049510737321,102.11253715202223,1014.6258444490189,0.0,7,26.923076923076923,22.02752399969825,0.836620888566766,-0.18457294290263906,103,248601926,2.0,0.005,0.015,0.830721345557794,1.0735798358439672,1.072346951683092,0.9578228749917365,1.0091230495990333,0.9712875029312728,1.0503932710484183,1.0781109615237,0.9893221378120826
E-APIC,350.0,188.825,194.13988273485728,175.906074309906,90.60790180353939,102.11253715202223,1030.5738203387118,0.0,6,21.89349112426035,33.83069214289812,0.76142170324031,-0.013210442625425312,103,248601926,2.0,0.005,0.015,0.830721345557794,1.0735798358439672,1.072346951683092,0.9578228749917365,1.0091230495990333,0.9712875029312728,1.0503932710484183,1.0781109615237,0.9893221378120826
ME-APIC,350.0,188.825,191.3114284118996,171.65344520269971,89.72461636380885,101.53664972784955,1017.0756646848757,0.0,7,22.928994082840234,24.70058222056296,0.8196376843392953,-0.5057798167385503,103,248601926,2.0,0.005,0.015,0.830721345557794,1.0735798358439672,1.072346951683092,0.9578228749917365,1.0091230495990333,0.9712875029312728,1.0503932710484183,1.0781109615237,0.9893221378120826
Passive,300.0,157.3,167.02601976321165,101.42145494509526,60.72194924412242,80.27449270850005,461.3450445073642,0.0,0,0.0,0.0,0.0,0.0,104,1480537555,2.0,0.005,0.015,1.06838506217415,1.043715559590106,1.096969076563919,1.0224804216925716,1.04797623094348,1.0797023396227643,0.9080957831081689,1.0462339814639259,1.07053866648756
Continuous,300.0,157.3,165.08010987401363,96.80869620240148,58.643464846421686,84.11778136423422,463.1676046009007,0.0,1,100.0,74.22082935812456,1.642817534734958,-0.5440189203072128,104,1480537555,2.0,0.005,0.015,1.06838506217415,1.043715559590106,1.096969076563919,1.0224804216925716,1.04797623094348,1.0797023396227643,0.9080957831081689,1.0462339814639259,1.07053866648756
T-APIC,300.0,157.3,167.3060342848075,100.17025574224587,59.872470332853965,83.89216470525939,463.0628983399546,0.0,8,27.594936708860757,21.844539649976316,0.6018362817680876,-0.16448323219134453,104,1480537555,2.0,0.005,0.015,1.06838506217415,1.043715559590106,1.096969076563919,1.0224804216925716,1.04797623094348,1.0797023396227643,0.9080957831081689,1.0462339814639259,1.07053866648756
E-APIC,300.0,157.3,168.07292815177152,100.29199157538505,59.67171077356396,83.89216470525939,460.49714050963536,0.0,6,18.73417721518987,18.797705667986918,0.3974642725283061,-0.010912235291883683,104,1480537555,2.0,0.005,0.015,1.06838506217415,1.043715559590106,1.096969076563919,1.0224804216925716,1.04797623094348,1.0797023396227643,0.9080957831081689,1.0462339814639259,1.07053866648756
ME-APIC,300.0,157.3,167.14771411820857,100.31125581489371,60.01353733378165,83.62461606273365,455.0647430527809,0.0,7,22.78481012658228,15.13330831930417,0.4877824338942372,-0.07849169755772663,104,1480537555,2.0,0.005,0.015,1.06838506217415,1.043715559590106,1.096969076563919,1.0224804216925716,1.04797623094348,1.0797023396227643,0.9080957831081689,1.0462339814639259,1.07053866648756
Passive,350.0,188.825,191.68110310405046,171.34109360361347,89.38862038508,96.1906098521367,1036.9256679771604,0.0,0,0.0,0.0,0.0,0.0,104,1480537555,2.0,0.005,0.015,1.06838506217415,1.043715559590106,1.096969076563919,1.0224804216925716,1.04797623094348,1.0797023396227643,0.9080957831081689,1.0462339814639259,1.07053866648756
Continuous,350.0,188.825,190.94690172151746,169.6323212513128,88.83743057465762,96.55591307979077,1025.623249538287,0.0,1,99.99999999999999,129.74516288607472,2.828308476761151,-1.1370708181196039,104,1480537555,2.0,0.005,0.015,1.06838506217415,1.043715559590106,1.096969076563919,1.0224804216925716,1.04797623094348,1.0797023396227643,0.9080957831081689,1.0462339814639259,1.07053866648756
T-APIC,350.0,188.825,192.94656725456363,171.33410049313989,88.79872958148596,99.35246736727754,1009.4678806676753,0.0,7,26.923076923076923,22.961914850203804,0.8633825810749739,-0.149376950274386,104,1480537555,2.0,0.005,0.015,1.06838506217415,1.043715559590106,1.096969076563919,1.0224804216925716,1.04797623094348,1.0797023396227643,0.9080957831081689,1.0462339814639259,1.07053866648756
E-APIC,350.0,188.825,194.28961373483114,173.4396192718458,89.26860058950878,99.35246736727754,1018.5052817658622,0.0,6,21.89349112426035,46.391825175793805,1.0163555827335153,-0.21613261699095032,104,1480537555,2.0,0.005,0.015,1.06838506217415,1.043715559590106,1.096969076563919,1.0224804216925716,1.04797623094348,1.0797023396227643,0.9080957831081689,1.0462339814639259,1.07053866648756
ME-APIC,350.0,188.825,191.5590048824554,170.18618647458686,88.8426970995264,98.94859510634791,1010.9954772022745,0.0,7,23.076923076923073,26.34844787635093,0.8450089546692108,-0.46834995935475715,104,1480537555,2.0,0.005,0.015,1.06838506217415,1.043715559590106,1.096969076563919,1.0224804216925716,1.04797623094348,1.0797023396227643,0.9080957831081689,1.0462339814639259,1.07053866648756
Passive,300.0,157.3,164.93004858454336,97.17951360580595,58.92165462862373,82.82897842311344,474.2718851464336,0.0,0,0.0,0.0,0.0,0.0,105,1770437278,2.0,0.005,0.015,0.9524625375909588,0.9678334504815688,0.9909174553111284,1.0229061051172912,0.9265223575104783,1.0711086657707054,1.0003891415267505,1.0924177674832358,1.067693994329175
Continuous,300.0,157.3,163.11970595358676,92.66728474825187,56.80937456730025,88.52398162628715,469.10762323666114,0.0,1,100.0,72.24255294696627,1.588366960728478,-0.48620740434018395,105,1770437278,2.0,0.005,0.015,0.9524625375909588,0.9678334504815688,0.9909174553111284,1.0229061051172912,0.9265223575104783,1.0711086657707054,1.0003891415267505,1.0924177674832358,1.067693994329175
T-APIC,300.0,157.3,165.20853464282408,95.88308531786365,58.03761017865089,87.68606282022492,474.37777436559236,0.0,8,27.594936708860757,22.174124907973987,0.606667643734334,-0.15896219107603315,105,1770437278,2.0,0.005,0.015,0.9524625375909588,0.9678334504815688,0.9909174553111284,1.0229061051172912,0.9265223575104783,1.0711086657707054,1.0003891415267505,1.0924177674832358,1.067693994329175
E-APIC,300.0,157.3,164.88817637674407,95.73689037910088,58.06170732360872,87.68606282022492,477.505560998928,0.0,6,18.73417721518987,19.060268117464584,0.5004346926625907,-0.22454293037042078,105,1770437278,2.0,0.005,0.015,0.9524625375909588,0.9678334504815688,0.9909174553111284,1.0229061051172912,0.9265223575104783,1.0711086657707054,1.0003891415267505,1.0924177674832358,1.067693994329175
ME-APIC,300.0,157.3,164.98186281866418,96.04531363924362,58.21568019559186,87.04860429964948,472.03867103422317,0.0,7,22.531645569620252,14.452188331911765,0.4512787015866846,-0.0955522280109709,105,1770437278,2.0,0.005,0.015,0.9524625375909588,0.9678334504815688,0.9909174553111284,1.0229061051172912,0.9265223575104783,1.0711086657707054,1.0003891415267505,1.0924177674832358,1.067693994329175
Passive,350.0,188.825,190.35086489041183,165.7214207861523,87.06102852832367,94.51516572844284,982.5455283708809,0.0,0,0.0,0.0,0.0,0.0,105,1770437278,2.0,0.005,0.015,0.9524625375909588,0.9678334504815688,0.9909174553111284,1.0229061051172912,0.9265223575104783,1.0711086657707054,1.0003891415267505,1.0924177674832358,1.067693994329175
Continuous,350.0,188.825,189.618915262626,164.14650922651535,86.56652686741148,85.6135707736867,996.7923377530933,0.0,1,99.99999999999999,129.66539085174534,2.8008346830849415,-1.1042189482130689,105,1770437278,2.0,0.005,0.015,0.9524625375909588,0.9678334504815688,0.9909174553111284,1.0229061051172912,0.9265223575104783,1.0711086657707054,1.0003891415267505,1.0924177674832358,1.067693994329175
T-APIC,350.0,188.825,191.63551531064292,165.85657038429713,86.54792934151173,96.33842356407085,970.9349314004382,0.0,7,26.923076923076923,21.433045175726583,0.8363152466555468,-0.12124857781388229,105,1770437278,2.0,0.005,0.015,0.9524625375909588,0.9678334504815688,0.9909174553111284,1.0229061051172912,0.9265223575104783,1.0711086657707054,1.0003891415267505,1.0924177674832358,1.067693994329175
E-APIC,350.0,188.825,193.03432410888294,168.6987636966508,87.39314340878286,98.28054360468063,980.6772472215198,0.0,6,21.89349112426035,33.98719400426664,0.7622082322798086,0.028950251079269906,105,1770437278,2.0,0.005,0.015,0.9524625375909588,0.9678334504815688,0.9909174553111284,1.0229061051172912,0.9265223575104783,1.0711086657707054,1.0003891415267505,1.0924177674832358,1.067693994329175
ME-APIC,350.0,188.825,190.152369281911,164.80487925142828,86.66990575704912,97.30481697646356,967.7156530179159,0.0,7,22.928994082840234,24.148954063328976,0.7974115089994895,-0.4684723571782965,105,1770437278,2.0,0.005,0.015,0.9524625375909588,0.9678334504815688,0.9909174553111284,1.0229061051172912,0.9265223575104783,1.0711086657707054,1.0003891415267505,1.0924177674832358,1.067693994329175
Passive,300.0,157.3,169.03261716338395,102.04325158357928,60.36897096904443,82.17779133514824,475.72418909548486,0.0,0,0.0,0.0,0.0,0.0,106,1539522679,2.0,0.005,0.015,0.8411305950255203,0.9220476947812366,1.0768409107702148,1.0967673465954546,1.0764880630870501,1.0701965541687966,0.9360050736384704,0.9401019829863628,0.9634062618699305
Continuous,300.0,157.3,166.64112280517517,96.84784896587095,58.117616669625114,86.74815520662654,474.7521837423948,0.0,1,100.0,77.38906419143512,1.702374266682904,-0.6109771795797615,106,1539522679,2.0,0.005,0.015,0.8411305950255203,0.9220476947812366,1.0768409107702148,1.0967673465954546,1.0764880630870501,1.0701965541687966,0.9360050736384704,0.9401019829863628,0.9634062618699305
T-APIC,300.0,157.3,169.1156098180101,100.52368751834906,59.440809530548556,86.2948586180793,475.8811729027942,0.0,8,27.594936708860757,23.32568334972495,0.6384166001116787,-0.20634001400050522,106,1539522679,2.0,0.005,0.015,0.8411305950255203,0.9220476947812366,1.0768409107702148,1.0967673465954546,1.0764880630870501,1.0701965541687966,0.9360050736384704,0.9401019829863628,0.9634062618699305
E-APIC,300.0,157.3,169.78870105705758,100.62926982535822,59.2673535982478,86.2948586180793,460.63297543715646,0.0,6,18.73417721518987,19.039319836540827,0.39045436838524,-0.07080330423449624,106,1539522679,2.0,0.005,0.015,0.8411305950255203,0.9220476947812366,1.0768409107702148,1.0967673465954546,1.0764880630870501,1.0701965541687966,0.9360050736384704,0.9401019829863628,0.9634062618699305
ME-APIC,300.0,157.3,169.0462704870875,100.75862046164407,59.60416646360765,85.85438311349972,465.40984791673714,0.0,7,22.78481012658228,16.646444727215094,0.5037830064659633,-0.10363376748785413,106,1539522679,2.0,0.005,0.015,0.8411305950255203,0.9220476947812366,1.0768409107702148,1.0967673465954546,1.0764880630870501,1.0701965541687966,0.9360050736384704,0.9401019829863628,0.9634062618699305
Passive,350.0,188.825,192.74496738911986,165.77737262273675,86.00866464547423,92.1162422340687,1004.2395722115659,0.0,0,0.0,0.0,0.0,0.0,106,1539522679,2.0,0.005,0.015,0.8411305950255203,0.9220476947812366,1.0768409107702148,1.0967673465954546,1.0764880630870501,1.0701965541687966,0.9360050736384704,0.9401019829863628,0.9634062618699305
Continuous,350.0,188.825,191.5058392082976,163.38740547965466,85.31719249664287,101.0191714983037,989.403505889132,0.0,1,99.99999999999999,135.5638745068652,2.932339255740227,-1.266410533778407,106,1539522679,2.0,0.005,0.015,0.8411305950255203,0.9220476947812366,1.0768409107702148,1.0967673465954546,1.0764880630870501,1.0701965541687966,0.9360050736384704,0.9401019829863628,0.9634062618699305
T-APIC,350.0,188.825,193.8164264181957,165.4418534202731,85.3600783368593,99.7191618331273,978.6220791643283,0.0,7,26.923076923076923,22.90973171318522,0.8774774879206443,-0.18740414398685226,106,1539522679,2.0,0.005,0.015,0.8411305950255203,0.9220476947812366,1.0768409107702148,1.0967673465954546,1.0764880630870501,1.0701965541687966,0.9360050736384704,0.9401019829863628,0.9634062618699305
E-APIC,350.0,188.825,196.41822961256617,168.70474039571837,85.89057172976638,99.7191618331273,994.6019345785705,0.0,5,16.420118343195266,35.08503605153676,0.878547370974541,0.28118713044515486,106,1539522679,2.0,0.005,0.015,0.8411305950255203,0.9220476947812366,1.0768409107702148,1.0967673465954546,1.0764880630870501,1.0701965541687966,0.9360050736384704,0.9401019829863628,0.9634062618699305
ME-APIC,350.0,188.825,192.58435247324505,164.44580465719392,85.38897503629724,97.8791214781189,979.5484133429798,0.0,7,23.076923076923073,27.539543632098916,0.8826191488187796,-0.46786533756129417,106,1539522679,2.0,0.005,0.015,0.8411305950255203,0.9220476947812366,1.0768409107702148,1.0967673465954546,1.0764880630870501,1.0701965541687966,0.9360050736384704,0.9401019829863628,0.9634062618699305
Passive,300.0,157.3,166.01239683836312,98.422175410004,59.28603964788974,83.69526976668146,462.30874148758704,0.0,0,0.0,0.0,0.0,0.0,107,1100700455,2.0,0.005,0.015,1.1018740729966905,1.0661509476770195,0.9689130886586858,0.919908135639621,1.0158036651440623,0.9362940271704465,0.9727869620673874,1.0840456583690052,1.0551055485172744
Continuous,300.0,157.3,163.15324548462155,93.5846207583826,57.3599504443837,87.60440815701125,464.0626775431815,0.0,1,100.0,78.9427710792047,1.706968087410271,-0.6210937807691576,107,1100700455,2.0,0.005,0.015,1.1018740729966905,1.0661509476770195,0.9689130886586858,0.919908135639621,1.0158036651440623,0.9362940271704465,0.9727869620673874,1.0840456583690052,1.0551055485172744
T-APIC,300.0,157.3,165.96220786023545,97.1244117382571,58.52200509410559,87.39631380959761,469.747533694445,0.0,8,27.594936708860757,23.20872191477227,0.6125586126163737,-0.19852483963164053,107,1100700455,2.0,0.005,0.015,1.1018740729966905,1.0661509476770195,0.9689130886586858,0.919908135639621,1.0158036651440623,0.9362940271704465,0.9727869620673874,1.0840456583690052,1.0551055485172744
E-APIC,300.0,157.3,166.86684085644725,97.15181518460197,58.22116286613231,87.39631380959761,472.8908508208492,0.0,6,18.73417721518987,18.202652433419484,0.40498803414768303,-0.025889181650110317,107,1100700455,2.0,0.005,0.015,1.1018740729966905,1.0661509476770195,0.9689130886586858,0.919908135639621,1.0158036651440623,0.9362940271704465,0.9727869620673874,1.0840456583690052,1.0551055485172744
ME-APIC,300.0,157.3,165.8879969521209,97.2870115039455,58.64620303542804,87.03133408731652,467.1302368165746,0.0,7,22.658227848101262,15.903598669257908,0.4915188521201529,-0.08971745755463785,107,1100700455,2.0,0.005,0.015,1.1018740729966905,1.0661509476770195,0.9689130886586858,0.919908135639621,1.0158036651440623,0.9362940271704465,0.9727869620673874,1.0840456583690052,1.0551055485172744
Passive,350.0,188.825,192.1616136166537,172.7956532880803,89.92204532211782,99.58203982697674,1039.2340053597966,0.0,0,0.0,0.0,0.0,0.0,107,1100700455,2.0,0.005,0.015,1.1018740729966905,1.0661509476770195,0.9689130886586858,0.919908135639621,1.0158036651440623,0.9362940271704465,0.9727869620673874,1.0840456583690052,1.0551055485172744
Continuous,350.0,188.825,190.38085485866358,170.30647405969322,89.45567251818817,96.26562932220655,1040.2314432938995,0.0,1,99.99999999999999,135.1883811237944,2.834471426679539,-1.3035750515153988,107,1100700455,2.0,0.005,0.015,1.1018740729966905,1.0661509476770195,0.9689130886586858,0.919908135639621,1.0158036651440623,0.9362940271704465,0.9727869620673874,1.0840456583690052,1.0551055485172744
T-APIC,350.0,188.825,193.0309005046076,172.44544636492478,89.33566901160914,102.55051793377416,1015.8162198279475,0.0,7,26.923076923076923,23.334577516201342,0.8512082775788805,-0.21749486091717102,107,1100700455,2.0,0.005,0.015,1.1018740729966905,1.0661509476770195,0.9689130886586858,0.919908135639621,1.0158036651440623,0.9362940271704465,0.9727869620673874,1.0840456583690052,1.0551055485172744
E-APIC,350.0,188.825,194.55343122147497,174.6968185217642,89.79374839341358,102.55051793377416,1022.644270773392,0.0,6,21.89349112426035,47.874731976076646,1.0290541027070863,-0.248103928849124,107,1100700455,2.0,0.005,0.015,1.1018740729966905,1.0661509476770195,0.9689130886586858,0.919908135639621,1.0158036651440623,0.9362940271704465,0.9727869620673874,1.0840456583690052,1.0551055485172744
ME-APIC,350.0,188.825,191.7308872746453,171.44588194108883,89.42006391255093,102.16871579225311,1016.3189238304057,0.0,7,22.928994082840234,26.657032321118784,0.8559987477498366,-0.5133237749135102,107,1100700455,2.0,0.005,0.015,1.1018740729966905,1.0661509476770195,0.9689130886586858,0.919908135639621,1.0158036651440623,0.9362940271704465,0.9727869620673874,1.0840456583690052,1.0551055485172744
Passive,300.0,157.3,166.4373075428827,98.36913854405098,59.10281774938356,82.9997092189239,474.2262798286142,0.0,0,0.0,0.0,0.0,0.0,108,1457864183,2.0,0.005,0.015,0.9548374483257323,1.0836466217333778,0.9044518535225697,1.0736663801451038,0.9281742051649343,1.065106739236517,1.068720316310541,1.0253914278574645,1.0354770709752517
Continuous,300.0,157.3,164.45378213510742,93.86896148141116,57.079235431808364,87.27793613106903,476.33139263162707,0.0,1,100.0,76.30074424838138,1.7039050750411444,-0.5169873141148117,108,1457864183,2.0,0.005,0.015,0.9548374483257323,1.0836466217333778,0.9044518535225697,1.0736663801451038,0.9281742051649343,1.065106739236517,1.068720316310541,1.0253914278574645,1.0354770709752517
T-APIC,300.0,157.3,166.70747359283584,97.12511130367093,58.26080211669936,86.83788035644275,481.6054170689248,0.0,8,27.594936708860757,22.5220066154334,0.6239000976857424,-0.16807600325861904,108,1457864183,2.0,0.005,0.015,0.9548374483257323,1.0836466217333778,0.9044518535225697,1.0736663801451038,0.9281742051649343,1.065106739236517,1.068720316310541,1.0253914278574645,1.0354770709752517
E-APIC,300.0,157.3,166.4222263673736,96.00725655041977,57.68896297450423,86.83788035644275,483.5832320452383,0.0,7,23.41772151898734,29.329546317503944,0.6652251037923465,-0.2558254744824127,108,1457864183,2.0,0.005,0.015,0.9548374483257323,1.0836466217333778,0.9044518535225697,1.0736663801451038,0.9281742051649343,1.065106739236517,1.068720316310541,1.0253914278574645,1.0354770709752517
ME-APIC,300.0,157.3,166.50496429937968,97.20056286211977,58.37697588844917,86.42553259600278,479.6856006491755,0.0,7,22.78481012658228,15.725686041186146,0.5146321839589341,-0.09370428784435987,108,1457864183,2.0,0.005,0.015,0.9548374483257323,1.0836466217333778,0.9044518535225697,1.0736663801451038,0.9281742051649343,1.065106739236517,1.068720316310541,1.0253914278574645,1.0354770709752517
Passive,350.0,188.825,193.54608508656662,174.43058793055735,90.12354233491234,97.90475413478461,1038.8366940495848,0.0,0,0.0,0.0,0.0,0.0,108,1457864183,2.0,0.005,0.015,0.9548374483257323,1.0836466217333778,0.9044518535225697,1.0736663801451038,0.9281742051649343,1.065106739236517,1.068720316310541,1.0253914278574645,1.0354770709752517
Continuous,350.0,188.825,192.74262846367913,172.75918917426435,89.63206040682356,91.32550203423499,1035.2455883818898,0.0,1,99.99999999999999,132.87057316073103,2.8839501398779808,-1.1758372266344133,108,1457864183,2.0,0.005,0.015,0.9548374483257323,1.0836466217333778,0.9044518535225697,1.0736663801451038,0.9281742051649343,1.065106739236517,1.068720316310541,1.0253914278574645,1.0354770709752517
T-APIC,350.0,188.825,194.92354716970715,174.76238140539132,89.65688545224204,102.36302729612324,1017.3720838635165,0.0,7,26.923076923076923,22.625024204687428,0.8571774500608913,-0.13399444444030184,108,1457864183,2.0,0.005,0.015,0.9548374483257323,1.0836466217333778,0.9044518535225697,1.0736663801451038,0.9281742051649343,1.065106739236517,1.068720316310541,1.0253914278574645,1.0354770709752517
E-APIC,350.0,188.825,195.6580606246433,176.34678944963858,90.1300916949943,103.6998622630981,1023.5288960691861,0.0,7,27.36686390532544,47.37136790425694,1.070643388640254,-0.34088519704641085,108,1457864183,2.0,0.005,0.015,0.9548374483257323,1.0836466217333778,0.9044518535225697,1.0736663801451038,0.9281742051649343,1.065106739236517,1.068720316310541,1.0253914278574645,1.0354770709752517
ME-APIC,350.0,188.825,193.21497075223735,173.15793381926213,89.61931528654958,102.22227028418855,1015.73621261017,0.0,7,23.076923076923073,25.77726403301537,0.8502650735739394,-0.5103852457507942,108,1457864183,2.0,0.005,0.015,0.9548374483257323,1.0836466217333778,0.9044518535225697,1.0736663801451038,0.9281742051649343,1.065106739236517,1.068720316310541,1.0253914278574645,1.0354770709752517
Passive,300.0,157.3,167.0770697777256,100.1247546337991,59.927286710858716,81.48856621608631,480.9052013593222,0.0,0,0.0,0.0,0.0,0.0,109,999641338,2.0,0.005,0.015,0.820154911770991,1.0927536240285725,1.088845488639564,1.0335157008437426,0.909256493210128,0.9428763893508756,0.9716527433122575,0.9937626992549575,1.0909482505834482
Continuous,300.0,157.3,164.45313624317006,95.08689263022274,57.820054273468934,87.71190335989277,475.6921233480272,0.0,1,100.0,81.5267963606826,1.7487958028814647,-0.6175026274482773,109,999641338,2.0,0.005,0.015,0.820154911770991,1.0927536240285725,1.088845488639564,1.0335157008437426,0.909256493210128,0.9428763893508756,0.9716527433122575,0.9937626992549575,1.0909482505834482
T-APIC,300.0,157.3,166.9713645010836,98.70461596141374,59.11469685616252,86.57243877949392,480.65184844810875,0.0,8,27.594936708860757,21.871743228408555,0.6109299505160519,-0.2667566491583573,109,999641338,2.0,0.005,0.015,0.820154911770991,1.0927536240285725,1.088845488639564,1.0335157008437426,0.909256493210128,0.9428763893508756,0.9716527433122575,0.9937626992549575,1.0909482505834482
E-APIC,300.0,157.3,167.34060519997678,97.72985645911815,58.401758701857325,86.57243841412571,480.670319577347,0.0,7,23.41772151898734,19.11575518704699,0.5254559072866954,-0.2002014929598833,109,999641338,2.0,0.005,0.015,0.820154911770991,1.0927536240285725,1.088845488639564,1.0335157008437426,0.909256493210128,0.9428763893508756,0.9716527433122575,0.9937626992549575,1.0909482505834482
ME-APIC,300.0,157.3,166.88616728972255,98.73880078273784,59.165359470040706,85.75963589384126,479.75688558478475,0.0,7,22.78481012658228,17.489306022848215,0.5574675860659479,-0.11786626961995032,109,999641338,2.0,0.005,0.015,0.820154911770991,1.0927536240285725,1.088845488639564,1.0335157008437426,0.909256493210128,0.9428763893508756,0.9716527433122575,0.9937626992549575,1.0909482505834482
Passive,350.0,188.825,193.86673922598558,174.59071462205387,90.05707493668517,94.82981754951784,1032.5224848757314,0.0,0,0.0,0.0,0.0,0.0,109,999641338,2.0,0.005,0.015,0.820154911770991,1.0927536240285725,1.088845488639564,1.0335157008437426,0.909256493210128,0.9428763893508756,0.9716527433122575,0.9937626992549575,1.0909482505834482
Continuous,350.0,188.825,192.36597121203303,172.3484064823069,89.59401987596755,94.75130001275504,1018.9239987457612,0.0,1,99.99999999999999,135.45258412075805,2.914313855649917,-1.3428710458141928,109,999641338,2.0,0.005,0.015,0.820154911770991,1.0927536240285725,1.088845488639564,1.0335157008437426,0.909256493210128,0.9428763893508756,0.9716527433122575,0.9937626992549575,1.0909482505834482
T-APIC,350.0,188.825,194.8451080078357,174.9272824865371,89.77761067498929,100.3482609529933,1014.2665640398069,0.0,7,26.923076923076923,21.255739136233593,0.8219758007733647,-0.2132681625220363,109,999641338,2.0,0.005,0.015,0.820154911770991,1.0927536240285725,1.088845488639564,1.0335157008437426,0.909256493210128,0.9428763893508756,0.9716527433122575,0.9937626992549575,1.0909482505834482
E-APIC,350.0,188.825,196.4167975227398,177.34882994688527,90.29208916124041,100.3482609529933,1025.384813906377,0.0,7,27.36686390532544,52.60408562949208,1.0646662678736172,-0.21599052223393592,109,999641338,2.0,0.005,0.015,0.820154911770991,1.0927536240285725,1.088845488639564,1.0335157008437426,0.909256493210128,0.9428763893508756,0.9716527433122575,0.9937626992549575,1.0909482505834482
ME-APIC,350.0,188.825,193.31106044785457,173.4404623090111,89.72092021387286,99.3340838180682,1013.7950254775188,0.0,7,23.076923076923073,26.08606160155284,0.841643376961647,-0.5789188618348113,109,999641338,2.0,0.005,0.015,0.820154911770991,1.0927536240285725,1.088845488639564,1.0335157008437426,0.909256493210128,0.9428763893508756,0.9716527433122575,0.9937626992549575,1.0909482505834482
Passive,300.0,157.3,170.12523488335506,102.55850140828578,60.284120388491544,82.92765080430556,463.56921137356875,0.0,0,0.0,0.0,0.0,0.0,110,1923237620,2.0,0.005,0.015,0.8753284427803926,1.0696961779459437,1.0116118527619056,0.9521674297277389,1.0880676369164555,0.9111225753107617,0.9608645748025414,0.9258243887784663,0.9485103100991035
Continuous,300.0,157.3,166.53805635618536,96.9146919755858,58.193721060553436,85.90270628476763,460.16998551009016,0.0,1,100.0,84.68361255310433,1.8307822930008348,-0.7076966559450729,110,1923237620,2.0,0.005,0.015,0.8753284427803926,1.0696961779459437,1.0116118527619056,0.9521674297277389,1.0880676369164555,0.9111225753107617,0.9608645748025414,0.9258243887784663,0.9485103100991035
T-APIC,300.0,157.3,169.87265326128593,101.09270825879007,59.51087848336395,85.70233995527191,466.4539794593666,0.0,8,27.594936708860757,23.54910510419063,0.6421985327220558,-0.24866735918425772,110,1923237620,2.0,0.005,0.015,0.8753284427803926,1.0696961779459437,1.0116118527619056,0.9521674297277389,1.0880676369164555,0.9111225753107617,0.9608645748025414,0.9258243887784663,0.9485103100991035
E-APIC,300.0,157.3,170.861045433641,101.41092164017087,59.35286266263473,85.70233995527191,470.04916353933623,0.0,6,18.73417721518987,18.848221260420534,0.3804216643863916,-0.05467781603545873,110,1923237620,2.0,0.005,0.015,0.8753284427803926,1.0696961779459437,1.0116118527619056,0.9521674297277389,1.0880676369164555,0.9111225753107617,0.9608645748025414,0.9258243887784663,0.9485103100991035
ME-APIC,300.0,157.3,169.86441164034304,101.28126531886299,59.62477033347493,85.46380820970265,464.1264563288398,0.0,7,22.78481012658228,17.41515399284733,0.5449625786072749,-0.09632806965189783,110,1923237620,2.0,0.005,0.015,0.8753284427803926,1.0696961779459437,1.0116118527619056,0.9521674297277389,1.0880676369164555,0.9111225753107617,0.9608645748025414,0.9258243887784663,0.9485103100991035
Passive,350.0,188.825,196.44228535213412,178.42909045163609,90.83028642829707,99.72700711932269,1086.5934844799876,0.0,0,0.0,0.0,0.0,0.0,110,1923237620,2.0,0.005,0.015,0.8753284427803926,1.0696961779459437,1.0116118527619056,0.9521674297277389,1.0880676369164555,0.9111225753107617,0.9608645748025414,0.9258243887784663,0.9485103100991035
Continuous,350.0,188.825,193.9703391295097,175.16891477419588,90.30706218296575,102.47794278138481,1061.6289372004899,0.0,1,99.99999999999999,142.85424280301768,2.977926791100807,-1.4971016018691474,110,1923237620,2.0,0.005,0.015,0.8753284427803926,1.0696961779459437,1.0116118527619056,0.9521674297277389,1.0880676369164555,0.9111225753107617,0.9608645748025414,0.9258243887784663,0.9485103100991035
T-APIC,350.0,188.825,197.1184906098935,177.7486228221365,90.17349020488855,102.5689174231057,1057.240002821045,0.0,7,26.923076923076923,23.672656028960787,0.8937424653235323,-0.2604810670277672,110,1923237620,2.0,0.005,0.015,0.8753284427803926,1.0696961779459437,1.0116118527619056,0.9521674297277389,1.0880676369164555,0.9111225753107617,0.9608645748025414,0.9258243887784663,0.9485103100991035
E-APIC,350.0,188.825,197.69359427018728,179.54099801372877,90.81781262388834,102.5689174231057,1068.652324781512,0.0,7,27.36686390532544,51.24772971797986,1.2230614622936533,-0.5220955487049116,110,1923237620,2.0,0.005,0.015,0.8753284427803926,1.0696961779459437,1.0116118527619056,0.9521674297277389,1.0880676369164555,0.9111225753107617,0.9608645748025414,0.9258243887784663,0.9485103100991035
ME-APIC,350.0,188.825,196.01224187590947,176.99409757353416,90.29747115773758,102.20716126953256,1062.4025217214332,0.0,7,23.076923076923073,28.145738007232676,0.9035981148720673,-0.516945783431983,110,1923237620,2.0,0.005,0.015,0.8753284427803926,1.0696961779459437,1.0116118527619056,0.9521674297277389,1.0880676369164555,0.9111225753107617,0.9608645748025414,0.9258243887784663,0.9485103100991035
Passive,300.0,157.3,169.23611351615364,100.61018149613247,59.449593473752984,82.6092713512785,472.64449132684035,0.0,0,0.0,0.0,0.0,0.0,111,1944579393,2.0,0.005,0.015,1.0440140511251603,0.9401193215225672,1.0006934639055072,1.0195653412508785,1.0218906907071186,1.078986276881556,1.0426388620940095,0.9236223215117952,0.9466861515747519
Continuous,300.0,157.3,166.76055817918999,95.43027066077809,57.22592422498069,89.52396232629016,472.77034029988437,0.0,1,100.0,77.00828187458946,1.6913466749004242,-0.6226483040011515,111,1944579393,2.0,0.005,0.015,1.0440140511251603,0.9401193215225672,1.0006934639055072,1.0195653412508785,1.0218906907071186,1.078986276881556,1.0426388620940095,0.9236223215117952,0.9466861515747519
T-APIC,300.0,157.3,169.2960045187348,99.06942702552638,58.51846728879125,88.74891174103028,473.586072057406,0.0,8,27.594936708860757,23.6692176252574,0.6511596756980362,-0.19304221576620847,111,1944579393,2.0,0.005,0.015,1.0440140511251603,0.9401193215225672,1.0006934639055072,1.0195653412508785,1.0218906907071186,1.078986276881556,1.0426388620940095,0.9236223215117952,0.9466861515747519
E-APIC,300.0,157.3,170.2332605732016,99.02913951781629,58.17261514252264,88.74889463664266,460.05944610664545,0.0,6,18.73417721518987,18.12135147722414,0.4405469091677232,-0.012491366884118178,111,1944579393,2.0,0.005,0.015,1.0440140511251603,0.9401193215225672,1.0006934639055072,1.0195653412508785,1.0218906907071186,1.078986276881556,1.0426388620940095,0.9236223215117952,0.9466861515747519
ME-APIC,300.0,157.3,169.2830082908051,99.37984243396247,58.70633056286515,87.52888497457432,463.0691953406265,0.0,7,22.78481012658228,16.380149628513735,0.49245099406544013,-0.1039359884620083,111,1944579393,2.0,0.005,0.015,1.0440140511251603,0.9401193215225672,1.0006934639055072,1.0195653412508785,1.0218906907071186,1.078986276881556,1.0426388620940095,0.9236223215117952,0.9466861515747519
Passive,350.0,188.825,194.26485260909743,168.1266490787423,86.54506814830225,91.50815327570132,1019.6918561897135,0.0,0,0.0,0.0,0.0,0.0,111,1944579393,2.0,0.005,0.015,1.0440140511251603,0.9401193215225672,1.0006934639055072,1.0195653412508785,1.0218906907071186,1.078986276881556,1.0426388620940095,0.9236223215117952,0.9466861515747519
Continuous,350.0,188.825,192.92322833853535,165.71005888684678,85.89430122746246,100.68444688987816,1007.61180259671,0.0,1,99.99999999999999,137.20528785592745,2.957901415333245,-1.2715794535647271,111,1944579393,2.0,0.005,0.015,1.0440140511251603,0.9401193215225672,1.0006934639055072,1.0195653412508785,1.0218906907071186,1.078986276881556,1.0426388620940095,0.9236223215117952,0.9466861515747519
T-APIC,350.0,188.825,195.33243367354876,167.76706700792386,85.8879725464877,99.34888848907238,992.9593108673171,0.0,7,26.923076923076923,23.82571465950073,0.8957529031810259,-0.18909368589941897,111,1944579393,2.0,0.005,0.015,1.0440140511251603,0.9401193215225672,1.0006934639055072,1.0195653412508785,1.0218906907071186,1.078986276881556,1.0426388620940095,0.9236223215117952,0.9466861515747519
E-APIC,350.0,188.825,198.02569904356986,171.12650458747723,86.41631132423159,99.34888848907238,1009.8688718047495,0.0,5,16.420118343195266,36.36494587198161,0.8923551394379039,0.30035002635456987,111,1944579393,2.0,0.005,0.015,1.0440140511251603,0.9401193215225672,1.0006934639055072,1.0195653412508785,1.0218906907071186,1.078986276881556,1.0426388620940095,0.9236223215117952,0.9466861515747519
ME-APIC,350.0,188.825,194.11364730191607,166.6664332584386,85.86023475166212,97.41117786085987,993.1458923531336,0.0,7,23.076923076923073,29.10199932197742,0.9172324266822987,-0.45608116294675966,111,1944579393,2.0,0.005,0.015,1.0440140511251603,0.9401193215225672,1.0006934639055072,1.0195653412508785,1.0218906907071186,1.078986276881556,1.0426388620940095,0.9236223215117952,0.9466861515747519
Passive,300.0,157.3,167.1303631262738,99.89231691626945,59.7691018243027,79.86867027225664,454.46852799092545,0.0,0,0.0,0.0,0.0,0.0,112,2046838169,2.0,0.005,0.015,1.0383451379846953,0.9631998518785453,1.085847792619568,0.9058706917545913,1.052439800953498,0.9952583155512222,0.9607896505634597,1.0420634948954426,0.9472191565911326
Continuous,300.0,157.3,164.46850002838033,94.85955565697354,57.67642779049166,83.26822433165422,452.44462632194205,0.0,1,100.0,75.0001633875879,1.6398551814869589,-0.6124920411593381,112,2046838169,2.0,0.005,0.015,1.0383451379846953,0.9631998518785453,1.085847792619568,0.9058706917545913,1.052439800953498,0.9952583155512222,0.9607896505634597,1.0420634948954426,0.9472191565911326
T-APIC,300.0,157.3,167.14853281302922,98.48695347773709,58.92181751179574,83.04430217228388,455.0055930299883,0.0,8,27.594936708860757,22.913980221987803,0.6240885738354304,-0.19562248180822242,112,2046838169,2.0,0.005,0.015,1.0383451379846953,0.9631998518785453,1.085847792619568,0.9058706917545913,1.052439800953498,0.9952583155512222,0.9607896505634597,1.0420634948954426,0.9472191565911326
E-APIC,300.0,157.3,168.0478277330084,98.45368379235941,58.586704226121256,83.04430217228388,458.23630026226516,0.0,6,18.73417721518987,17.45370340397075,0.4150632231058753,-0.020931734230297445,112,2046838169,2.0,0.005,0.015,1.0383451379846953,0.9631998518785453,1.085847792619568,0.9058706917545913,1.052439800953498,0.9952583155512222,0.9607896505634597,1.0420634948954426,0.9472191565911326
ME-APIC,300.0,157.3,167.08675458465433,98.7657951003977,59.11048745061244,82.7756561718137,452.38826832455527,0.0,7,22.78481012658228,15.446870915523709,0.4651271059009581,-0.09574174297774753,112,2046838169,2.0,0.005,0.015,1.0383451379846953,0.9631998518785453,1.085847792619568,0.9058706917545913,1.052439800953498,0.9952583155512222,0.9607896505634597,1.0420634948954426,0.9472191565911326
Passive,350.0,188.825,191.61718449520774,167.3601998938183,87.34091377801448,96.4323239475948,1010.3752537973921,0.0,0,0.0,0.0,0.0,0.0,112,2046838169,2.0,0.005,0.015,1.0383451379846953,0.9631998518785453,1.085847792619568,0.9058706917545913,1.052439800953498,0.9952583155512222,0.9607896505634597,1.0420634948954426,0.9472191565911326
Continuous,350.0,188.825,190.05826463768165,165.15298072377718,86.89597426274372,96.48377080748322,1016.7858373974688,0.0,1,99.99999999999999,133.6269784420459,2.8484794840438195,-1.2701865330655135,112,2046838169,2.0,0.005,0.015,1.0383451379846953,0.9631998518785453,1.085847792619568,0.9058706917545913,1.052439800953498,0.9952583155512222,0.9607896505634597,1.0420634948954426,0.9472191565911326
T-APIC,350.0,188.825,192.54165891890165,167.0457011161754,86.75821225085366,99.68395557897215,995.5268657020524,0.0,7,26.923076923076923,22.521084408682803,0.8485628979839546,-0.19589019501434388,112,2046838169,2.0,0.005,0.015,1.0383451379846953,0.9631998518785453,1.085847792619568,0.9058706917545913,1.052439800953498,0.9952583155512222,0.9607896505634597,1.0420634948954426,0.9472191565911326
E-APIC,350.0,188.825,193.2518060277499,168.68928298738481,87.28988693806151,99.68395557897215,1002.1181117591858,0.0,7,27.36686390532544,49.72868048011482,1.1197625334292656,-0.41761370478408555,112,2046838169,2.0,0.005,0.015,1.0383451379846953,0.9631998518785453,1.085847792619568,0.9058706917545913,1.052439800953498,0.9952583155512222,0.9607896505634597,1.0420634948954426,0.9472191565911326
ME-APIC,350.0,188.825,191.36731743066983,166.24147392952275,86.87035809536816,99.27420959089679,995.8369625094364,0.0,7,22.928994082840234,26.01488477118567,0.8470629007437935,-0.47944600307265856,112,2046838169,2.0,0.005,0.015,1.0383451379846953,0.9631998518785453,1.085847792619568,0.9058706917545913,1.052439800953498,0.9952583155512222,0.9607896505634597,1.0420634948954426,0.9472191565911326
Passive,300.0,157.3,164.8179196061591,97.17956422444794,58.96177093890247,84.54145136740979,467.5038317880054,0.0,0,0.0,0.0,0.0,0.0,113,1195960043,2.0,0.005,0.015,1.1373376491574603,1.0649755537651053,1.006803961143622,1.0611742359508718,0.949230006597776,0.9177675602924263,1.0281601446758888,1.0840359862366733,0.9079021183657077
Continuous,300.0,157.3,162.09500257068106,92.30644104395752,56.94588949693718,87.03450042700074,465.4710443824732,0.0,1,100.0,80.86898906187652,1.7391594704053,-0.5779449214881959,113,1195960043,2.0,0.005,0.015,1.1373376491574603,1.0649755537651053,1.006803961143622,1.0611742359508718,0.949230006597776,0.9177675602924263,1.0281601446758888,1.0840359862366733,0.9079021183657077
T-APIC,300.0,157.3,164.71837742138806,95.87546997394367,58.20569111646349,86.87663375212696,470.7257129263511,0.0,8,27.594936708860757,21.1377592944485,0.590615849219038,-0.2506940317170247,113,1195960043,2.0,0.005,0.015,1.1373376491574603,1.0649755537651053,1.006803961143622,1.0611742359508718,0.949230006597776,0.9177675602924263,1.0281601446758888,1.0840359862366733,0.9079021183657077
E-APIC,300.0,157.3,165.72077675493037,96.05486839681963,57.96187435137754,86.87663375212696,474.56014301306914,0.0,6,18.73417721518987,14.850652029557022,0.3946688313766259,-0.04208372283363303,113,1195960043,2.0,0.005,0.015,1.1373376491574603,1.0649755537651053,1.006803961143622,1.0611742359508718,0.949230006597776,0.9177675602924263,1.0281601446758888,1.0840359862366733,0.9079021183657077
ME-APIC,300.0,157.3,164.62479124595225,95.96925947441366,58.29575165931962,86.688540576174,469.3723642674969,0.0,7,22.78481012658228,16.6716608913277,0.52759799439737,-0.11071513297553141,113,1195960043,2.0,0.005,0.015,1.1373376491574603,1.0649755537651053,1.006803961143622,1.0611742359508718,0.949230006597776,0.9177675602924263,1.0281601446758888,1.0840359862366733,0.9079021183657077
Passive,350.0,188.825,191.0980019603324,170.39649219096182,89.16707157740575,95.96608094701185,1005.8291945602649,0.0,0,0.0,0.0,0.0,0.0,113,1195960043,2.0,0.005,0.015,1.1373376491574603,1.0649755537651053,1.006803961143622,1.0611742359508718,0.949230006597776,0.9177675602924263,1.0281601446758888,1.0840359862366733,0.9079021183657077
Continuous,350.0,188.825,189.5282736123834,168.28804011087877,88.79310558964704,103.05036289571659,1002.6659654062722,0.0,1,99.99999999999999,134.53844889619384,2.8600372596974277,-1.3315096399418263,113,1195960043,2.0,0.005,0.015,1.1373376491574603,1.0649755537651053,1.006803961143622,1.0611742359508718,0.949230006597776,0.9177675602924263,1.0281601446758888,1.0840359862366733,0.9079021183657077
T-APIC,350.0,188.825,191.9956801679965,170.6009660096227,88.8566689939829,103.3628526556483,991.8663530905878,0.0,7,26.923076923076923,21.574288052803432,0.806431048881355,-0.2208280103975664,113,1195960043,2.0,0.005,0.015,1.1373376491574603,1.0649755537651053,1.006803961143622,1.0611742359508718,0.949230006597776,0.9177675602924263,1.0281601446758888,1.0840359862366733,0.9079021183657077
E-APIC,350.0,188.825,192.89017374215524,172.43377539542112,89.39479500180289,103.36171201798234,999.3340900537377,0.0,7,27.36686390532544,46.77506250810601,1.0570373347131674,-0.39091280851669036,113,1195960043,2.0,0.005,0.015,1.1373376491574603,1.0649755537651053,1.006803961143622,1.0611742359508718,0.949230006597776,0.9177675602924263,1.0281601446758888,1.0840359862366733,0.9079021183657077
ME-APIC,350.0,188.825,190.57708060973684,169.30385939612094,88.83747135513156,100.94662849550149,991.1183383513944,0.0,7,22.928994082840234,24.408470107309594,0.8184735137584913,-0.5547460177545743,113,1195960043,2.0,0.005,0.015,1.1373376491574603,1.0649755537651053,1.006803961143622,1.0611742359508718,0.949230006597776,0.9177675602924263,1.0281601446758888,1.0840359862366733,0.9079021183657077
Passive,300.0,157.3,167.48076335580214,100.516502832485,60.016745098626124,81.862551471848,465.07025898672526,0.0,0,0.0,0.0,0.0,0.0,114,1853768071,2.0,0.005,0.015,1.1884411596262092,0.9315828372676377,1.025883481190483,1.0840708733650093,1.0811958029591744,0.9674247991828954,0.9807486520141703,1.0026597350816384,1.01334028744219
Continuous,300.0,157.3,164.6435771951996,95.2758471373878,57.86794040828559,88.51766048832681,464.1223702938443,0.0,1,100.0,80.83319023876614,1.7441193850077783,-0.634332882284688,114,1853768071,2.0,0.005,0.015,1.1884411596262092,0.9315828372676377,1.025883481190483,1.0840708733650093,1.0811958029591744,0.9674247991828954,0.9807486520141703,1.0026597350816384,1.01334028744219
T-APIC,300.0,157.3,167.33542606225606,98.97947708525393,59.150342168686535,87.5531801434973,466.14962373561065,0.0,8,27.594936708860757,24.331370861357396,0.6426089787050939,-0.24145621778992832,114,1853768071,2.0,0.005,0.015,1.1884411596262092,0.9315828372676377,1.025883481190483,1.0840708733650093,1.0811958029591744,0.9674247991828954,0.9807486520141703,1.0026597350816384,1.01334028744219
E-APIC,300.0,157.3,167.9014777160032,98.89166480664656,58.898626832764855,87.55316736868177,457.25497039599196,0.0,7,23.41772151898734,16.81156155602301,0.4525457695051845,-0.14658268946324685,114,1853768071,2.0,0.005,0.015,1.1884411596262092,0.9315828372676377,1.025883481190483,1.0840708733650093,1.0811958029591744,0.9674247991828954,0.9807486520141703,1.0026597350816384,1.01334028744219
ME-APIC,300.0,157.3,167.33070702799753,99.18915758982727,59.27731935850309,86.4350068751829,454.4793586701455,0.0,7,22.78481012658228,17.661192666789724,0.524317068640782,-0.09659210812908395,114,1853768071,2.0,0.005,0.015,1.1884411596262092,0.9315828372676377,1.025883481190483,1.0840708733650093,1.0811958029591744,0.9674247991828954,0.9807486520141703,1.0026597350816384,1.01334028744219
Passive,350.0,188.825,191.5874167203401,165.06247058495092,86.15517313743648,89.42606818585271,993.8198727026057,0.0,0,0.0,0.0,0.0,0.0,114,1853768071,2.0,0.005,0.015,1.1884411596262092,0.9315828372676377,1.025883481190483,1.0840708733650093,1.0811958029591744,0.9674247991828954,0.9807486520141703,1.0026597350816384,1.01334028744219
Continuous,350.0,188.825,189.79225783934632,162.29419986651777,85.51149647205058,96.01501954029756,984.7159262933648,0.0,1,99.99999999999999,138.0660345462484,2.8955293979190997,-1.352060180950822,114,1853768071,2.0,0.005,0.015,1.1884411596262092,0.9315828372676377,1.025883481190483,1.0840708733650093,1.0811958029591744,0.9674247991828954,0.9807486520141703,1.0026597350816384,1.01334028744219
T-APIC,350.0,188.825,192.40870292718185,164.60673150908895,85.55056450403144,96.30150739095224,965.7746553791055,0.0,7,26.923076923076923,22.01570765649687,0.8469002696748842,-0.22253553514626437,114,1853768071,2.0,0.005,0.015,1.1884411596262092,0.9315828372676377,1.025883481190483,1.0840708733650093,1.0811958029591744,0.9674247991828954,0.9807486520141703,1.0026597350816384,1.01334028744219
E-APIC,350.0,188.825,193.93978808708835,167.87838410218194,86.5621158804177,96.30150739095224,983.1037384200008,0.0,6,21.89349112426035,34.16751573349946,0.7752468111057972,-0.05049200865291115,114,1853768071,2.0,0.005,0.015,1.1884411596262092,0.9315828372676377,1.025883481190483,1.0840708733650093,1.0811958029591744,0.9674247991828954,0.9807486520141703,1.0026597350816384,1.01334028744219
ME-APIC,350.0,188.825,191.16543049269228,163.72172849862505,85.64400377027565,94.62096305536966,968.5982501238428,0.0,7,23.076923076923073,28.14295224115926,0.8735532099548593,-0.5273605739716684,114,1853768071,2.0,0.005,0.015,1.1884411596262092,0.9315828372676377,1.025883481190483,1.0840708733650093,1.0811958029591744,0.9674247991828954,0.9807486520141703,1.0026597350816384,1.01334028744219
Passive,300.0,157.3,167.95147975417956,99.08814381461741,58.99807727782259,87.0422788568054,486.646825144939,0.0,0,0.0,0.0,0.0,0.0,115,1321615879,2.0,0.005,0.015,0.8081388501010105,1.0831436818992477,0.9439427452836405,1.0051012801113306,0.9163997305578725,0.9192500833703093,0.9622791063651249,0.965154786834741,1.0926177018200645
Continuous,300.0,157.3,164.8805747509243,93.83286083821247,56.909591066115844,89.67708041084862,486.63639602538836,0.0,1,100.0,84.12645311636106,1.8019402264424527,-0.6518216307795193,115,1321615879,2.0,0.005,0.015,0.8081388501010105,1.0831436818992477,0.9439427452836405,1.0051012801113306,0.9163997305578725,0.9192500833703093,0.9622791063651249,0.965154786834741,1.0926177018200645
T-APIC,300.0,157.3,167.83761106930905,97.65871645201348,58.186431414163195,89.50132636151858,492.4329861533971,0.0,8,27.594936708860757,23.19466380924214,0.6287042420131694,-0.24046761713730552,115,1321615879,2.0,0.005,0.015,0.8081388501010105,1.0831436818992477,0.9439427452836405,1.0051012801113306,0.9163997305578725,0.9192500833703093,0.9622791063651249,0.965154786834741,1.0926177018200645
E-APIC,300.0,157.3,168.9023167387623,97.77801669408265,57.89027562322539,89.50132636151858,495.9013389144991,0.0,6,18.73417721518987,16.24970717459387,0.4248613177591171,-0.024386250255292986,115,1321615879,2.0,0.005,0.015,0.8081388501010105,1.0831436818992477,0.9439427452836405,1.0051012801113306,0.9163997305578725,0.9192500833703093,0.9622791063651249,0.965154786834741,1.0926177018200645
ME-APIC,300.0,157.3,167.67886465378365,97.67146854507521,58.249123255183775,89.29024341160513,490.57584109950216,0.0,7,22.78481012658228,17.36292602509646,0.5402570383580866,-0.12915946193319292,115,1321615879,2.0,0.005,0.015,0.8081388501010105,1.0831436818992477,0.9439427452836405,1.0051012801113306,0.9163997305578725,0.9192500833703093,0.9622791063651249,0.965154786834741,1.0926177018200645
Passive,350.0,188.825,195.6610593146401,176.7973398185182,90.3589812085258,101.20387170309648,1052.3926176184657,0.0,0,0.0,0.0,0.0,0.0,115,1321615879,2.0,0.005,0.015,0.8081388501010105,1.0831436818992477,0.9439427452836405,1.0051012801113306,0.9163997305578725,0.9192500833703093,0.9622791063651249,0.965154786834741,1.0926177018200645
Continuous,350.0,188.825,193.62931853289768,173.7800891162644,89.74885127571169,93.7729641622289,1046.42060447679,0.0,1,99.99999999999999,139.99562913518866,2.944444051882261,-1.4085279027576316,115,1321615879,2.0,0.005,0.015,0.8081388501010105,1.0831436818992477,0.9439427452836405,1.0051012801113306,0.9163997305578725,0.9192500833703093,0.9622791063651249,0.965154786834741,1.0926177018200645
T-APIC,350.0,188.825,196.55823245778913,176.59737460366088,89.84481209230712,105.50827418752802,1025.1722784932092,0.0,7,26.923076923076923,22.396146155359638,0.8612993438024114,-0.22319226061696068,115,1321615879,2.0,0.005,0.015,0.8081388501010105,1.0831436818992477,0.9439427452836405,1.0051012801113306,0.9163997305578725,0.9192500833703093,0.9622791063651249,0.965154786834741,1.0926177018200645
E-APIC,350.0,188.825,198.0925701356333,179.7831492260798,90.75713899970243,107.63172578234283,1042.3839410590497,0.0,6,21.89349112426035,34.20722011916584,0.7820846348688779,-0.03591557646272733,115,1321615879,2.0,0.005,0.015,0.8081388501010105,1.0831436818992477,0.9439427452836405,1.0051012801113306,0.9163997305578725,0.9192500833703093,0.9622791063651249,0.965154786834741,1.0926177018200645
ME-APIC,350.0,188.825,195.1461976362432,175.36305432254417,89.86239877931148,105.06647725096984,1027.4732653670042,0.0,7,23.076923076923073,27.346248619552547,0.873439230773349,-0.5474836595401564,115,1321615879,2.0,0.005,0.015,0.8081388501010105,1.0831436818992477,0.9439427452836405,1.0051012801113306,0.9163997305578725,0.9192500833703093,0.9622791063651249,0.965154786834741,1.0926177018200645
Passive,300.0,157.3,166.8777258462722,99.40231295044971,59.56595611928409,84.51992429009572,467.2641209892366,0.0,0,0.0,0.0,0.0,0.0,116,1462800635,2.0,0.005,0.015,0.8887908711968218,1.056698164174789,0.9938158378008134,0.9072044146162953,0.9951059077845019,0.9938069597391572,0.9738548478892929,1.0485178272085958,0.9685299826330444
Continuous,300.0,157.3,164.30667993375758,94.56458959034234,57.55370970216628,88.6469821839777,468.4911049830439,0.0,1,100.0,75.31897656294414,1.658199839073364,-0.5673210750445576,116,1462800635,2.0,0.005,0.015,0.8887908711968218,1.056698164174789,0.9938158378008134,0.9072044146162953,0.9951059077845019,0.9938069597391572,0.9738548478892929,1.0485178272085958,0.9685299826330444
T-APIC,300.0,157.3,166.94504376415375,98.11935860967537,58.7734480744995,88.41513649151841,474.4142898130554,0.0,8,27.594936708860757,22.402926406514826,0.6192022032568881,-0.1830701521745096,116,1462800635,2.0,0.005,0.015,0.8887908711968218,1.056698164174789,0.9938158378008134,0.9072044146162953,0.9951059077845019,0.9938069597391572,0.9738548478892929,1.0485178272085958,0.9685299826330444
E-APIC,300.0,157.3,166.72010162754464,97.27670468859822,58.347316093842075,88.41513649151841,473.087354317845,0.0,6,18.73417721518987,17.950871680344527,0.5178708195941287,-0.24239816485955515,116,1462800635,2.0,0.005,0.015,0.8887908711968218,1.056698164174789,0.9938158378008134,0.9072044146162953,0.9951059077845019,0.9938069597391572,0.9738548478892929,1.0485178272085958,0.9685299826330444
ME-APIC,300.0,157.3,166.81253191267152,98.30099298674509,58.92902161463918,88.04512951329758,471.9449273133188,0.0,7,22.658227848101262,14.793650065978545,0.4695396944701434,-0.09088095260061563,116,1462800635,2.0,0.005,0.015,0.8887908711968218,1.056698164174789,0.9938158378008134,0.9072044146162953,0.9951059077845019,0.9938069597391572,0.9738548478892929,1.0485178272085958,0.9685299826330444
Passive,350.0,188.825,193.33955285747513,174.4826508613421,90.2467437637896,98.83964765027099,1054.3429887117488,0.0,0,0.0,0.0,0.0,0.0,116,1462800635,2.0,0.005,0.015,0.8887908711968218,1.056698164174789,0.9938158378008134,0.9072044146162953,0.9951059077845019,0.9938069597391572,0.9738548478892929,1.0485178272085958,0.9685299826330444
Continuous,350.0,188.825,191.88663088158523,172.38833857488206,89.83863950441878,93.79042241236077,1049.9502588330233,0.0,1,99.99999999999999,133.47065191701947,2.842068529745979,-1.2533710495842858,116,1462800635,2.0,0.005,0.015,0.8887908711968218,1.056698164174789,0.9938158378008134,0.9072044146162953,0.9951059077845019,0.9938069597391572,0.9738548478892929,1.0485178272085958,0.9685299826330444
T-APIC,350.0,188.825,194.37551646991008,174.27065778286988,89.65669182406907,104.21383489002264,1027.492432211096,0.0,7,26.923076923076923,22.382174056621977,0.861228560716798,-0.17135705348979888,116,1462800635,2.0,0.005,0.015,0.8887908711968218,1.056698164174789,0.9938158378008134,0.9072044146162953,0.9951059077845019,0.9938069597391572,0.9738548478892929,1.0485178272085958,0.9685299826330444
E-APIC,350.0,188.825,195.8746656547839,177.54030737479212,90.63975005715908,104.21383489002264,1045.1836886857193,0.0,6,21.89349112426035,34.00593217346085,0.7785560958166329,-0.005034371778800269,116,1462800635,2.0,0.005,0.015,0.8887908711968218,1.056698164174789,0.9938158378008134,0.9072044146162953,0.9951059077845019,0.9938069597391572,0.9738548478892929,1.0485178272085958,0.9685299826330444
ME-APIC,350.0,188.825,193.0736407567851,173.43253113663744,89.82714080329093,103.1973832807244,1031.5675039489824,0.0,7,22.781065088757394,24.68421044927487,0.8262110487287122,-0.475330566270175,116,1462800635,2.0,0.005,0.015,0.8887908711968218,1.056698164174789,0.9938158378008134,0.9072044146162953,0.9951059077845019,0.9938069597391572,0.9738548478892929,1.0485178272085958,0.9685299826330444
Passive,300.0,157.3,168.25022064210773,98.26681880538743,58.40516489687999,85.29423464956284,461.5444926747663,0.0,0,0.0,0.0,0.0,0.0,117,1045439405,2.0,0.005,0.015,1.0053958122015527,0.9647988893437953,0.9936512254152761,0.9304060707946573,0.9255041809750693,1.004390490743458,1.0463536311933912,0.9407790026768418,0.955608308282949
Continuous,300.0,157.3,165.46510354648314,93.11680950974856,56.27579925551481,91.67964976356042,462.20987505977047,0.0,1,100.0,80.22411401679445,1.7360323226908256,-0.6546559825353755,117,1045439405,2.0,0.005,0.015,1.0053958122015527,0.9647988893437953,0.9936512254152761,0.9304060707946573,0.9255041809750693,1.004390490743458,1.0463536311933912,0.9407790026768418,0.955608308282949
T-APIC,300.0,157.3,168.1864370803681,96.7359804904456,57.51711146851882,91.11070605670791,463.0045258711124,0.0,8,27.594936708860757,24.026104439615008,0.6454916038810972,-0.20983055086876987,117,1045439405,2.0,0.005,0.015,1.0053958122015527,0.9647988893437953,0.9936512254152761,0.9304060707946573,0.9255041809750693,1.004390490743458,1.0463536311933912,0.9407790026768418,0.955608308282949
E-APIC,300.0,157.3,169.23178247122584,96.68228006347039,57.13009616258642,91.11070591570972,463.6490032730094,0.0,6,18.73417721518987,17.54273972654611,0.4527077173781107,-0.009882363152093373,117,1045439405,2.0,0.005,0.015,1.0053958122015527,0.9647988893437953,0.9936512254152761,0.9304060707946573,0.9255041809750693,1.004390490743458,1.0463536311933912,0.9407790026768418,0.955608308282949
ME-APIC,300.0,157.3,168.19849883915563,97.00415015427582,57.67242325214725,90.14199217871109,458.4151291427077,0.0,7,22.531645569620252,16.83948056380727,0.5051782609238282,-0.1098679361344786,117,1045439405,2.0,0.005,0.015,1.0053958122015527,0.9647988893437953,0.9936512254152761,0.9304060707946573,0.9255041809750693,1.004390490743458,1.0463536311933912,0.9407790026768418,0.955608308282949
Passive,350.0,188.825,194.48920931033211,169.13615015345232,86.96428493550725,96.10063496602426,1023.7145087531401,0.0,0,0.0,0.0,0.0,0.0,117,1045439405,2.0,0.005,0.015,1.0053958122015527,0.9647988893437953,0.9936512254152761,0.9304060707946573,0.9255041809750693,1.004390490743458,1.0463536311933912,0.9407790026768418,0.955608308282949
Continuous,350.0,188.825,192.76577602591473,166.28660373738168,86.26355111657719,97.75163464495381,1010.7281855879799,0.0,1,99.99999999999999,139.1916285531031,2.941019772968688,-1.3306281765603802,117,1045439405,2.0,0.005,0.015,1.0053958122015527,0.9647988893437953,0.9936512254152761,0.9304060707946573,0.9255041809750693,1.004390490743458,1.0463536311933912,0.9407790026768418,0.955608308282949
T-APIC,350.0,188.825,195.40235281526748,168.61933259396938,86.29339931918904,103.89223478502562,996.5616798344558,0.0,7,26.923076923076923,23.281622855868886,0.8834825914196488,-0.21365492439192105,117,1045439405,2.0,0.005,0.015,1.0053958122015527,0.9647988893437953,0.9936512254152761,0.9304060707946573,0.9255041809750693,1.004390490743458,1.0463536311933912,0.9407790026768418,0.955608308282949
E-APIC,350.0,188.825,196.9542161069613,171.99248291459617,87.32612396638974,103.89223478502562,1014.3798366910258,0.0,6,21.89349112426035,34.609172723120516,0.7860579133728332,-0.01723869555840032,117,1045439405,2.0,0.005,0.015,1.0053958122015527,0.9647988893437953,0.9936512254152761,0.9304060707946573,0.9255041809750693,1.004390490743458,1.0463536311933912,0.9407790026768418,0.955608308282949
ME-APIC,350.0,188.825,194.14861522305986,167.63827888215621,86.34533843548378,101.84811578908337,998.5884358958657,0.0,7,23.076923076923073,28.40289175407259,0.8935678243681285,-0.4954736065271312,117,1045439405,2.0,0.005,0.015,1.0053958122015527,0.9647988893437953,0.9936512254152761,0.9304060707946573,0.9255041809750693,1.004390490743458,1.0463536311933912,0.9407790026768418,0.955608308282949
Passive,300.0,157.3,165.39959756109815,100.60662495242677,60.82640250394984,79.86096946902933,460.29961996400124,0.0,0,0.0,0.0,0.0,0.0,118,297221388,2.0,0.005,0.015,0.8335345719299709,1.0893938740228544,1.0846607577299836,1.0654202359708087,1.037621534973129,1.0831781253520547,0.9592142105472558,1.0990549408614767,0.9440291393002626
Continuous,300.0,157.3,163.68594758188297,96.30696522758335,58.836428325288175,88.16733648938536,462.8808490483749,0.0,1,100.0,72.69833240657812,1.6352913451919402,-0.48314364960474093,118,297221388,2.0,0.005,0.015,0.8335345719299709,1.0893938740228544,1.0846607577299836,1.0654202359708087,1.037621534973129,1.0831781253520547,0.9592142105472558,1.0990549408614767,0.9440291393002626
T-APIC,300.0,157.3,165.66612479129037,99.45763301997906,60.03498491032965,85.61875481658052,462.11220900443334,0.0,8,27.594936708860757,21.166849929220035,0.5972967817209023,-0.18132868250451914,118,297221388,2.0,0.005,0.015,0.8335345719299709,1.0893938740228544,1.0846607577299836,1.0654202359708087,1.037621534973129,1.0831781253520547,0.9592142105472558,1.0990549408614767,0.9440291393002626
E-APIC,300.0,157.3,166.57483438669286,99.45131251521062,59.70368386159744,85.61871394879408,463.48081901508556,0.0,6,18.73417721518987,15.748904193596301,0.4420571723698338,0.0028251904105295166,118,297221388,2.0,0.005,0.015,0.8335345719299709,1.0893938740228544,1.0846607577299836,1.0654202359708087,1.037621534973129,1.0831781253520547,0.9592142105472558,1.0990549408614767,0.9440291393002626
ME-APIC,300.0,157.3,165.5209421576025,99.57980281206832,60.161452390267556,84.52332220321927,458.6724369317082,0.0,7,22.78481012658228,14.924772262620788,0.49304193148628617,-0.06848739807428533,118,297221388,2.0,0.005,0.015,0.8335345719299709,1.0893938740228544,1.0846607577299836,1.0654202359708087,1.037621534973129,1.0831781253520547,0.9592142105472558,1.0990549408614767,0.9440291393002626
Passive,350.0,188.825,190.4027171571604,171.65675461597934,90.15457194042669,89.36949401715792,1028.8508474328762,0.0,0,0.0,0.0,0.0,0.0,118,297221388,2.0,0.005,0.015,0.8335345719299709,1.0893938740228544,1.0846607577299836,1.0654202359708087,1.037621534973129,1.0831781253520547,0.9592142105472558,1.0990549408614767,0.9440291393002626
Continuous,350.0,188.825,189.9362793780187,170.36405833642382,89.69537515124141,97.52641938039662,1008.0083897775781,0.0,1,99.99999999999999,126.63570162728514,2.7695626507149185,-1.1054589185433636,118,297221388,2.0,0.005,0.015,0.8335345719299709,1.0893938740228544,1.0846607577299836,1.0654202359708087,1.037621534973129,1.0831781253520547,0.9592142105472558,1.0990549408614767,0.9440291393002626
T-APIC,350.0,188.825,191.71113007258043,171.89989274366923,89.66609955227388,96.26796839479167,1011.4519712804911,0.0,7,26.923076923076923,21.521178293655616,0.8291551938646079,-0.13417743906966134,118,297221388,2.0,0.005,0.015,0.8335345719299709,1.0893938740228544,1.0846607577299836,1.0654202359708087,1.037621534973129,1.0831781253520547,0.9592142105472558,1.0990549408614767,0.9440291393002626
E-APIC,350.0,188.825,193.03159610910507,174.74191658536188,90.52503326273822,96.26796839479167,1023.1270183161809,0.0,6,21.89349112426035,31.56120004670929,0.7355560417647351,0.019404415608510365,118,297221388,2.0,0.005,0.015,0.8335345719299709,1.0893938740228544,1.0846607577299836,1.0654202359708087,1.037621534973129,1.0831781253520547,0.9592142105472558,1.0990549408614767,0.9440291393002626
ME-APIC,350.0,188.825,190.18462377972853,170.69957418109973,89.75466617049109,94.61751387866848,1011.4090719455754,0.0,7,22.928994082840234,23.46187892989213,0.7963278876949222,-0.48870356517816743,118,297221388,2.0,0.005,0.015,0.8335345719299709,1.0893938740228544,1.0846607577299836,1.0654202359708087,1.037621534973129,1.0831781253520547,0.9592142105472558,1.0990549408614767,0.9440291393002626
Passive,300.0,157.3,168.1773017895455,99.81649913124531,59.35194468523115,81.51131535328362,460.15029976936995,0.0,0,0.0,0.0,0.0,0.0,119,1614884975,2.0,0.005,0.015,0.8739209833296079,0.9236526672345542,0.9379694227224427,1.0595123605333088,1.0889888217458814,0.9654911938948706,0.9429265451285992,0.9833519325005227,1.0359579699058483
Continuous,300.0,157.3,165.10331253455945,94.35613119272286,57.149750507260244,86.0832480041976,451.68598179647984,0.0,1,100.0,81.63795506886778,1.7454343842426643,-0.654231837957817,119,1614884975,2.0,0.005,0.015,0.8739209833296079,0.9236526672345542,0.9379694227224427,1.0595123605333088,1.0889888217458814,0.9654911938948706,0.9429265451285992,0.9833519325005227,1.0359579699058483
T-APIC,300.0,157.3,168.05775522130725,98.24759653932254,58.46061457261819,85.5845815082298,457.88191225421724,0.0,8,27.594936708860757,24.669093415983774,0.6480323802667993,-0.20373978327481734,119,1614884975,2.0,0.005,0.015,0.8739209833296079,0.9236526672345542,0.9379694227224427,1.0595123605333088,1.0889888217458814,0.9654911938948706,0.9429265451285992,0.9833519325005227,1.0359579699058483
E-APIC,300.0,157.3,168.2900810198632,96.828919333419,57.536914087046114,85.5845815082298,460.14057011211395,0.0,6,18.73417721518987,27.146908399217295,0.5578354477910791,-0.18095855765530092,119,1614884975,2.0,0.005,0.015,0.8739209833296079,0.9236526672345542,0.9379694227224427,1.0595123605333088,1.0889888217458814,0.9654911938948706,0.9429265451285992,0.9833519325005227,1.0359579699058483
ME-APIC,300.0,157.3,168.02739727524647,98.53043859021457,58.63950771600146,85.10897539662629,456.6026481401551,0.0,7,22.78481012658228,16.655723094392783,0.4985314363376194,-0.08846062095090933,119,1614884975,2.0,0.005,0.015,0.8739209833296079,0.9236526672345542,0.9379694227224427,1.0595123605333088,1.0889888217458814,0.9654911938948706,0.9429265451285992,0.9833519325005227,1.0359579699058483
Passive,350.0,188.825,192.94571597199658,167.50840754014664,86.81633935031662,96.3058393200525,1016.2495904404212,0.0,0,0.0,0.0,0.0,0.0,119,1614884975,2.0,0.005,0.015,0.8739209833296079,0.9236526672345542,0.9379694227224427,1.0595123605333088,1.0889888217458814,0.9654911938948706,0.9429265451285992,0.9833519325005227,1.0359579699058483
Continuous,350.0,188.825,190.91157880972813,164.5544697210529,86.19407515615173,91.09872493612072,1010.5207453165311,0.0,1,99.99999999999999,140.82417640054837,2.9330107959446066,-1.374705686174022,119,1614884975,2.0,0.005,0.015,0.8739209833296079,0.9236526672345542,0.9379694227224427,1.0595123605333088,1.0889888217458814,0.9654911938948706,0.9429265451285992,0.9833519325005227,1.0359579699058483
T-APIC,350.0,188.825,193.76656971563287,166.80233471032736,86.08416557877987,99.75939373166258,988.7349468151612,0.0,7,26.923076923076923,23.170109356605224,0.8877759149123579,-0.2161713603946958,119,1614884975,2.0,0.005,0.015,0.8739209833296079,0.9236526672345542,0.9379694227224427,1.0595123605333088,1.0889888217458814,0.9654911938948706,0.9429265451285992,0.9833519325005227,1.0359579699058483
E-APIC,350.0,188.825,193.4326004514364,168.3870285746622,87.05204199378883,98.76089789292378,994.4137188550663,0.0,7,27.36686390532544,48.4676492967842,1.253272677154701,-0.5466477505431281,119,1614884975,2.0,0.005,0.015,0.8739209833296079,0.9236526672345542,0.9379694227224427,1.0595123605333088,1.0889888217458814,0.9654911938948706,0.9429265451285992,0.9833519325005227,1.0359579699058483
ME-APIC,350.0,188.825,192.5266572104788,166.044249073931,86.24480966934568,99.26334695955995,990.4949334085784,0.0,7,23.076923076923073,28.476995375442158,0.8873554314078047,-0.5111187530875265,119,1614884975,2.0,0.005,0.015,0.8739209833296079,0.9236526672345542,0.9379694227224427,1.0595123605333088,1.0889888217458814,0.9654911938948706,0.9429265451285992,0.9833519325005227,1.0359579699058483
Passive,300.0,157.3,167.49130054516567,100.0504027919296,59.73468619938862,83.1372760370654,471.66079755988835,0.0,0,0.0,0.0,0.0,0.0,120,7507427,2.0,0.005,0.015,0.9372395997012385,0.9325803569520785,1.0831674832012594,1.0401127621562734,1.0232769280670586,0.9020492548959672,0.9825577823033854,0.9937016268370384,1.0996645204091449
Continuous,300.0,157.3,164.28482131678336,94.51878052443078,57.533483475125365,87.84614360243143,464.7609687845347,0.0,1,100.0,83.41677841895364,1.7678699532450448,-0.6731859151168232,120,7507427,2.0,0.005,0.015,0.9372395997012385,0.9325803569520785,1.0831674832012594,1.0401127621562734,1.0232769280670586,0.9020492548959672,0.9825577823033854,0.9937016268370384,1.0996645204091449
T-APIC,300.0,157.3,167.16144257212252,98.42688756870933,58.88133414871832,87.47827282970887,467.2096272757102,0.0,8,27.594936708860757,23.71436736100688,0.627210215597447,-0.28823170750291477,120,7507427,2.0,0.005,0.015,0.9372395997012385,0.9325803569520785,1.0831674832012594,1.0401127621562734,1.0232769280670586,0.9020492548959672,0.9825577823033854,0.9937016268370384,1.0996645204091449
E-APIC,300.0,157.3,168.34665966842994,98.5027379323243,58.51184581050319,87.47827282970887,472.041309672024,0.0,6,18.73417721518987,15.719562216475863,0.40960139222348896,-0.043122585705716004,120,7507427,2.0,0.005,0.015,0.9372395997012385,0.9325803569520785,1.0831674832012594,1.0401127621562734,1.0232769280670586,0.9020492548959672,0.9825577823033854,0.9937016268370384,1.0996645204091449
ME-APIC,300.0,157.3,167.21665788929113,98.61848507040652,58.97647179128452,87.12035422127666,467.13771608531295,0.0,7,22.78481012658228,18.29391271824448,0.5506258437915007,-0.10942322599012246,120,7507427,2.0,0.005,0.015,0.9372395997012385,0.9325803569520785,1.0831674832012594,1.0401127621562734,1.0232769280670586,0.9020492548959672,0.9825577823033854,0.9937016268370384,1.0996645204091449
Passive,350.0,188.825,191.810005418311,164.73071236400204,85.88223122393809,93.2827004136593,984.5323640010967,0.0,0,0.0,0.0,0.0,0.0,120,7507427,2.0,0.005,0.015,0.9372395997012385,0.9325803569520785,1.0831674832012594,1.0401127621562734,1.0232769280670586,0.9020492548959672,0.9825577823033854,0.9937016268370384,1.0996645204091449
Continuous,350.0,188.825,189.59475423938565,161.82721576241113,85.35426858808829,94.52955038497011,981.3598893490489,0.0,1,99.99999999999999,141.02540613280348,2.9435846191797004,-1.436746702308173,120,7507427,2.0,0.005,0.015,0.9372395997012385,0.9325803569520785,1.0831674832012594,1.0401127621562734,1.0232769280670586,0.9020492548959672,0.9825577823033854,0.9937016268370384,1.0996645204091449
T-APIC,350.0,188.825,192.41452140212965,164.4023231039588,85.44174416044838,99.70605941151142,957.0113107792764,0.0,7,26.923076923076923,22.41446018159124,0.8392182946891618,-0.2743416021527685,120,7507427,2.0,0.005,0.015,0.9372395997012385,0.9325803569520785,1.0831674832012594,1.0401127621562734,1.0232769280670586,0.9020492548959672,0.9825577823033854,0.9937016268370384,1.0996645204091449
E-APIC,350.0,188.825,194.04705116387058,167.83896352917347,86.49395212269178,99.70605941151142,974.7227024082421,0.0,6,21.89349112426035,36.168852390794264,0.7942034785805021,-0.08661101998610234,120,7507427,2.0,0.005,0.015,0.9372395997012385,0.9325803569520785,1.0831674832012594,1.0401127621562734,1.0232769280670586,0.9020492548959672,0.9825577823033854,0.9937016268370384,1.0996645204091449
ME-APIC,350.0,188.825,191.28783707555505,163.49237579224555,85.46930023975816,98.21157531143623,959.6997814829998,0.0,7,23.076923076923073,29.41582972620219,0.8817481846871958,-0.566240699737451,120,7507427,2.0,0.005,0.015,0.9372395997012385,0.9325803569520785,1.0831674832012594,1.0401127621562734,1.0232769280670586,0.9020492548959672,0.9825577823033854,0.9937016268370384,1.0996645204091449
Passive,300.0,157.3,165.12069391727016,96.39700141893167,58.379721603658666,84.41893560426392,467.1448987638288,0.0,0,0.0,0.0,0.0,0.0,121,1032469069,2.0,0.005,0.015,0.8364011728993331,0.9066916932781749,0.9352519426263611,1.0216023947749986,0.9722904590917946,1.021801089182113,0.9417596194176309,1.0862989419045632,1.0491786538453869
Continuous,300.0,157.3,162.8166675617998,91.50456065833599,56.20097870115411,89.87082696597787,459.0136080256891,0.0,1,100.0,74.81333515272712,1.6112450226022121,-0.5460998596606703,121,1032469069,2.0,0.005,0.015,0.8364011728993331,0.9066916932781749,0.9352519426263611,1.0216023947749986,0.9722904590917946,1.021801089182113,0.9417596194176309,1.0862989419045632,1.0491786538453869
T-APIC,300.0,157.3,165.18598096794608,94.93446116381274,57.47125791639336,89.3556777178046,464.75479436969766,0.0,8,27.594936708860757,22.951473987553396,0.6137276257229503,-0.17230002866852653,121,1032469069,2.0,0.005,0.015,0.8364011728993331,0.9066916932781749,0.9352519426263611,1.0216023947749986,0.9722904590917946,1.021801089182113,0.9417596194176309,1.0862989419045632,1.0491786538453869
E-APIC,300.0,157.3,165.39211082039205,93.68457615062249,56.6439207323253,89.3556777178046,467.40075479605,0.0,6,18.73417721518987,25.510409324716075,0.5421701779946184,-0.15353583294164538,121,1032469069,2.0,0.005,0.015,0.8364011728993331,0.9066916932781749,0.9352519426263611,1.0216023947749986,0.9722904590917946,1.021801089182113,0.9417596194176309,1.0862989419045632,1.0491786538453869
ME-APIC,300.0,157.3,165.08334647804642,95.21278887495325,57.675586851284905,88.87181178270673,463.93651142189816,0.0,7,22.40506329113924,14.759306030003193,0.45163321623466623,-0.08596410047311463,121,1032469069,2.0,0.005,0.015,0.8364011728993331,0.9066916932781749,0.9352519426263611,1.0216023947749986,0.9722904590917946,1.021801089182113,0.9417596194176309,1.0862989419045632,1.0491786538453869
Passive,350.0,188.825,189.88631845630874,162.37046151028977,85.50929989600586,95.38546485007879,973.1386401573263,0.0,0,0.0,0.0,0.0,0.0,121,1032469069,2.0,0.005,0.015,0.8364011728993331,0.9066916932781749,0.9352519426263611,1.0216023947749986,0.9722904590917946,1.021801089182113,0.9417596194176309,1.0862989419045632,1.0491786538453869
Continuous,350.0,188.825,188.6043695338837,160.19202415805438,84.93547872403619,90.22777931162943,979.1550766678647,0.0,1,99.99999999999999,133.56550102786582,2.821200437374802,-1.186413126415584,121,1032469069,2.0,0.005,0.015,0.8364011728993331,0.9066916932781749,0.9352519426263611,1.0216023947749986,0.9722904590917946,1.021801089182113,0.9417596194176309,1.0862989419045632,1.0491786538453869
T-APIC,350.0,188.825,190.90125263839454,162.0191303147026,84.87064808401206,101.27662501697576,956.3658992809944,0.0,7,26.923076923076923,22.290800828860977,0.8531386344568634,-0.16694013325674187,121,1032469069,2.0,0.005,0.015,0.8364011728993331,0.9066916932781749,0.9352519426263611,1.0216023947749986,0.9722904590917946,1.021801089182113,0.9417596194176309,1.0862989419045632,1.0491786538453869
E-APIC,350.0,188.825,191.14393301854295,163.37017271026002,85.46971391156391,101.98962541268307,961.90839378371,0.0,7,27.36686390532544,50.734443757847856,1.1815316917053933,-0.4722926860013313,121,1032469069,2.0,0.005,0.015,0.8364011728993331,0.9066916932781749,0.9352519426263611,1.0216023947749986,0.9722904590917946,1.021801089182113,0.9417596194176309,1.0862989419045632,1.0491786538453869
ME-APIC,350.0,188.825,189.6221724048905,161.26298787850368,85.04437315176787,101.00210988425229,955.9102359857382,0.0,7,22.928994082840234,25.747361479235586,0.8135522879059217,-0.4693333858746866,121,1032469069,2.0,0.005,0.015,0.8364011728993331,0.9066916932781749,0.9352519426263611,1.0216023947749986,0.9722904590917946,1.021801089182113,0.9417596194176309,1.0862989419045632,1.0491786538453869
Passive,300.0,157.3,166.20805814475958,98.23244332435108,59.1020943393702,83.7187927712047,461.9125953048401,0.0,0,0.0,0.0,0.0,0.0,122,1555165013,2.0,0.005,0.015,0.9011522592124397,0.9672386761551252,1.0930697927844482,0.9377439049923925,0.9421520599790756,1.081107891926672,1.04954630316461,1.0396554009876984,0.9891210408815092
Continuous,300.0,157.3,164.23348367337897,93.59844007720488,56.99108244172044,86.89803211349567,463.49265426596963,0.0,1,100.0,73.77814781656387,1.6230110231414312,-0.5544256936203024,122,1555165013,2.0,0.005,0.015,0.9011522592124397,0.9672386761551252,1.0930697927844482,0.9377439049923925,0.9421520599790756,1.081107891926672,1.04954630316461,1.0396554009876984,0.9891210408815092
T-APIC,300.0,157.3,166.4305796012715,96.88746470107118,58.214941588974064,86.69236585775677,463.5783997174489,0.0,8,27.594936708860757,22.27069465120976,0.6089707329286355,-0.1669991447907766,122,1555165013,2.0,0.005,0.015,0.9011522592124397,0.9672386761551252,1.0930697927844482,0.9377439049923925,0.9421520599790756,1.081107891926672,1.04954630316461,1.0396554009876984,0.9891210408815092
E-APIC,300.0,157.3,167.3531551895599,96.76956623143839,57.82356844233267,86.69236585775677,460.40845432147984,0.0,6,18.73417721518987,17.059484427432526,0.4576688898258732,0.01354502602749612,122,1555165013,2.0,0.005,0.015,0.9011522592124397,0.9672386761551252,1.0930697927844482,0.9377439049923925,0.9421520599790756,1.081107891926672,1.04954630316461,1.0396554009876984,0.9891210408815092
ME-APIC,300.0,157.3,166.31711707989578,97.12500020725821,58.39747700809478,86.4465902640196,455.3525955349866,0.0,7,22.658227848101262,14.927140170403378,0.4656079185248441,-0.09340129895321286,122,1555165013,2.0,0.005,0.015,0.9011522592124397,0.9672386761551252,1.0930697927844482,0.9377439049923925,0.9421520599790756,1.081107891926672,1.04954630316461,1.0396554009876984,0.9891210408815092
Passive,350.0,188.825,191.15559959054386,165.82926892106178,86.75093446190894,94.14601584866833,994.8719641434581,0.0,0,0.0,0.0,0.0,0.0,122,1555165013,2.0,0.005,0.015,0.9011522592124397,0.9672386761551252,1.0930697927844482,0.9377439049923925,0.9421520599790756,1.081107891926672,1.04954630316461,1.0396554009876984,0.9891210408815092
Continuous,350.0,188.825,190.32468495295058,163.99367144506988,86.16521366401322,96.27131383735133,995.5169135206592,0.0,1,99.99999999999999,130.81283748206772,2.833905289038003,-1.1389445355037862,122,1555165013,2.0,0.005,0.015,0.9011522592124397,0.9672386761551252,1.0930697927844482,0.9377439049923925,0.9421520599790756,1.081107891926672,1.04954630316461,1.0396554009876984,0.9891210408815092
T-APIC,350.0,188.825,192.34570259248298,165.74714928770777,86.17148553553662,101.55212186844261,970.4611489395065,0.0,7,26.923076923076923,22.694552762567422,0.855703301638883,-0.15494374892939178,122,1555165013,2.0,0.005,0.015,0.9011522592124397,0.9672386761551252,1.0930697927844482,0.9377439049923925,0.9421520599790756,1.081107891926672,1.04954630316461,1.0396554009876984,0.9891210408815092
E-APIC,350.0,188.825,193.7414530357958,168.7907428792241,87.1216460052244,101.55212186844261,985.2167142267532,0.0,6,21.89349112426035,33.38604374779434,0.7645813645927293,0.01746312523758116,122,1555165013,2.0,0.005,0.015,0.9011522592124397,0.9672386761551252,1.0930697927844482,0.9377439049923925,0.9421520599790756,1.081107891926672,1.04954630316461,1.0396554009876984,0.9891210408815092
ME-APIC,350.0,188.825,190.9521961407409,164.5868566505129,86.19270161690339,99.76052717178962,971.0733631418715,0.0,7,23.076923076923073,25.94444512666281,0.8359904344282133,-0.4676365579787941,122,1555165013,2.0,0.005,0.015,0.9011522592124397,0.9672386761551252,1.0930697927844482,0.9377439049923925,0.9421520599790756,1.081107891926672,1.04954630316461,1.0396554009876984,0.9891210408815092
Passive,300.0,157.3,165.8529321909646,97.93003484157242,59.046309008763785,80.78677615768785,469.8024197408624,0.0,0,0.0,0.0,0.0,0.0,123,1233041592,2.0,0.005,0.015,1.1877188146341224,1.0433296538092431,1.008504791774767,0.9225883736114726,0.9197061630964486,1.024528383104362,0.9446051040600044,1.0617750622012434,1.0305244104222728
Continuous,300.0,157.3,163.66571756582323,93.43254364799229,57.08742492783531,86.00638550842285,471.70490942589186,0.0,1,100.0,75.97058069651625,1.6678395192381352,-0.5581128265352556,123,1233041592,2.0,0.005,0.015,1.1877188146341224,1.0433296538092431,1.008504791774767,0.9225883736114726,0.9197061630964486,1.024528383104362,0.9446051040600044,1.0617750622012434,1.0305244104222728
T-APIC,300.0,157.3,166.03444749526824,96.6695573517169,58.22259104061635,85.30959839561851,476.9525000964276,0.0,8,27.594936708860757,23.184506975596573,0.6235553553701287,-0.17173302779206634,123,1233041592,2.0,0.005,0.015,1.1877188146341224,1.0433296538092431,1.008504791774767,0.9225883736114726,0.9197061630964486,1.024528383104362,0.9446051040600044,1.0617750622012434,1.0305244104222728
E-APIC,300.0,157.3,165.93117467338928,95.82278654367578,57.748513341322756,85.30959839561851,475.20297091981007,0.0,6,18.73417721518987,20.97485421609965,0.4974911952598437,-0.20263683397733842,123,1233041592,2.0,0.005,0.015,1.1877188146341224,1.0433296538092431,1.008504791774767,0.9225883736114726,0.9197061630964486,1.024528383104362,0.9446051040600044,1.0617750622012434,1.0305244104222728
ME-APIC,300.0,157.3,165.85796183434056,96.82205768504036,58.37649071182156,84.71031843047912,474.8852373807161,0.0,7,22.658227848101262,15.350377380648288,0.47895556462347433,-0.09988010857231815,123,1233041592,2.0,0.005,0.015,1.1877188146341224,1.0433296538092431,1.008504791774767,0.9225883736114726,0.9197061630964486,1.024528383104362,0.9446051040600044,1.0617750622012434,1.0305244104222728
Passive,350.0,188.825,192.30735638195705,171.46816721040383,89.16360270162373,96.18823875052358,1024.4081840316294,0.0,0,0.0,0.0,0.0,0.0,123,1233041592,2.0,0.005,0.015,1.1877188146341224,1.0433296538092431,1.008504791774767,0.9225883736114726,0.9197061630964486,1.024528383104362,0.9446051040600044,1.0617750622012434,1.0305244104222728
Continuous,350.0,188.825,191.23428566747458,169.6368399534235,88.70628996329376,88.8997037835565,1026.3398928328606,0.0,1,99.99999999999999,132.43044296391105,2.829134076046073,-1.190042949567523,123,1233041592,2.0,0.005,0.015,1.1877188146341224,1.0433296538092431,1.008504791774767,0.9225883736114726,0.9197061630964486,1.024528383104362,0.9446051040600044,1.0617750622012434,1.0305244104222728
T-APIC,350.0,188.825,193.5170883495842,171.53302938694756,88.63973246490617,99.85257678794467,999.2093878342823,0.0,7,26.923076923076923,21.806245171964456,0.8413445554937,-0.14379494602045662,123,1233041592,2.0,0.005,0.015,1.1877188146341224,1.0433296538092431,1.008504791774767,0.9225883736114726,0.9197061630964486,1.024528383104362,0.9446051040600044,1.0617750622012434,1.0305244104222728
E-APIC,350.0,188.825,194.9762793039312,174.57309836538207,89.53555734503252,100.1473679375976,1014.2654924520238,0.0,6,21.89349112426035,34.33133407831466,0.7562921118301501,0.03137796059942889,123,1233041592,2.0,0.005,0.015,1.1877188146341224,1.0433296538092431,1.008504791774767,0.9225883736114726,0.9197061630964486,1.024528383104362,0.9446051040600044,1.0617750622012434,1.0305244104222728
ME-APIC,350.0,188.825,191.8730854990743,170.3060520074558,88.75974009824189,99.50182187307153,1001.0113025376146,0.0,7,22.781065088757394,24.556276758134203,0.8314998043221957,-0.520571365052791,123,1233041592,2.0,0.005,0.015,1.1877188146341224,1.0433296538092431,1.008504791774767,0.9225883736114726,0.9197061630964486,1.024528383104362,0.9446051040600044,1.0617750622012434,1.0305244104222728
Passive,300.0,157.3,168.65358248456295,98.91949672016803,58.65247287541149,83.63097000935126,473.0759335456878,0.0,0,0.0,0.0,0.0,0.0,124,813507940,2.0,0.005,0.015,1.0561855886427014,0.9270480797845527,0.9906357269671866,1.0480077963011565,0.9138584925096891,1.0177570630157302,0.9137381996677932,0.9130223078122196,1.043880951344913
Continuous,300.0,157.3,166.0278325895887,93.5849144028415,56.36700361810905,91.57783966457707,473.8922339524701,0.0,1,100.0,80.24301227485131,1.7285988907852916,-0.6217035888849951,124,813507940,2.0,0.005,0.015,1.0561855886427014,0.9270480797845527,0.9906357269671866,1.0480077963011565,0.9138584925096891,1.0177570630157302,0.9137381996677932,0.9130223078122196,1.043880951344913
T-APIC,300.0,157.3,168.64318115225413,97.33102787800803,57.714179258831585,89.62503556354125,474.8754340959312,0.0,8,27.594936708860757,23.518315399328475,0.6410737880566239,-0.21879391324465447,124,813507940,2.0,0.005,0.015,1.0561855886427014,0.9270480797845527,0.9906357269671866,1.0480077963011565,0.9138584925096891,1.0177570630157302,0.9137381996677932,0.9130223078122196,1.043880951344913
E-APIC,300.0,157.3,168.7394559821695,96.27416765931493,57.054923579632806,89.62500918512522,466.9491587178221,0.0,7,23.41772151898734,19.47155896007537,0.5573367739573124,-0.21219529640519483,124,813507940,2.0,0.005,0.015,1.0561855886427014,0.9270480797845527,0.9906357269671866,1.0480077963011565,0.9138584925096891,1.0177570630157302,0.9137381996677932,0.9130223078122196,1.043880951344913
ME-APIC,300.0,157.3,168.11336738819793,97.09215982890758,57.75397955399218,88.45894166163812,471.6487467140082,0.0,7,22.78481012658228,15.625209760729112,0.5945342933231724,-0.16227436122876976,124,813507940,2.0,0.005,0.015,1.0561855886427014,0.9270480797845527,0.9906357269671866,1.0480077963011565,0.9138584925096891,1.0177570630157302,0.9137381996677932,0.9130223078122196,1.043880951344913
Passive,350.0,188.825,194.53060750146403,167.22660377628807,85.96416056276878,93.03984452526676,1002.6094558289866,0.0,0,0.0,0.0,0.0,0.0,124,813507940,2.0,0.005,0.015,1.0561855886427014,0.9270480797845527,0.9906357269671866,1.0480077963011565,0.9138584925096891,1.0177570630157302,0.9137381996677932,0.9130223078122196,1.043880951344913
Continuous,350.0,188.825,192.9234476351182,164.32458079006258,85.17605444251363,91.92132599058493,995.300772695026,0.0,1,99.99999999999999,139.08883163754243,2.959542745069403,-1.3192417146447355,124,813507940,2.0,0.005,0.015,1.0561855886427014,0.9270480797845527,0.9906357269671866,1.0480077963011565,0.9138584925096891,1.0177570630157302,0.9137381996677932,0.9130223078122196,1.043880951344913
T-APIC,350.0,188.825,195.51750030794437,166.79879007109355,85.31143749709452,100.32289654297628,974.0067443319905,0.0,7,26.923076923076923,22.2297560246739,0.8828228434099588,-0.19393428147596375,124,813507940,2.0,0.005,0.015,1.0561855886427014,0.9270480797845527,0.9906357269671866,1.0480077963011565,0.9138584925096891,1.0177570630157302,0.9137381996677932,0.9130223078122196,1.043880951344913
E-APIC,350.0,188.825,197.08539455972473,169.9639538731949,86.23873638778903,100.32289654297628,991.3211479286713,0.0,6,21.89349112426035,34.534361503746325,0.7929326143815245,-0.007984390188343257,124,813507940,2.0,0.005,0.015,1.0561855886427014,0.9270480797845527,0.9906357269671866,1.0480077963011565,0.9138584925096891,1.0177570630157302,0.9137381996677932,0.9130223078122196,1.043880951344913
ME-APIC,350.0,188.825,194.2848329499818,165.8556912210543,85.36728714369252,98.51854484712676,976.7491378025763,0.0,7,23.076923076923073,29.689104804872294,0.906869894057188,-0.4935833768379552,124,813507940,2.0,0.005,0.015,1.0561855886427014,0.9270480797845527,0.9906357269671866,1.0480077963011565,0.9138584925096891,1.0177570630157302,0.9137381996677932,0.9130223078122196,1.043880951344913
Passive,300.0,157.3,168.66134905381463,101.02600123571844,59.89872712537367,80.87529584693641,468.74990267357305,0.0,0,0.0,0.0,0.0,0.0,125,1999615274,2.0,0.005,0.015,1.1170229310436994,1.0205587557505205,1.029219967754283,0.976315376079058,0.9799174719150721,1.0686093235418457,1.0650214669431228,0.9524275790074456,1.0199789960032608
Continuous,300.0,157.3,166.3697067656896,96.17293263135154,57.80675731237465,88.73352250645446,472.4692798937283,0.0,1,100.0,76.89380342557958,1.696679252994361,-0.5991779337573337,125,1999615274,2.0,0.005,0.015,1.1170229310436994,1.0205587557505205,1.029219967754283,0.976315376079058,0.9799174719150721,1.0686093235418457,1.0650214669431228,0.9524275790074456,1.0199789960032608
T-APIC,300.0,157.3,168.7745487094534,99.61286364059498,59.02125907151987,86.78836215638513,472.2686699901958,0.0,8,27.594936708860757,23.657661800599417,0.6471389001972001,-0.19436954098271014,125,1999615274,2.0,0.005,0.015,1.1170229310436994,1.0205587557505205,1.029219967754283,0.976315376079058,0.9799174719150721,1.0686093235418457,1.0650214669431228,0.9524275790074456,1.0199789960032608
E-APIC,300.0,157.3,168.32824316072185,98.94950314600088,58.78366059552032,86.78836197509341,468.1298160732526,0.0,6,18.73417721518987,18.231637808681736,0.550233495089904,-0.29280288602032656,125,1999615274,2.0,0.005,0.015,1.1170229310436994,1.0205587557505205,1.029219967754283,0.976315376079058,0.9799174719150721,1.0686093235418457,1.0650214669431228,0.9524275790074456,1.0199789960032608
ME-APIC,300.0,157.3,168.69267432535895,99.76305217342832,59.13893568431697,85.75581536702386,465.23360396568205,0.0,7,22.78481012658228,16.67324977194343,0.512879829962812,-0.1033388476135902,125,1999615274,2.0,0.005,0.015,1.1170229310436994,1.0205587557505205,1.029219967754283,0.976315376079058,0.9799174719150721,1.0686093235418457,1.0650214669431228,0.9524275790074456,1.0199789960032608
Passive,350.0,188.825,194.6064549148549,172.5831578249568,88.68316207726313,89.94411601611004,1045.8788347633285,0.0,0,0.0,0.0,0.0,0.0,125,1999615274,2.0,0.005,0.015,1.1170229310436994,1.0205587557505205,1.029219967754283,0.976315376079058,0.9799174719150721,1.0686093235418457,1.0650214669431228,0.9524275790074456,1.0199789960032608
Continuous,350.0,188.825,193.4479144024836,170.38092909544966,88.07586766790295,96.31262587228589,1026.5155790294887,0.0,1,99.99999999999999,135.070446694227,2.913459459301165,-1.2410277633189477,125,1999615274,2.0,0.005,0.015,1.1170229310436994,1.0205587557505205,1.029219967754283,0.976315376079058,0.9799174719150721,1.0686093235418457,1.0650214669431228,0.9524275790074456,1.0199789960032608
T-APIC,350.0,188.825,195.78465086652784,172.43493425650382,88.07377569861583,97.22514065656421,1018.9860605095344,0.0,7,26.923076923076923,22.743333258421842,0.8774307700838485,-0.1655744722282649,125,1999615274,2.0,0.005,0.015,1.1170229310436994,1.0205587557505205,1.029219967754283,0.976315376079058,0.9799174719150721,1.0686093235418457,1.0650214669431228,0.9524275790074456,1.0199789960032608
E-APIC,350.0,188.825,195.30678569223184,173.9490103677747,89.06449909113084,97.22514065656421,1025.5634094538268,0.0,7,27.36686390532544,50.33716764330393,1.3316733238785734,-0.5651335867601924,125,1999615274,2.0,0.005,0.015,1.1170229310436994,1.0205587557505205,1.029219967754283,0.976315376079058,0.9799174719150721,1.0686093235418457,1.0650214669431228,0.9524275790074456,1.0199789960032608
ME-APIC,350.0,188.825,194.3440463522435,171.24759336750208,88.11568791622271,95.4515526127993,1020.1408340476125,0.0,7,23.076923076923073,27.989612621037523,0.8856978619281277,-0.49533948294331626,125,1999615274,2.0,0.005,0.015,1.1170229310436994,1.0205587557505205,1.029219967754283,0.976315376079058,0.9799174719150721,1.0686093235418457,1.0650214669431228,0.9524275790074456,1.0199789960032608
Passive,300.0,157.3,167.8191487029512,99.67402624206804,59.39371461030132,79.78107661320072,472.55125172389796,0.0,0,0.0,0.0,0.0,0.0,126,698180593,2.0,0.005,0.015,1.073348122103739,1.0349710112869126,0.9819593470981164,1.0772543770557654,0.9296598128970102,1.0379991928528276,0.9922471211879376,0.9559268677892401,1.0509346668387987
Continuous,300.0,157.3,165.54487421179212,94.81486358883926,57.27441821456613,88.03328269849831,473.16545218293317,0.0,1,100.0,78.70772995843939,1.7326984040423004,-0.5793256843256926,126,698180593,2.0,0.005,0.015,1.073348122103739,1.0349710112869126,0.9819593470981164,1.0772543770557654,0.9296598128970102,1.0379991928528276,0.9922471211879376,0.9559268677892401,1.0509346668387987
T-APIC,300.0,157.3,167.91213416659215,98.26807808345472,58.52351205658499,85.51224364686529,478.4212126660157,0.0,8,27.594936708860757,23.212349449834765,0.6368237546677756,-0.21668812434599996,126,698180593,2.0,0.005,0.015,1.073348122103739,1.0349710112869126,0.9819593470981164,1.0772543770557654,0.9296598128970102,1.0379991928528276,0.9922471211879376,0.9559268677892401,1.0509346668387987
E-APIC,300.0,157.3,168.8565306320827,98.28989627972608,58.20911747493349,85.51220145948132,481.83504535033194,0.0,6,18.73417721518987,15.77032616712221,0.43874613651093897,-0.025932918162278176,126,698180593,2.0,0.005,0.015,1.073348122103739,1.0349710112869126,0.9819593470981164,1.0772543770557654,0.9296598128970102,1.0379991928528276,0.9922471211879376,0.9559268677892401,1.0509346668387987
ME-APIC,300.0,157.3,167.7703417321547,98.29792276189688,58.590762674149815,84.42490419494874,476.7146501333594,0.0,7,22.78481012658228,17.142749584351428,0.5356417881135946,-0.11569579032057864,126,698180593,2.0,0.005,0.015,1.073348122103739,1.0349710112869126,0.9819593470981164,1.0772543770557654,0.9296598128970102,1.0379991928528276,0.9922471211879376,0.9559268677892401,1.0509346668387987
Passive,350.0,188.825,194.38206332265455,172.07382110375966,88.52350785994824,89.50041683383571,1023.6768373074199,0.0,0,0.0,0.0,0.0,0.0,126,698180593,2.0,0.005,0.015,1.073348122103739,1.0349710112869126,0.9819593470981164,1.0772543770557654,0.9296598128970102,1.0379991928528276,0.9922471211879376,0.9559268677892401,1.0509346668387987
Continuous,350.0,188.825,193.2112342578742,169.69268542995673,87.82754588869928,95.71797116873302,1011.9873335240284,0.0,1,99.99999999999999,134.84114204328003,2.916791833846638,-1.261348738316513,126,698180593,2.0,0.005,0.015,1.073348122103739,1.0349710112869126,0.9819593470981164,1.0772543770557654,0.9296598128970102,1.0379991928528276,0.9922471211879376,0.9559268677892401,1.0509346668387987
T-APIC,350.0,188.825,195.55665249065166,172.0753390694598,87.99257753590646,96.37692688896202,1000.9781319318403,0.0,7,26.923076923076923,22.061255230599265,0.8602480417169512,-0.1748030322691931,126,698180593,2.0,0.005,0.015,1.073348122103739,1.0349710112869126,0.9819593470981164,1.0772543770557654,0.9296598128970102,1.0379991928528276,0.9922471211879376,0.9559268677892401,1.0509346668387987
E-APIC,350.0,188.825,196.92255026930738,174.97588077777843,88.85517709296619,96.37692688896202,1014.1846957249091,0.0,6,21.89349112426035,32.77935661554475,0.768480098318251,-0.016365249573943624,126,698180593,2.0,0.005,0.015,1.073348122103739,1.0349710112869126,0.9819593470981164,1.0772543770557654,0.9296598128970102,1.0379991928528276,0.9922471211879376,0.9559268677892401,1.0509346668387987
ME-APIC,350.0,188.825,194.04850858097305,170.69336203211728,87.964274129368,94.71471080699891,1000.139978949361,0.0,7,23.076923076923073,27.606922751654082,0.8738040453142448,-0.5236563796836496,126,698180593,2.0,0.005,0.015,1.073348122103739,1.0349710112869126,0.9819593470981164,1.0772543770557654,0.9296598128970102,1.0379991928528276,0.9922471211879376,0.9559268677892401,1.0509346668387987
Passive,300.0,157.3,168.8117947085944,100.43179191284015,59.4933500269973,82.14955420723324,461.7906919591256,0.0,0,0.0,0.0,0.0,0.0,127,666247880,2.0,0.005,0.015,0.8688974399969644,0.9997942631243171,1.0228758793315165,0.925495474199781,1.007740116045233,0.9900190098659797,1.0437192023769812,0.961001466727061,1.0428691016935636
Continuous,300.0,157.3,165.94259795240285,95.25629720770701,57.40316132391111,86.35775026064285,462.3619738005264,0.0,1,100.0,79.71466193878202,1.7220754487589842,-0.6654698306702181,127,666247880,2.0,0.005,0.015,0.8688974399969644,0.9997942631243171,1.0228758793315165,0.925495474199781,1.007740116045233,0.9900190098659797,1.0437192023769812,0.961001466727061,1.0428691016935636
T-APIC,300.0,157.3,168.81245240188895,98.9837816482739,58.635355532081775,86.14740803629985,468.36656359287065,0.0,8,27.594936708860757,24.02811043854511,0.6427312351987378,-0.19513424978530752,127,666247880,2.0,0.005,0.015,0.8688974399969644,0.9997942631243171,1.0228758793315165,0.925495474199781,1.007740116045233,0.9900190098659797,1.0437192023769812,0.961001466727061,1.0428691016935636
E-APIC,300.0,157.3,169.82108593779517,98.86489252201257,58.21708887094645,86.14740803629985,471.36807273210604,0.0,6,18.73417721518987,17.840769338941282,0.4541443259586935,-0.0005260949724682954,127,666247880,2.0,0.005,0.015,0.8688974399969644,0.9997942631243171,1.0228758793315165,0.925495474199781,1.007740116045233,0.9900190098659797,1.0437192023769812,0.961001466727061,1.0428691016935636
ME-APIC,300.0,157.3,168.73282853334447,99.21296068190205,58.798848774289276,85.7113942618567,465.8494048226906,0.0,7,22.78481012658228,16.33048249904199,0.4906895202352698,-0.10759281147482831,127,666247880,2.0,0.005,0.015,0.8688974399969644,0.9997942631243171,1.0228758793315165,0.925495474199781,1.007740116045233,0.9900190098659797,1.0437192023769812,0.961001466727061,1.0428691016935636
Passive,350.0,188.825,194.5537715739504,172.11895882712216,88.46857988651188,98.06743211221577,1041.4111718589065,0.0,0,0.0,0.0,0.0,0.0,127,666247880,2.0,0.005,0.015,0.8688974399969644,0.9997942631243171,1.0228758793315165,0.925495474199781,1.007740116045233,0.9900190098659797,1.0437192023769812,0.961001466727061,1.0428691016935636
Continuous,350.0,188.825,192.77299524016954,169.43973817578313,87.89599288255273,94.47318599239304,1039.0218686357023,0.0,1,99.99999999999999,138.26603940251263,2.9292097671214896,-1.3312498337773713,127,666247880,2.0,0.005,0.015,0.8688974399969644,0.9997942631243171,1.0228758793315165,0.925495474199781,1.007740116045233,0.9900190098659797,1.0437192023769812,0.961001466727061,1.0428691016935636
T-APIC,350.0,188.825,195.50380220405384,171.66358484084623,87.80575257645128,101.41751170969886,1014.8920202752743,0.0,7,26.923076923076923,23.484788534207876,0.8861812712825454,-0.20437203216011926,127,666247880,2.0,0.005,0.015,0.8688974399969644,0.9997942631243171,1.0228758793315165,0.925495474199781,1.007740116045233,0.9900190098659797,1.0437192023769812,0.961001466727061,1.0428691016935636
E-APIC,350.0,188.825,196.53254821590903,173.69133116845336,88.37789605090629,101.41751170969886,1022.7632879154327,0.0,7,27.36686390532544,49.558086654288616,1.107391416656796,-0.3607313793566115,127,666247880,2.0,0.005,0.015,0.8688974399969644,0.9997942631243171,1.0228758793315165,0.925495474199781,1.007740116045233,0.9900190098659797,1.0437192023769812,0.961001466727061,1.0428691016935636
ME-APIC,350.0,188.825,194.17836082397233,170.6563487521484,87.88638859036037,100.95577475438223,1015.1349591159272,0.0,7,23.076923076923073,28.415172275251635,0.8940891477977639,-0.5071897283618745,127,666247880,2.0,0.005,0.015,0.8688974399969644,0.9997942631243171,1.0228758793315165,0.925495474199781,1.007740116045233,0.9900190098659797,1.0437192023769812,0.961001466727061,1.0428691016935636
Passive,300.0,157.3,168.18009574640826,99.41659407969107,59.113174860833226,83.37083733729547,455.6705604865542,0.0,0,0.0,0.0,0.0,0.0,128,1960653052,2.0,0.005,0.015,1.0828808287550111,0.9532058516002105,0.9567767589980493,0.9076443134837106,1.0587027628328454,1.0447409178728913,0.9947742061514472,1.0030479419912546,1.0462379427228354
Continuous,300.0,157.3,165.51177161402344,94.2869150300931,56.96689372038863,87.42126009631308,452.4853530318848,0.0,1,100.0,75.07107642876167,1.614893202991489,-0.6452523353247512,128,1960653052,2.0,0.005,0.015,1.0828808287550111,0.9532058516002105,0.9567767589980493,0.9076443134837106,1.0587027628328454,1.0447409178728913,0.9947742061514472,1.0030479419912546,1.0462379427228354
T-APIC,300.0,157.3,168.21790682344587,97.93561773645366,58.21949612013814,87.13322814719602,458.77598277506723,0.0,8,27.594936708860757,23.31658564167916,0.6352980193079584,-0.15018003823727605,128,1960653052,2.0,0.005,0.015,1.0828808287550111,0.9532058516002105,0.9567767589980493,0.9076443134837106,1.0587027628328454,1.0447409178728913,0.9947742061514472,1.0030479419912546,1.0462379427228354
E-APIC,300.0,157.3,168.8593160273219,97.71213025847595,57.86599907976996,87.13322814719602,461.54155218605695,0.0,6,18.73417721518987,17.757337682182808,0.3972641840600736,-0.03819149420034691,128,1960653052,2.0,0.005,0.015,1.0828808287550111,0.9532058516002105,0.9567767589980493,0.9076443134837106,1.0587027628328454,1.0447409178728913,0.9947742061514472,1.0030479419912546,1.0462379427228354
ME-APIC,300.0,157.3,168.20069390586957,98.33716442965512,58.464184746281546,86.7912237390913,455.2836526735128,0.0,7,22.531645569620252,14.331201811921932,0.45609140976337414,-0.08613142120308544,128,1960653052,2.0,0.005,0.015,1.0828808287550111,0.9532058516002105,0.9567767589980493,0.9076443134837106,1.0587027628328454,1.0447409178728913,0.9947742061514472,1.0030479419912546,1.0462379427228354
Passive,350.0,188.825,193.29065774838168,169.0907610813117,87.48004846743683,98.63996103786022,1028.5512827952596,0.0,0,0.0,0.0,0.0,0.0,128,1960653052,2.0,0.005,0.015,1.0828808287550111,0.9532058516002105,0.9567767589980493,0.9076443134837106,1.0587027628328454,1.0447409178728913,0.9947742061514472,1.0030479419912546,1.0462379427228354
Continuous,350.0,188.825,191.75468483507765,166.81950660671177,86.99631341481337,97.55684327764817,1035.866556007256,0.0,1,99.99999999999999,136.4551672129802,2.8981240306597202,-1.228196287800557,128,1960653052,2.0,0.005,0.015,1.0828808287550111,0.9532058516002105,0.9567767589980493,0.9076443134837106,1.0587027628328454,1.0447409178728913,0.9947742061514472,1.0030479419912546,1.0462379427228354
T-APIC,350.0,188.825,194.25409748071152,168.5904891177231,86.78863988156715,102.54930878618781,1015.2370794855649,0.0,7,26.923076923076923,24.85092095372785,0.9043883212861236,-0.19008894749679997,128,1960653052,2.0,0.005,0.015,1.0828808287550111,0.9532058516002105,0.9567767589980493,0.9076443134837106,1.0587027628328454,1.0447409178728913,0.9947742061514472,1.0030479419912546,1.0462379427228354
E-APIC,350.0,188.825,196.7616708257101,172.52395106745809,87.68168634849539,102.54930878618781,1031.0331964894635,0.0,6,21.89349112426035,38.77781605275713,0.9888802680040456,0.21733018761636533,128,1960653052,2.0,0.005,0.015,1.0828808287550111,0.9532058516002105,0.9567767589980493,0.9076443134837106,1.0587027628328454,1.0447409178728913,0.9947742061514472,1.0030479419912546,1.0462379427228354
ME-APIC,350.0,188.825,193.11386476412287,167.69416283089103,86.83693583354024,102.02825171152729,1016.8873734853485,0.0,7,23.076923076923073,28.468609287265682,0.8739052743670699,-0.4350470185112876,128,1960653052,2.0,0.005,0.015,1.0828808287550111,0.9532058516002105,0.9567767589980493,0.9076443134837106,1.0587027628328454,1.0447409178728913,0.9947742061514472,1.0030479419912546,1.0462379427228354
Passive,300.0,157.3,166.48740418519532,100.73587596894204,60.50660496627519,78.98863384115978,452.04620907653,0.0,0,0.0,0.0,0.0,0.0,129,396742128,2.0,0.005,0.015,1.1641280144133448,1.0243311658429457,1.0974279595578806,0.9865928999628464,1.0744937076693861,0.9382343776105349,0.9464772339697793,1.0680327438950417,0.987477552052095
Continuous,300.0,157.3,163.6751956789741,95.76997744746734,58.512211975788134,83.25595686461,452.1362382846306,0.0,1,100.0,80.07697852207453,1.7366784591441893,-0.6212995071100442,129,396742128,2.0,0.005,0.015,1.1641280144133448,1.0243311658429457,1.0974279595578806,0.9865928999628464,1.0744937076693861,0.9382343776105349,0.9464772339697793,1.0680327438950417,0.987477552052095
T-APIC,300.0,157.3,166.42325241658907,99.40846888781458,59.732319519255796,83.02270253639686,457.35949470654936,0.0,8,27.594936708860757,22.99973328139894,0.6170746997571244,-0.22446170242811841,129,396742128,2.0,0.005,0.015,1.1641280144133448,1.0243311658429457,1.0974279595578806,0.9865928999628464,1.0744937076693861,0.9382343776105349,0.9464772339697793,1.0680327438950417,0.987477552052095
E-APIC,300.0,157.3,166.43688416629487,98.73806804121193,59.32463139754414,83.02270253639686,455.26567911153154,0.0,6,18.73417721518987,20.613736918197368,0.5052619389114476,-0.23274016005812512,129,396742128,2.0,0.005,0.015,1.1641280144133448,1.0243311658429457,1.0974279595578806,0.9865928999628464,1.0744937076693861,0.9382343776105349,0.9464772339697793,1.0680327438950417,0.987477552052095
ME-APIC,300.0,157.3,166.35179201746286,99.59709998833708,59.87137185626581,82.62023184024994,455.43971385554664,0.0,7,22.78481012658228,16.24904562758812,0.5094629437360311,-0.08507554697786912,129,396742128,2.0,0.005,0.015,1.1641280144133448,1.0243311658429457,1.0974279595578806,0.9865928999628464,1.0744937076693861,0.9382343776105349,0.9464772339697793,1.0680327438950417,0.987477552052095
Passive,350.0,188.825,191.17345841414192,170.24073723613927,89.05040409288628,92.0589001824067,1022.3983478126604,0.0,0,0.0,0.0,0.0,0.0,129,396742128,2.0,0.005,0.015,1.1641280144133448,1.0243311658429457,1.0974279595578806,0.9865928999628464,1.0744937076693861,0.9382343776105349,0.9464772339697793,1.0680327438950417,0.987477552052095
Continuous,350.0,188.825,189.49177596948928,168.05977504041067,88.68974612780586,92.46238541279013,1018.9069126816379,0.0,1,99.99999999999999,135.1995419831163,2.842417754693367,-1.3248841692986761,129,396742128,2.0,0.005,0.015,1.1641280144133448,1.0243311658429457,1.0974279595578806,0.9865928999628464,1.0744937076693861,0.9382343776105349,0.9464772339697793,1.0680327438950417,0.987477552052095
T-APIC,350.0,188.825,192.0502375666868,170.10970338837564,88.57562768143278,95.64917545233695,997.8622192778878,0.0,7,26.923076923076923,21.642968907659174,0.827374321091487,-0.20659092531998655,129,396742128,2.0,0.005,0.015,1.1641280144133448,1.0243311658429457,1.0974279595578806,0.9865928999628464,1.0744937076693861,0.9382343776105349,0.9464772339697793,1.0680327438950417,0.987477552052095
E-APIC,350.0,188.825,193.61221534323485,173.43888485792522,89.5805487016682,95.64917545233695,1015.1463047832264,0.0,6,21.89349112426035,34.23146021777482,0.7676145341333497,-0.02456362481868072,129,396742128,2.0,0.005,0.015,1.1641280144133448,1.0243311658429457,1.0974279595578806,0.9865928999628464,1.0744937076693861,0.9382343776105349,0.9464772339697793,1.0680327438950417,0.987477552052095
ME-APIC,350.0,188.825,190.62935094393885,169.1071959836606,88.70994689238198,95.07433870622172,1001.4984038751071,0.0,7,22.781065088757394,24.687191455486456,0.833381838596939,-0.5487464376069353,129,396742128,2.0,0.005,0.015,1.1641280144133448,1.0243311658429457,1.0974279595578806,0.9865928999628464,1.0744937076693861,0.9382343776105349,0.9464772339697793,1.0680327438950417,0.987477552052095
Passive,300.0,157.3,167.35578092336547,98.35822839976478,58.77193357593328,85.04672222588049,463.1424202379286,0.0,0,0.0,0.0,0.0,0.0,130,1976878865,2.0,0.005,0.015,0.8928497753711636,0.9574479110297617,1.0255054072040561,0.9832132290527256,0.950777808861222,0.9075131761423106,0.9033089270174516,0.9809259648678279,0.9757012194222534
Continuous,300.0,157.3,164.12592833815725,92.94907334722856,56.63277843322886,89.85301201696576,461.8959509466316,0.0,1,100.0,83.33394240011476,1.7747324947840817,-0.6597063248240407,130,1976878865,2.0,0.005,0.015,0.8928497753711636,0.9574479110297617,1.0255054072040561,0.9832132290527256,0.950777808861222,0.9075131761423106,0.9033089270174516,0.9809259648678279,0.9757012194222534
T-APIC,300.0,157.3,167.06819806795963,96.79637616124882,57.938241556824714,89.18801307583081,467.46719597517637,0.0,8,27.594936708860757,23.484421522298003,0.6325388102176033,-0.27157714487760365,130,1976878865,2.0,0.005,0.015,0.8928497753711636,0.9574479110297617,1.0255054072040561,0.9832132290527256,0.950777808861222,0.9075131761423106,0.9033089270174516,0.9809259648678279,0.9757012194222534
E-APIC,300.0,157.3,168.19956892038294,96.89379074102963,57.606444156164386,89.18801307583081,471.41162337042994,0.0,6,18.73417721518987,15.38851264379447,0.4078794521770516,-0.038786861521882154,130,1976878865,2.0,0.005,0.015,0.8928497753711636,0.9574479110297617,1.0255054072040561,0.9832132290527256,0.950777808861222,0.9075131761423106,0.9033089270174516,0.9809259648678279,0.9757012194222534
ME-APIC,300.0,157.3,167.06946586732803,96.98616744830608,58.0514021187594,88.66746084501268,465.86917015479617,0.0,7,22.78481012658228,17.536823785064872,0.5282127188937313,-0.12510124709990156,130,1976878865,2.0,0.005,0.015,0.8928497753711636,0.9574479110297617,1.0255054072040561,0.9832132290527256,0.950777808861222,0.9075131761423106,0.9033089270174516,0.9809259648678279,0.9757012194222534
Passive,350.0,188.825,193.21218214968584,167.70597364447985,86.79886111661129,94.20116454222367,1003.0558627282062,0.0,0,0.0,0.0,0.0,0.0,130,1976878865,2.0,0.005,0.015,0.8928497753711636,0.9574479110297617,1.0255054072040561,0.9832132290527256,0.950777808861222,0.9075131761423106,0.9033089270174516,0.9809259648678279,0.9757012194222534
Continuous,350.0,188.825,190.97251371818763,164.69816135093225,86.24181466971334,95.67904738451641,1000.2036391393217,0.0,1,99.99999999999999,141.298353186628,2.9342042198844793,-1.4364367660166757,130,1976878865,2.0,0.005,0.015,0.8928497753711636,0.9574479110297617,1.0255054072040561,0.9832132290527256,0.950777808861222,0.9075131761423106,0.9033089270174516,0.9809259648678279,0.9757012194222534
T-APIC,350.0,188.825,193.86797858787486,167.32121043374335,86.30678034222211,100.80075489800953,978.3503144846845,0.0,7,26.923076923076923,21.73606778061313,0.8383862309596871,-0.2511338255069793,130,1976878865,2.0,0.005,0.015,0.8928497753711636,0.9574479110297617,1.0255054072040561,0.9832132290527256,0.950777808861222,0.9075131761423106,0.9033089270174516,0.9809259648678279,0.9757012194222534
E-APIC,350.0,188.825,195.4866508998206,170.6778307307766,87.30919985848162,100.80075489800953,996.6527779178404,0.0,6,21.89349112426035,35.60210149491786,0.7915912771760135,-0.06982562183831867,130,1976878865,2.0,0.005,0.015,0.8928497753711636,0.9574479110297617,1.0255054072040561,0.9832132290527256,0.950777808861222,0.9075131761423106,0.9033089270174516,0.9809259648678279,0.9757012194222534
ME-APIC,350.0,188.825,192.68956960993881,166.4418540177456,86.37823747007873,99.2008437400358,981.6908861998338,0.0,7,23.076923076923073,28.15693045013506,0.8690452875381984,-0.5473764210043938,130,1976878865,2.0,0.005,0.015,0.8928497753711636,0.9574479110297617,1.0255054072040561,0.9832132290527256,0.950777808861222,0.9075131761423106,0.9033089270174516,0.9809259648678279,0.9757012194222534
Passive,300.0,157.3,167.3051903811576,101.84087928799775,60.871320881308044,79.68938690444021,470.60939403821885,0.0,0,0.0,0.0,0.0,0.0,131,156240230,2.0,0.005,0.015,1.1752928796862465,1.0176844723452674,1.0590983303369494,1.0463173323462966,1.0942968122701604,1.076767046828777,0.9446896097213205,1.0310428697134613,0.9513558771331543
Continuous,300.0,157.3,165.1962037292697,97.13668595835338,58.800797939367264,88.20528784968245,471.2601558013252,0.0,1,100.0,74.6886733141298,1.6623455594808767,-0.5522595756935121,131,156240230,2.0,0.005,0.015,1.1752928796862465,1.0176844723452674,1.0590983303369494,1.0463173323462966,1.0942968122701604,1.076767046828777,0.9446896097213205,1.0310428697134613,0.9513558771331543
T-APIC,300.0,157.3,167.454685325475,100.52163984115104,60.02915931899495,85.54249981179933,471.93763645104343,0.0,8,27.594936708860757,22.761709789606922,0.6254318632457373,-0.18498111109144372,131,156240230,2.0,0.005,0.015,1.1752928796862465,1.0176844723452674,1.0590983303369494,1.0463173323462966,1.0942968122701604,1.076767046828777,0.9446896097213205,1.0310428697134613,0.9513558771331543
E-APIC,300.0,157.3,168.3960084398472,100.40428882847556,59.6239125610516,85.54246807810279,460.72226469545666,0.0,6,18.73417721518987,16.544228212065256,0.4527225732405619,-0.0001345334622340031,131,156240230,2.0,0.005,0.015,1.1752928796862465,1.0176844723452674,1.0590983303369494,1.0463173323462966,1.0942968122701604,1.076767046828777,0.9446896097213205,1.0310428697134613,0.9513558771331543
ME-APIC,300.0,157.3,167.39396790655903,100.733238071104,60.17734051643623,84.37891235203051,462.78837978137943,0.0,7,22.78481012658228,15.62092536178862,0.4935839414231076,-0.07290185571469857,131,156240230,2.0,0.005,0.015,1.1752928796862465,1.0176844723452674,1.0590983303369494,1.0463173323462966,1.0942968122701604,1.076767046828777,0.9446896097213205,1.0310428697134613,0.9513558771331543
Passive,350.0,188.825,191.7899645067126,170.31327521035104,88.8019744142505,87.60640284926866,1030.6795872708333,0.0,0,0.0,0.0,0.0,0.0,131,156240230,2.0,0.005,0.015,1.1752928796862465,1.0176844723452674,1.0590983303369494,1.0463173323462966,1.0942968122701604,1.076767046828777,0.9446896097213205,1.0310428697134613,0.9513558771331543
Continuous,350.0,188.825,190.88249078097698,168.53969936913373,88.29500216576706,96.35951235719213,1011.7335784760608,0.0,1,99.99999999999999,131.1319284033064,2.83472615941545,-1.1837335647681522,131,156240230,2.0,0.005,0.015,1.1752928796862465,1.0176844723452674,1.0590983303369494,1.0463173323462966,1.0942968122701604,1.076767046828777,0.9446896097213205,1.0310428697134613,0.9513558771331543
T-APIC,350.0,188.825,192.95172086516507,170.19379996032296,88.2053807020745,94.95510043136389,1007.1948072849568,0.0,7,26.923076923076923,22.454683378407218,0.8583018968771797,-0.160012596067241,131,156240230,2.0,0.005,0.015,1.1752928796862465,1.0176844723452674,1.0590983303369494,1.0463173323462966,1.0942968122701604,1.076767046828777,0.9446896097213205,1.0310428697134613,0.9513558771331543
E-APIC,350.0,188.825,194.41044601993758,173.36838985037633,89.17647863047272,94.95510043136389,1022.1921958408852,0.0,6,21.89349112426035,32.76489730326365,0.7597833292933004,0.009325561406020361,131,156240230,2.0,0.005,0.015,1.1752928796862465,1.0176844723452674,1.0590983303369494,1.0463173323462966,1.0942968122701604,1.076767046828777,0.9446896097213205,1.0310428697134613,0.9513558771331543
ME-APIC,350.0,188.825,191.61642948890363,169.14133104809883,88.27078737415556,93.1347154824104,1008.1275945416556,0.0,7,23.076923076923073,26.38788366853741,0.8525751594211258,-0.46723998211624773,131,156240230,2.0,0.005,0.015,1.1752928796862465,1.0176844723452674,1.0590983303369494,1.0463173323462966,1.0942968122701604,1.076767046828777,0.9446896097213205,1.0310428697134613,0.9513558771331543
Passive,300.0,157.3,168.20791688938743,101.61506993252068,60.41039673497781,79.84005559396263,471.088229844919,0.0,0,0.0,0.0,0.0,0.0,132,2017808248,2.0,0.005,0.015,1.0765460260513535,0.999112914798424,1.0969505154212564,0.9836611602827657,1.003007654515781,1.0962625172773208,0.9994992919173192,0.9814229788320501,0.9889278698523488
Continuous,300.0,157.3,166.16759683542924,96.88368826642301,58.304801965918585,85.6797917364972,473.9287504553387,0.0,1,100.0,74.22001563384201,1.6499179320094077,-0.5587064182168824,132,2017808248,2.0,0.005,0.015,1.0765460260513535,0.999112914798424,1.0969505154212564,0.9836611602827657,1.003007654515781,1.0962625172773208,0.9994992919173192,0.9814229788320501,0.9889278698523488
T-APIC,300.0,157.3,168.45541832971793,100.28510540380596,59.53213401988521,85.00106886195077,473.95086266048247,0.0,8,27.594936708860757,23.02835836371503,0.6383356645826811,-0.17613487103090267,132,2017808248,2.0,0.005,0.015,1.0765460260513535,0.999112914798424,1.0969505154212564,0.9836611602827657,1.003007654515781,1.0962625172773208,0.9994992919173192,0.9814229788320501,0.9889278698523488
E-APIC,300.0,157.3,169.34184697916075,100.16262237573874,59.148181127411924,85.00106886195077,469.04879384805247,0.0,6,18.73417721518987,12.52487420279578,0.43385228914945284,0.014617233930935059,132,2017808248,2.0,0.005,0.015,1.0765460260513535,0.999112914798424,1.0969505154212564,0.9836611602827657,1.003007654515781,1.0962625172773208,0.9994992919173192,0.9814229788320501,0.9889278698523488
ME-APIC,300.0,157.3,168.31108728528264,100.45570836440685,59.68454603001714,84.37816451620597,462.4288892073719,0.0,7,22.78481012658228,15.64166280662162,0.48654666407782543,-0.09312102229901106,132,2017808248,2.0,0.005,0.015,1.0765460260513535,0.999112914798424,1.0969505154212564,0.9836611602827657,1.003007654515781,1.0962625172773208,0.9994992919173192,0.9814229788320501,0.9889278698523488
Passive,350.0,188.825,193.31948405223199,170.79037267105255,88.34617654209525,91.61036959110311,1030.2755662909183,0.0,0,0.0,0.0,0.0,0.0,132,2017808248,2.0,0.005,0.015,1.0765460260513535,0.999112914798424,1.0969505154212564,0.9836611602827657,1.003007654515781,1.0962625172773208,0.9994992919173192,0.9814229788320501,0.9889278698523488
Continuous,350.0,188.825,192.44134701330702,169.04399561255855,87.84182725600513,89.4546721815662,1024.524935892814,0.0,1,99.99999999999999,132.26000657659995,2.876789607579357,-1.1848963638428278,132,2017808248,2.0,0.005,0.015,1.0765460260513535,0.999112914798424,1.0969505154212564,0.9836611602827657,1.003007654515781,1.0962625172773208,0.9994992919173192,0.9814229788320501,0.9889278698523488
T-APIC,350.0,188.825,194.60803207421694,170.83313236426298,87.78318682093911,97.09666800007024,1005.9431108250236,0.0,7,26.923076923076923,21.815160588112427,0.8604849770565026,-0.13199193242140628,132,2017808248,2.0,0.005,0.015,1.0765460260513535,0.999112914798424,1.0969505154212564,0.9836611602827657,1.003007654515781,1.0962625172773208,0.9994992919173192,0.9814229788320501,0.9889278698523488
E-APIC,350.0,188.825,195.54726696312963,171.89747707710217,87.90584483572115,97.09666800007024,1010.8204971643113,0.0,7,27.36686390532544,42.8599533771125,1.042926075612341,-0.2105687459425798,132,2017808248,2.0,0.005,0.015,1.0765460260513535,0.999112914798424,1.0969505154212564,0.9836611602827657,1.003007654515781,1.0962625172773208,0.9994992919173192,0.9814229788320501,0.9889278698523488
ME-APIC,350.0,188.825,193.14031691186332,169.7076207624176,87.86752733757868,96.05791382174314,1007.286313790626,0.0,7,23.076923076923073,25.773838090036467,0.8482184689434404,-0.4764531126857165,132,2017808248,2.0,0.005,0.015,1.0765460260513535,0.999112914798424,1.0969505154212564,0.9836611602827657,1.003007654515781,1.0962625172773208,0.9994992919173192,0.9814229788320501,0.9889278698523488
Passive,300.0,157.3,167.62799708188558,98.9479067639357,59.02827003033393,79.06985194600907,455.5110569198179,0.0,0,0.0,0.0,0.0,0.0,133,1542340957,2.0,0.005,0.015,1.1981625970118779,0.9061250748399151,1.034133716438384,1.0839333043334929,0.9817568904295096,0.9862576488325605,0.9934648102757458,0.9621905589656046,0.9522790399842932
Continuous,300.0,157.3,164.8801215506858,93.68444707217982,56.819734356746146,83.25039467743761,452.94728042472514,0.0,1,100.0,82.4876231095411,1.7775917476213328,-0.6384178653261641,133,1542340957,2.0,0.005,0.015,1.1981625970118779,0.9061250748399151,1.034133716438384,1.0839333043334929,0.9817568904295096,0.9862576488325605,0.9934648102757458,0.9621905589656046,0.9522790399842932
T-APIC,300.0,157.3,167.58861259817348,97.41291021474713,58.12621078755134,82.7996978993256,454.8548436058827,0.0,8,27.594936708860757,23.928153176432346,0.6386770927151214,-0.22435674531063377,133,1542340957,2.0,0.005,0.015,1.1981625970118779,0.9061250748399151,1.034133716438384,1.0839333043334929,0.9817568904295096,0.9862576488325605,0.9934648102757458,0.9621905589656046,0.9522790399842932
E-APIC,300.0,157.3,168.60690387717008,97.37189829985039,57.75083704210931,82.7996978993256,457.9711075984673,0.0,6,18.73417721518987,17.008986279840183,0.44462939732495876,-0.023828711152675264,133,1542340957,2.0,0.005,0.015,1.1981625970118779,0.9061250748399151,1.034133716438384,1.0839333043334929,0.9817568904295096,0.9862576488325605,0.9934648102757458,0.9621905589656046,0.9522790399842932
ME-APIC,300.0,157.3,167.51534272469797,97.6592172879566,58.298670258791766,82.37083091147574,452.9661961245286,0.0,7,22.78481012658228,16.838809816976543,0.5116870510052194,-0.11211681039881068,133,1542340957,2.0,0.005,0.015,1.1981625970118779,0.9061250748399151,1.034133716438384,1.0839333043334929,0.9817568904295096,0.9862576488325605,0.9934648102757458,0.9621905589656046,0.9522790399842932
Passive,350.0,188.825,192.17253034817895,164.03418470659167,85.35776908874222,92.93135445773672,983.9883254948467,0.0,0,0.0,0.0,0.0,0.0,133,1542340957,2.0,0.005,0.015,1.1981625970118779,0.9061250748399151,1.034133716438384,1.0839333043334929,0.9817568904295096,0.9862576488325605,0.9934648102757458,0.9621905589656046,0.9522790399842932
Continuous,350.0,188.825,190.50993878101863,161.3941022335377,84.71689365196421,94.48958058542884,976.5205658092035,0.0,1,99.99999999999999,139.64596104010207,2.940562131595817,-1.3476914725213305,133,1542340957,2.0,0.005,0.015,1.1981625970118779,0.9061250748399151,1.034133716438384,1.0839333043334929,0.9817568904295096,0.9862576488325605,0.9934648102757458,0.9621905589656046,0.9522790399842932
T-APIC,350.0,188.825,193.10550105074483,163.71076081398138,84.77788562375599,96.73481279323353,960.1221121562389,0.0,7,26.923076923076923,21.764733450902366,0.8530368697738312,-0.20130383085262157,133,1542340957,2.0,0.005,0.015,1.1981625970118779,0.9061250748399151,1.034133716438384,1.0839333043334929,0.9817568904295096,0.9862576488325605,0.9934648102757458,0.9621905589656046,0.9522790399842932
E-APIC,350.0,188.825,193.23385120583143,164.957122201519,85.36657587277902,96.73481279323353,966.1355497224715,0.0,7,27.36686390532544,44.88509996560633,1.163027596434207,-0.4353089707478117,133,1542340957,2.0,0.005,0.015,1.1981625970118779,0.9061250748399151,1.034133716438384,1.0839333043334929,0.9817568904295096,0.9862576488325605,0.9934648102757458,0.9621905589656046,0.9522790399842932
ME-APIC,350.0,188.825,191.69781224056453,162.6653845651634,84.85510745476434,96.11689137020181,962.2877037330798,0.0,7,23.076923076923073,26.555824602480218,0.8635043466446238,-0.5262146012575349,133,1542340957,2.0,0.005,0.015,1.1981625970118779,0.9061250748399151,1.034133716438384,1.0839333043334929,0.9817568904295096,0.9862576488325605,0.9934648102757458,0.9621905589656046,0.9522790399842932
Passive,300.0,157.3,165.78242269331125,97.26851095041434,58.672390818148415,83.86472521046781,460.99027952227823,0.0,0,0.0,0.0,0.0,0.0,134,362469779,2.0,0.005,0.015,0.8935724759464504,0.9675586189970778,0.9672976282476886,1.0705194474733184,0.9578596660025094,0.9648082845901063,0.944078417852345,1.0421495224481916,0.9567097856910829
Continuous,300.0,157.3,163.14982279748466,92.22735613490671,56.52924076380218,90.41379384269082,461.06468836782113,0.0,1,100.0,79.57248268300408,1.715785401497639,-0.5702538028138142,134,362469779,2.0,0.005,0.015,0.8935724759464504,0.9675586189970778,0.9672976282476886,1.0705194474733184,0.9578596660025094,0.9648082845901063,0.944078417852345,1.0421495224481916,0.9567097856910829
T-APIC,300.0,157.3,165.7044490785233,95.8180825068547,57.82468910140659,89.44092916280366,466.57781595750066,0.0,8,27.594936708860757,22.443868865166035,0.6105766879004655,-0.22775557820830808,134,362469779,2.0,0.005,0.015,0.8935724759464504,0.9675586189970778,0.9672976282476886,1.0705194474733184,0.9578596660025094,0.9648082845901063,0.944078417852345,1.0421495224481916,0.9567097856910829
E-APIC,300.0,157.3,166.67994523854526,95.88083764865887,57.52391957619034,89.44092905167322,469.97894678455845,0.0,6,18.73417721518987,14.649059511762287,0.40367904193255877,-0.030769129691223942,134,362469779,2.0,0.005,0.015,0.8935724759464504,0.9675586189970778,0.9672976282476886,1.0705194474733184,0.9578596660025094,0.9648082845901063,0.944078417852345,1.0421495224481916,0.9567097856910829
ME-APIC,300.0,157.3,165.6319169139572,96.0089705453542,57.96525955515514,88.48312846306027,464.6438759073179,0.0,7,22.658227848101262,16.280688101281473,0.5041650102917922,-0.09890147797054606,134,362469779,2.0,0.005,0.015,0.8935724759464504,0.9675586189970778,0.9672976282476886,1.0705194474733184,0.9578596660025094,0.9648082845901063,0.944078417852345,1.0421495224481916,0.9567097856910829
Passive,350.0,188.825,191.4762525223187,166.82592154535106,87.12616804838794,96.22540603689832,1000.8986850418833,0.0,0,0.0,0.0,0.0,0.0,134,362469779,2.0,0.005,0.015,0.8935724759464504,0.9675586189970778,0.9672976282476886,1.0705194474733184,0.9578596660025094,0.9648082845901063,0.944078417852345,1.0421495224481916,0.9567097856910829
Continuous,350.0,188.825,189.90187427703353,164.25828777660286,86.4964015768369,99.23992248779305,988.3384154529449,0.0,1,99.99999999999999,135.9507872902065,2.8600652359849996,-1.2993615454810308,134,362469779,2.0,0.005,0.015,0.8935724759464504,0.9675586189970778,0.9672976282476886,1.0705194474733184,0.9578596660025094,0.9648082845901063,0.944078417852345,1.0421495224481916,0.9567097856910829
T-APIC,350.0,188.825,192.3739497265918,166.50505162867526,86.55280606616317,102.94903133513228,978.074876840034,0.0,7,26.923076923076923,21.53886228230773,0.8403548919490009,-0.20247904275716425,134,362469779,2.0,0.005,0.015,0.8935724759464504,0.9675586189970778,0.9672976282476886,1.0705194474733184,0.9578596660025094,0.9648082845901063,0.944078417852345,1.0421495224481916,0.9567097856910829
E-APIC,350.0,188.825,193.51874255595928,169.52044801255883,87.59898176970589,102.94903133513228,993.8428527307802,0.0,6,21.89349112426035,35.077152839663306,0.8108046193800131,-0.11662636956299212,134,362469779,2.0,0.005,0.015,0.8935724759464504,0.9675586189970778,0.9672976282476886,1.0705194474733184,0.9578596660025094,0.9648082845901063,0.944078417852345,1.0421495224481916,0.9567097856910829
ME-APIC,350.0,188.825,191.111050104556,165.6571419550479,86.68109032126486,101.334091203374,980.9155586357022,0.0,7,23.076923076923073,26.186388500854683,0.829379018745267,-0.5135307602988352,134,362469779,2.0,0.005,0.015,0.8935724759464504,0.9675586189970778,0.9672976282476886,1.0705194474733184,0.9578596660025094,0.9648082845901063,0.944078417852345,1.0421495224481916,0.9567097856910829
Passive,300.0,157.3,166.67131353444316,99.2417594254013,59.5433955135253,84.23651094761317,458.2659171218225,0.0,0,0.0,0.0,0.0,0.0,135,448980660,2.0,0.005,0.015,0.8575992351895558,1.0073212204653554,0.9544656052213676,0.962935989032526,1.049517145372078,1.0701268191700937,1.09405778656471,1.0628557675538404,1.065331521885077
Continuous,300.0,157.3,164.4738531958512,94.56506079265196,57.49549788928842,87.42456821210651,459.97074816678787,0.0,1,100.0,73.53590718045666,1.6032294795513684,-0.568730652325031,135,448980660,2.0,0.005,0.015,0.8575992351895558,1.0073212204653554,0.9544656052213676,0.962935989032526,1.049517145372078,1.0701268191700937,1.09405778656471,1.0628557675538404,1.065331521885077
T-APIC,300.0,157.3,166.8534766417688,97.91768562021839,58.68483389797492,87.30448039914135,465.50518151799594,0.0,8,27.594936708860757,22.8600562829014,0.621758653705687,-0.14394396849738766,135,448980660,2.0,0.005,0.015,0.8575992351895558,1.0073212204653554,0.9544656052213676,0.962935989032526,1.049517145372078,1.0701268191700937,1.09405778656471,1.0628557675538404,1.065331521885077
E-APIC,300.0,157.3,167.77409157944354,97.73702359581205,58.25513503050744,87.30448039914135,468.08656000698676,0.0,6,18.73417721518987,17.860177306882573,0.45819754187635253,0.029252562895594265,135,448980660,2.0,0.005,0.015,0.8575992351895558,1.0073212204653554,0.9544656052213676,0.962935989032526,1.049517145372078,1.0701268191700937,1.09405778656471,1.0628557675538404,1.065331521885077
ME-APIC,300.0,157.3,166.74072265704848,98.17810427433999,58.88069975339632,87.12330211673526,462.4567458807392,0.0,7,22.658227848101262,14.553000116014688,0.4482611870741836,-0.08707073484544627,135,448980660,2.0,0.005,0.015,0.8575992351895558,1.0073212204653554,0.9544656052213676,0.962935989032526,1.049517145372078,1.0701268191700937,1.09405778656471,1.0628557675538404,1.065331521885077
Passive,350.0,188.825,191.95076238863706,170.0451474272483,88.58789895450526,97.32878739076465,1026.6069908350842,0.0,0,0.0,0.0,0.0,0.0,135,448980660,2.0,0.005,0.015,0.8575992351895558,1.0073212204653554,0.9544656052213676,0.962935989032526,1.049517145372078,1.0701268191700937,1.09405778656471,1.0628557675538404,1.065331521885077
Continuous,350.0,188.825,190.91913642361789,168.32749768128846,88.1669071180993,95.54640239818914,1032.593451611821,0.0,1,99.99999999999999,132.50968517143002,2.8430528785243414,-1.1463978336196394,135,448980660,2.0,0.005,0.015,0.8575992351895558,1.0073212204653554,0.9544656052213676,0.962935989032526,1.049517145372078,1.0701268191700937,1.09405778656471,1.0628557675538404,1.065331521885077
T-APIC,350.0,188.825,193.11374859253746,169.93924492480662,87.99955785818847,101.77260800366007,1008.1220374821847,0.0,7,26.923076923076923,24.066760988820587,0.8759672208848444,-0.15708035499614342,135,448980660,2.0,0.005,0.015,0.8575992351895558,1.0073212204653554,0.9544656052213676,0.962935989032526,1.049517145372078,1.0701268191700937,1.09405778656471,1.0628557675538404,1.065331521885077
E-APIC,350.0,188.825,195.62050441648515,173.42858183875575,88.65562552150374,101.77260800366007,1020.6987662579397,0.0,6,21.89349112426035,38.02784214798859,0.9125278340133189,0.27926366005618364,135,448980660,2.0,0.005,0.015,0.8575992351895558,1.0073212204653554,0.9544656052213676,0.962935989032526,1.049517145372078,1.0701268191700937,1.09405778656471,1.0628557675538404,1.065331521885077
ME-APIC,350.0,188.825,191.72966675695136,168.74726888311028,88.01312375774636,101.63258275986385,1007.3407661688967,0.0,7,23.076923076923073,26.960182440809866,0.8475714646553045,-0.4580698758918707,135,448980660,2.0,0.005,0.015,0.8575992351895558,1.0073212204653554,0.9544656052213676,0.962935989032526,1.049517145372078,1.0701268191700937,1.09405778656471,1.0628557675538404,1.065331521885077
Passive,300.0,157.3,166.89975183497606,100.70316664293307,60.33751730350349,79.869031996015,453.9236417962407,0.0,0,0.0,0.0,0.0,0.0,136,999925522,2.0,0.005,0.015,1.0178815628070115,1.0119479962103215,1.0216974567600696,0.9928661666321834,1.0787985744629427,1.083243699961929,0.9991903306773363,1.0548303109722543,0.9161351251737374
Continuous,300.0,157.3,164.76708154012067,95.99606393803221,58.2616764469772,84.96249112034555,452.8586587340817,0.0,1,100.0,73.7680719676518,1.6362622541428287,-0.5382162729802501,136,999925522,2.0,0.005,0.015,1.0178815628070115,1.0119479962103215,1.0216974567600696,0.9928661666321834,1.0787985744629427,1.083243699961929,0.9991903306773363,1.0548303109722543,0.9161351251737374
T-APIC,300.0,157.3,167.10174692429132,99.41171043403196,59.4917242122384,84.41390685391553,454.8258755533651,0.0,8,27.594936708860757,22.35967473342341,0.6181622726796218,-0.15097979615383644,136,999925522,2.0,0.005,0.015,1.0178815628070115,1.0119479962103215,1.0216974567600696,0.9928661666321834,1.0787985744629427,1.083243699961929,0.9991903306773363,1.0548303109722543,0.9161351251737374
E-APIC,300.0,157.3,167.24984497337334,98.10348582415006,58.65684708991414,84.41390685391553,456.18438516566783,0.0,6,18.73417721518987,25.095235352080735,0.5564952231790081,-0.15672397894845777,136,999925522,2.0,0.005,0.015,1.0178815628070115,1.0119479962103215,1.0216974567600696,0.9928661666321834,1.0787985744629427,1.083243699961929,0.9991903306773363,1.0548303109722543,0.9161351251737374
ME-APIC,300.0,157.3,166.99875307974267,99.72454831337122,59.71574426412171,83.91343768526991,452.22079862308817,0.0,7,22.78481012658228,13.92093877878174,0.45475069034448995,-0.06714567844861152,136,999925522,2.0,0.005,0.015,1.0178815628070115,1.0119479962103215,1.0216974567600696,0.9928661666321834,1.0787985744629427,1.083243699961929,0.9991903306773363,1.0548303109722543,0.9161351251737374
Passive,350.0,188.825,191.75725285899728,171.172567238428,89.26523752626683,94.14863385348269,1041.1350052933174,0.0,0,0.0,0.0,0.0,0.0,136,999925522,2.0,0.005,0.015,1.0178815628070115,1.0119479962103215,1.0216974567600696,0.9928661666321834,1.0787985744629427,1.083243699961929,0.9991903306773363,1.0548303109722543,0.9161351251737374
Continuous,350.0,188.825,190.8582541871819,169.5930145811151,88.85809801801334,95.82596177535703,1023.8600158675141,0.0,1,99.99999999999999,131.4999144446338,2.823937720361413,-1.1561286432576388,136,999925522,2.0,0.005,0.015,1.0178815628070115,1.0119479962103215,1.0216974567600696,0.9928661666321834,1.0787985744629427,1.083243699961929,0.9991903306773363,1.0548303109722543,0.9161351251737374
T-APIC,350.0,188.825,192.9594522855422,171.03060091544103,88.63551325920496,98.56181007784797,1016.3872448966117,0.0,7,26.923076923076923,22.64668147718947,0.8676064480118214,-0.13574715672092638,136,999925522,2.0,0.005,0.015,1.0178815628070115,1.0119479962103215,1.0216974567600696,0.9928661666321834,1.0787985744629427,1.083243699961929,0.9991903306773363,1.0548303109722543,0.9161351251737374
E-APIC,350.0,188.825,192.528978762202,172.36456264638196,89.52655530327947,98.56181007784797,1023.6856722997137,0.0,7,27.36686390532544,46.207752644541856,1.2315366196002333,-0.5021505121036444,136,999925522,2.0,0.005,0.015,1.0178815628070115,1.0119479962103215,1.0216974567600696,0.9928661666321834,1.0787985744629427,1.083243699961929,0.9991903306773363,1.0548303109722543,0.9161351251737374
ME-APIC,350.0,188.825,191.522408104785,170.0978995115375,88.81357601689835,97.83712779374287,1019.8085010772124,0.0,7,22.633136094674555,23.62596247074508,0.8100593474050518,-0.45699952945781847,136,999925522,2.0,0.005,0.015,1.0178815628070115,1.0119479962103215,1.0216974567600696,0.9928661666321834,1.0787985744629427,1.083243699961929,0.9991903306773363,1.0548303109722543,0.9161351251737374
Passive,300.0,157.3,167.2072974465568,100.69880209696558,60.22392780383952,84.55291383292332,460.929294346891,0.0,0,0.0,0.0,0.0,0.0,137,2055004886,2.0,0.005,0.015,1.1143758399224206,1.0510973351329709,1.0106958976687759,1.0577451669953537,1.0510898794486163,1.069882696712468,0.9143259613296972,1.0278713400564006,0.9488978474667027
Continuous,300.0,157.3,165.101634607139,95.95086050672936,58.11623896701288,89.05934240145601,462.5898138110075,0.0,1,100.0,73.53179550412779,1.652888058872298,-0.5196435292911172,137,2055004886,2.0,0.005,0.015,1.1143758399224206,1.0510973351329709,1.0106958976687759,1.0577451669953537,1.0510898794486163,1.069882696712468,0.9143259613296972,1.0278713400564006,0.9488978474667027
T-APIC,300.0,157.3,167.39700395786153,99.41054732617741,59.38609710792781,88.62033618714197,468.19085490270635,0.0,8,27.594936708860757,21.42172045404452,0.6074996461243634,-0.1859535137556336,137,2055004886,2.0,0.005,0.015,1.1143758399224206,1.0510973351329709,1.0106958976687759,1.0577451669953537,1.0510898794486163,1.069882696712468,0.9143259613296972,1.0278713400564006,0.9488978474667027
E-APIC,300.0,157.3,168.18220335598767,99.61628574091161,59.23116938244408,88.62033618714197,471.6533086188354,0.0,6,18.73417721518987,17.869695974997175,0.3813243287624704,-0.025183398247384865,137,2055004886,2.0,0.005,0.015,1.1143758399224206,1.0510973351329709,1.0106958976687759,1.0577451669953537,1.0510898794486163,1.069882696712468,0.9143259613296972,1.0278713400564006,0.9488978474667027
ME-APIC,300.0,157.3,167.2529892014571,99.5501506560047,59.52070042592543,88.18892180995567,465.8143605456913,0.0,7,22.78481012658228,15.331426850470232,0.49992784346287605,-0.08283454236357797,137,2055004886,2.0,0.005,0.015,1.1143758399224206,1.0510973351329709,1.0106958976687759,1.0577451669953537,1.0510898794486163,1.069882696712468,0.9143259613296972,1.0278713400564006,0.9488978474667027
Passive,350.0,188.825,192.6589923216206,172.68477708782845,89.63234729243905,95.36209412950738,1043.0928794372323,0.0,0,0.0,0.0,0.0,0.0,137,2055004886,2.0,0.005,0.015,1.1143758399224206,1.0510973351329709,1.0106958976687759,1.0577451669953537,1.0510898794486163,1.069882696712468,0.9143259613296972,1.0278713400564006,0.9488978474667027
Continuous,350.0,188.825,191.76022571084846,170.90375411968432,89.12367175526106,104.2440404547221,1024.106052369902,0.0,1,99.99999999999999,130.76239249019528,2.8610597119438506,-1.185193329620858,137,2055004886,2.0,0.005,0.015,1.1143758399224206,1.0510973351329709,1.0106958976687759,1.0577451669953537,1.0510898794486163,1.069882696712468,0.9143259613296972,1.0278713400564006,0.9488978474667027
T-APIC,350.0,188.825,193.87228792939428,172.6846118458095,89.07132302926088,102.89762183487738,1021.0843002443964,0.0,7,26.923076923076923,23.040257539634315,0.8672843863768418,-0.16091529709563018,137,2055004886,2.0,0.005,0.015,1.1143758399224206,1.0510973351329709,1.0106958976687759,1.0577451669953537,1.0510898794486163,1.069882696712468,0.9143259613296972,1.0278713400564006,0.9488978474667027
E-APIC,350.0,188.825,196.3774497412873,175.75103667573813,89.4965470359642,102.89762183487738,1035.3169835168644,0.0,5,16.420118343195266,34.88020430818795,0.8739437616055578,0.296739306258604,137,2055004886,2.0,0.005,0.015,1.1143758399224206,1.0510973351329709,1.0106958976687759,1.0577451669953537,1.0510898794486163,1.069882696712468,0.9143259613296972,1.0278713400564006,0.9488978474667027
ME-APIC,350.0,188.825,192.5732690338359,171.54706309427266,89.08145141584066,101.08523985018985,1021.2335826713412,0.0,7,23.076923076923073,25.903974373972858,0.8445674207944046,-0.4541519856763736,137,2055004886,2.0,0.005,0.015,1.1143758399224206,1.0510973351329709,1.0106958976687759,1.0577451669953537,1.0510898794486163,1.069882696712468,0.9143259613296972,1.0278713400564006,0.9488978474667027
Passive,300.0,157.3,168.11573882341787,98.31181537383101,58.478650518910584,82.25392856290512,463.898153043912,0.0,0,0.0,0.0,0.0,0.0,138,2034177302,2.0,0.005,0.015,1.158516879006054,0.9941487259078362,0.9630107773431202,1.0021086602528746,0.9020880542620999,1.0728511116883863,0.9725127653959593,0.9358398995509248,1.0021582886947247
Continuous,300.0,157.3,165.84123912406093,93.39851640222184,56.31802855280958,90.84915632558415,465.094568605762,0.0,1,100.0,78.39421559351922,1.723760034192151,-0.5957519313818171,138,2034177302,2.0,0.005,0.015,1.158516879006054,0.9941487259078362,0.9630107773431202,1.0021086602528746,0.9020880542620999,1.0728511116883863,0.9725127653959593,0.9358398995509248,1.0021582886947247
T-APIC,300.0,157.3,168.22190944135295,96.83635157173443,57.56464891720564,88.1997717719385,470.4970064362321,0.0,8,27.594936708860757,23.383781246947823,0.6392921286534085,-0.18980555357830922,138,2034177302,2.0,0.005,0.015,1.158516879006054,0.9941487259078362,0.9630107773431202,1.0021086602528746,0.9020880542620999,1.0728511116883863,0.9725127653959593,0.9358398995509248,1.0021582886947247
E-APIC,300.0,157.3,168.17278732680435,97.03066938735142,57.69700968254459,88.19975094408194,473.4787719116411,0.0,7,23.41772151898734,22.564815925533686,0.5435507470030833,-0.20031675923479342,138,2034177302,2.0,0.005,0.015,1.158516879006054,0.9941487259078362,0.9630107773431202,1.0021086602528746,0.9020880542620999,1.0728511116883863,0.9725127653959593,0.9358398995509248,1.0021582886947247
ME-APIC,300.0,157.3,168.15822241422683,97.0292717640992,57.701175934820164,87.04104136185767,468.5768900473917,0.0,7,22.658227848101262,16.440920770459865,0.5123188996784862,-0.10957238092038435,138,2034177302,2.0,0.005,0.015,1.158516879006054,0.9941487259078362,0.9630107773431202,1.0021086602528746,0.9020880542620999,1.0728511116883863,0.9725127653959593,0.9358398995509248,1.0021582886947247
Passive,350.0,188.825,194.74785808251943,170.54119368894308,87.57025384930324,92.6448448434499,1025.9856340491526,0.0,0,0.0,0.0,0.0,0.0,138,2034177302,2.0,0.005,0.015,1.158516879006054,0.9941487259078362,0.9630107773431202,1.0021086602528746,0.9020880542620999,1.0728511116883863,0.9725127653959593,0.9358398995509248,1.0021582886947247
Continuous,350.0,188.825,193.6027419459493,168.17953734727953,86.86836542544036,99.8356096205888,1009.1107241626381,0.0,1,99.99999999999999,136.6635741727794,2.9457006013221614,-1.2389491752598973,138,2034177302,2.0,0.005,0.015,1.158516879006054,0.9941487259078362,0.9630107773431202,1.0021086602528746,0.9020880542620999,1.0728511116883863,0.9725127653959593,0.9358398995509248,1.0021582886947247
T-APIC,350.0,188.825,195.92021618218092,170.3703198143243,86.95903012678463,99.94685972644457,1001.0936982102677,0.0,7,26.923076923076923,23.520470327208116,0.8895778428624472,-0.17609623866504795,138,2034177302,2.0,0.005,0.015,1.158516879006054,0.9941487259078362,0.9630107773431202,1.0021086602528746,0.9020880542620999,1.0728511116883863,0.9725127653959593,0.9358398995509248,1.0021582886947247
E-APIC,350.0,188.825,196.9378182853283,172.05959608925437,87.36747344279516,99.94685972644457,1007.7031027784799,0.0,6,21.89349112426035,46.49026070556446,1.094744890101072,-0.29089904754446405,138,2034177302,2.0,0.005,0.015,1.158516879006054,0.9941487259078362,0.9630107773431202,1.0021086602528746,0.9020880542620999,1.0728511116883863,0.9725127653959593,0.9358398995509248,1.0021582886947247
ME-APIC,350.0,188.825,194.47461205783233,168.99708726439349,86.89930550633396,98.14306612850413,1000.6329785222872,0.0,7,23.076923076923073,28.242296373683136,0.8978877469552897,-0.48724127673155226,138,2034177302,2.0,0.005,0.015,1.158516879006054,0.9941487259078362,0.9630107773431202,1.0021086602528746,0.9020880542620999,1.0728511116883863,0.9725127653959593,0.9358398995509248,1.0021582886947247
Passive,300.0,157.3,170.94904829426068,103.2886950577844,60.420748806971936,79.19934834406149,471.87636056169185,0.0,0,0.0,0.0,0.0,0.0,139,1935113362,2.0,0.005,0.015,1.1227186121423578,1.0666956377483983,1.0003620739239383,0.9279553464124878,1.0637171559525411,1.017258454703552,1.009961636371563,0.9021895108303661,1.0912194388655723
Continuous,300.0,157.3,168.02322935605318,98.06593525659885,58.36451045039144,83.9300720522635,466.45586427116035,0.0,1,100.0,80.18616036865122,1.7427315726323058,-0.6912222281036546,139,1935113362,2.0,0.005,0.015,1.1227186121423578,1.0666956377483983,1.0003620739239383,0.9279553464124878,1.0637171559525411,1.017258454703552,1.009961636371563,0.9021895108303661,1.0912194388655723
T-APIC,300.0,157.3,170.9924291354996,101.87512505194397,59.57873431414616,83.44781039882088,472.5822730747531,0.0,8,27.594936708860757,24.376441749178237,0.6593170470809806,-0.18533339279713398,139,1935113362,2.0,0.005,0.015,1.1227186121423578,1.0666956377483983,1.0003620739239383,0.9279553464124878,1.0637171559525411,1.017258454703552,1.009961636371563,0.9021895108303661,1.0912194388655723
E-APIC,300.0,157.3,171.75696992689757,101.92742890696202,59.34398409004532,83.44781039882088,475.7736315125472,0.0,6,18.73417721518987,20.0640110379483,0.40345395577935833,-0.03369425714356443,139,1935113362,2.0,0.005,0.015,1.1227186121423578,1.0666956377483983,1.0003620739239383,0.9279553464124878,1.0637171559525411,1.017258454703552,1.009961636371563,0.9021895108303661,1.0912194388655723
ME-APIC,300.0,157.3,170.91125414737957,102.07130054056785,59.721813551581626,82.97370462025197,469.82991466335034,0.0,7,22.78481012658228,16.630039462819372,0.5011628860777521,-0.10897058058125633,139,1935113362,2.0,0.005,0.015,1.1227186121423578,1.0666956377483983,1.0003620739239383,0.9279553464124878,1.0637171559525411,1.017258454703552,1.009961636371563,0.9021895108303661,1.0912194388655723
Passive,350.0,188.825,197.25638162964773,178.8754331324195,90.68169640679164,94.21646153981833,1093.3516978294786,0.0,0,0.0,0.0,0.0,0.0,139,1935113362,2.0,0.005,0.015,1.1227186121423578,1.0666956377483983,1.0003620739239383,0.9279553464124878,1.0637171559525411,1.017258454703552,1.009961636371563,0.9021895108303661,1.0912194388655723
Continuous,350.0,188.825,195.4923592973004,176.2623801650666,90.16330909230611,96.07914973003683,1080.2953069872801,0.0,1,99.99999999999999,139.88074943642394,2.9877143893885925,-1.3515086399451932,139,1935113362,2.0,0.005,0.015,1.1227186121423578,1.0666956377483983,1.0003620739239383,0.9279553464124878,1.0637171559525411,1.017258454703552,1.009961636371563,0.9021895108303661,1.0912194388655723
T-APIC,350.0,188.825,198.306579553757,178.47819392019858,90.00114586304821,97.6193382511524,1056.886252976468,0.0,7,26.923076923076923,24.678477739889633,0.9186796833015084,-0.19980742385830405,139,1935113362,2.0,0.005,0.015,1.1227186121423578,1.0666956377483983,1.0003620739239383,0.9279553464124878,1.0637171559525411,1.017258454703552,1.009961636371563,0.9021895108303661,1.0912194388655723
E-APIC,350.0,188.825,198.8650151636563,179.94371175518555,90.48535339768061,97.6193382511524,1066.0776415664025,0.0,7,27.36686390532544,49.27204385127737,1.2083123812643228,-0.43600772371876656,139,1935113362,2.0,0.005,0.015,1.1227186121423578,1.0666956377483983,1.0003620739239383,0.9279553464124878,1.0637171559525411,1.017258454703552,1.009961636371563,0.9021895108303661,1.0912194388655723
ME-APIC,350.0,188.825,196.95751267227058,177.33835018886916,90.03888594183918,97.16681523669652,1060.2896819923628,0.0,7,23.076923076923073,29.821770966267778,0.9296903673425329,-0.4925826699043509,139,1935113362,2.0,0.005,0.015,1.1227186121423578,1.0666956377483983,1.0003620739239383,0.9279553464124878,1.0637171559525411,1.017258454703552,1.009961636371563,0.9021895108303661,1.0912194388655723
Passive,300.0,157.3,164.88204414759213,98.41632508739761,59.68892828578802,82.66617322944884,470.49957282600695,0.0,0,0.0,0.0,0.0,0.0,140,2061689097,2.0,0.005,0.015,0.9527168543102831,1.0487679794742673,1.0287625316457905,1.0744265158808808,0.9758430357586407,0.9048993413313139,0.9383441766437011,1.0973383956006677,1.0910986006655363
Continuous,300.0,157.3,162.14972709348126,93.51736331024439,57.673463277758415,87.90461311971056,461.5640871695909,0.0,1,100.0,82.36556468342363,1.74995264890723,-0.6029066721706976,140,2061689097,2.0,0.005,0.015,0.9527168543102831,1.0487679794742673,1.0287625316457905,1.0744265158808808,0.9758430357586407,0.9048993413313139,0.9383441766437011,1.0973383956006677,1.0910986006655363
T-APIC,300.0,157.3,164.73313084561747,97.04496013466967,58.910408389929195,87.10203959865959,466.2720044653312,0.0,8,27.594936708860757,22.62901166749683,0.6054454065891923,-0.2554506636658199,140,2061689097,2.0,0.005,0.015,0.9527168543102831,1.0487679794742673,1.0287625316457905,1.0744265158808808,0.9758430357586407,0.9048993413313139,0.9383441766437011,1.0973383956006677,1.0910986006655363
E-APIC,300.0,157.3,165.72187070139094,97.2661022058588,58.69237523942724,87.10203959864198,470.6643837738653,0.0,6,18.73417721518987,16.6473768145959,0.3853207409576328,-0.058540046984118896,140,2061689097,2.0,0.005,0.015,0.9527168543102831,1.0487679794742673,1.0287625316457905,1.0744265158808808,0.9758430357586407,0.9048993413313139,0.9383441766437011,1.0973383956006677,1.0910986006655363
ME-APIC,300.0,157.3,164.6686356378845,97.138424439281,58.9902406508631,86.45987602350374,466.6692800710327,0.0,7,22.78481012658228,17.152364490851422,0.5316034360319808,-0.10321137542747043,140,2061689097,2.0,0.005,0.015,0.9527168543102831,1.0487679794742673,1.0287625316457905,1.0744265158808808,0.9758430357586407,0.9048993413313139,0.9383441766437011,1.0973383956006677,1.0910986006655363
Passive,350.0,188.825,190.582432463945,169.57940856898838,88.97955933114139,95.72366257635561,1001.1545652724426,0.0,0,0.0,0.0,0.0,0.0,140,2061689097,2.0,0.005,0.015,0.9527168543102831,1.0487679794742673,1.0287625316457905,1.0744265158808808,0.9758430357586407,0.9048993413313139,0.9383441766437011,1.0973383956006677,1.0910986006655363
Continuous,350.0,188.825,188.9154677146039,167.32940009278994,88.5736896597455,88.15845393632813,1000.3436647726843,0.0,1,99.99999999999999,135.38664501961267,2.839997253308085,-1.3364119788979587,140,2061689097,2.0,0.005,0.015,0.9527168543102831,1.0487679794742673,1.0287625316457905,1.0744265158808808,0.9758430357586407,0.9048993413313139,0.9383441766437011,1.0973383956006677,1.0910986006655363
T-APIC,350.0,188.825,191.43695686363648,169.7009650960398,88.64587479674597,98.30309170209274,979.408031622833,0.0,7,26.923076923076923,21.05929724747768,0.8028657450223115,-0.22052008003832638,140,2061689097,2.0,0.005,0.015,0.9527168543102831,1.0487679794742673,1.0287625316457905,1.0744265158808808,0.9758430357586407,0.9048993413313139,0.9383441766437011,1.0973383956006677,1.0910986006655363
E-APIC,350.0,188.825,192.90592236763658,172.77994984255776,89.56694938234031,99.86088579780179,994.3469485180002,0.0,6,21.89349112426035,33.81059741050168,0.7578427505449699,-0.05456214762546814,140,2061689097,2.0,0.005,0.015,0.9527168543102831,1.0487679794742673,1.0287625316457905,1.0744265158808808,0.9758430357586407,0.9048993413313139,0.9383441766437011,1.0973383956006677,1.0910986006655363
ME-APIC,350.0,188.825,189.93854912487794,168.48573083089371,88.70539003650083,97.72095404097361,981.063759103863,0.0,7,22.928994082840234,24.827379949072228,0.821469516586233,-0.5802677144657389,140,2061689097,2.0,0.005,0.015,0.9527168543102831,1.0487679794742673,1.0287625316457905,1.0744265158808808,0.9758430357586407,0.9048993413313139,0.9383441766437011,1.0973383956006677,1.0910986006655363
Passive,300.0,157.3,165.7550449276754,98.20571889181441,59.247499184513465,84.06693782881618,457.88637633995097,0.0,0,0.0,0.0,0.0,0.0,141,601396508,2.0,0.005,0.015,1.1760996278274478,1.0386096492117853,0.9410625859280694,1.0634637455853584,0.998252349202156,1.0416150438670349,1.084179570732423,1.0673508179839004,1.0084752212079735
Continuous,300.0,157.3,163.60635197662484,93.54883456512577,57.17921916533627,89.40372152237077,460.12234722895636,0.0,1,100.0,76.24879619891378,1.6806783223809465,-0.5346808775965785,141,601396508,2.0,0.005,0.015,1.1760996278274478,1.0386096492117853,0.9410625859280694,1.0634637455853584,0.998252349202156,1.0416150438670349,1.084179570732423,1.0673508179839004,1.0084752212079735
T-APIC,300.0,157.3,165.912253395229,96.91460331267184,58.41316800261043,89.19677485143603,465.4666350635287,0.0,8,27.594936708860757,22.08166627605645,0.6019844152735127,-0.17145606466480082,141,601396508,2.0,0.005,0.015,1.1760996278274478,1.0386096492117853,0.9410625859280694,1.0634637455853584,0.998252349202156,1.0416150438670349,1.084179570732423,1.0673508179839004,1.0084752212079735
E-APIC,300.0,157.3,166.12836128288993,95.74734918272178,57.634559471563925,89.19677485143603,467.1596289826387,0.0,7,23.41772151898734,25.35402042267522,0.5715921719611519,-0.16158840523401657,141,601396508,2.0,0.005,0.015,1.1760996278274478,1.0386096492117853,0.9410625859280694,1.0634637455853584,0.998252349202156,1.0416150438670349,1.084179570732423,1.0673508179839004,1.0084752212079735
ME-APIC,300.0,157.3,165.79811043683648,97.10161660873706,58.56617807820525,88.70243390393485,463.0887058961721,0.0,7,22.658227848101262,14.882961966895587,0.4859089076844207,-0.07717729252607897,141,601396508,2.0,0.005,0.015,1.1760996278274478,1.0386096492117853,0.9410625859280694,1.0634637455853584,0.998252349202156,1.0416150438670349,1.084179570732423,1.0673508179839004,1.0084752212079735
Passive,350.0,188.825,191.58864398932369,170.70064556355308,89.09747572150748,95.96824011044953,1024.7141319443167,0.0,0,0.0,0.0,0.0,0.0,141,601396508,2.0,0.005,0.015,1.1760996278274478,1.0386096492117853,0.9410625859280694,1.0634637455853584,0.998252349202156,1.0416150438670349,1.084179570732423,1.0673508179839004,1.0084752212079735
Continuous,350.0,188.825,190.60886075867037,168.7410808442681,88.52740642414886,98.42067492168414,1014.9261049240517,0.0,1,99.99999999999999,131.99354524556105,2.8354798416578064,-1.1765225592410136,141,601396508,2.0,0.005,0.015,1.1760996278274478,1.0386096492117853,0.9410625859280694,1.0634637455853584,0.998252349202156,1.0416150438670349,1.084179570732423,1.0673508179839004,1.0084752212079735
T-APIC,350.0,188.825,192.7332726659649,170.56643904717248,88.4986991025619,103.14393936996396,999.7286620741779,0.0,7,26.923076923076923,23.48676512941157,0.8672856297504273,-0.1717434795342469,141,601396508,2.0,0.005,0.015,1.1760996278274478,1.0386096492117853,0.9410625859280694,1.0634637455853584,0.998252349202156,1.0416150438670349,1.084179570732423,1.0673508179839004,1.0084752212079735
E-APIC,350.0,188.825,195.24158907576447,173.79242573048512,89.01403976129497,103.14393936996396,1015.0518154275202,0.0,5,16.420118343195266,34.698365764583734,0.8462980861885528,0.29454895940607057,141,601396508,2.0,0.005,0.015,1.1760996278274478,1.0386096492117853,0.9410625859280694,1.0634637455853584,0.998252349202156,1.0416150438670349,1.084179570732423,1.0673508179839004,1.0084752212079735
ME-APIC,350.0,188.825,191.3509038909623,169.34771718260134,88.50113259935316,101.38138455165254,1000.3380411256902,0.0,7,23.076923076923073,26.461300171410528,0.8449786547421099,-0.4744129226159749,141,601396508,2.0,0.005,0.015,1.1760996278274478,1.0386096492117853,0.9410625859280694,1.0634637455853584,0.998252349202156,1.0416150438670349,1.084179570732423,1.0673508179839004,1.0084752212079735
Passive,300.0,157.3,167.98666583282892,100.33640341716706,59.728790329713625,83.25034533924403,467.78388410871884,0.0,0,0.0,0.0,0.0,0.0,142,758924330,2.0,0.005,0.015,1.0134783097379163,1.0750886700802031,0.9582705510327149,0.9395287888257808,1.001409773897223,1.0101135045664447,0.9953760736645386,1.0013853274418707,0.9911009617147624
Continuous,300.0,157.3,165.37284132426137,95.41385720498756,57.696207213312036,87.69998637459706,469.4177558242211,0.0,1,100.0,77.42177427505416,1.7019208178087972,-0.5879369112999165,142,758924330,2.0,0.005,0.015,1.0134783097379163,1.0750886700802031,0.9582705510327149,0.9395287888257808,1.001409773897223,1.0101135045664447,0.9953760736645386,1.0013853274418707,0.9911009617147624
T-APIC,300.0,157.3,168.0418986458672,99.01059459114059,58.92018323346624,87.22535456925449,475.28845751478514,0.0,8,27.594936708860757,22.930554701088603,0.6303546904769357,-0.18134470554486737,142,758924330,2.0,0.005,0.015,1.0134783097379163,1.0750886700802031,0.9582705510327149,0.9395287888257808,1.001409773897223,1.0101135045664447,0.9953760736645386,1.0013853274418707,0.9911009617147624
E-APIC,300.0,157.3,167.85499267336021,99.07760323185866,59.02571121292777,87.22535456925449,478.3600924490095,0.0,6,18.73417721518987,22.50035016425726,0.5344551556010236,-0.21829655081633065,142,758924330,2.0,0.005,0.015,1.0134783097379163,1.0750886700802031,0.9582705510327149,0.9395287888257808,1.001409773897223,1.0101135045664447,0.9953760736645386,1.0013853274418707,0.9911009617147624
ME-APIC,300.0,157.3,167.94645557459182,99.18966783787597,59.06029245959395,86.77370678255926,472.84257123712644,0.0,7,22.78481012658228,15.484963561382145,0.49950924186526013,-0.08247381705273993,142,758924330,2.0,0.005,0.015,1.0134783097379163,1.0750886700802031,0.9582705510327149,0.9395287888257808,1.001409773897223,1.0101135045664447,0.9953760736645386,1.0013853274418707,0.9911009617147624
Passive,350.0,188.825,194.82314824414806,177.16214743609737,90.93485503790427,98.52105664162656,1078.4117056609991,0.0,0,0.0,0.0,0.0,0.0,142,758924330,2.0,0.005,0.015,1.0134783097379163,1.0750886700802031,0.9582705510327149,0.9395287888257808,1.001409773897223,1.0101135045664447,0.9953760736645386,1.0013853274418707,0.9911009617147624
Continuous,350.0,188.825,193.359157373277,174.91911638339053,90.46332160297523,96.10771562924226,1057.4437998032365,0.0,1,99.99999999999999,135.77659607749922,2.8859156001367716,-1.2734727143225015,142,758924330,2.0,0.005,0.015,1.0134783097379163,1.0750886700802031,0.9582705510327149,0.9395287888257808,1.001409773897223,1.0101135045664447,0.9953760736645386,1.0013853274418707,0.9911009617147624
T-APIC,350.0,188.825,195.8972634996381,176.8755302468773,90.28994437546295,104.26493730682523,1049.602613112734,0.0,7,26.923076923076923,23.016294054804273,0.8845700615731444,-0.17120934202248947,142,758924330,2.0,0.005,0.015,1.0134783097379163,1.0750886700802031,0.9582705510327149,0.9395287888257808,1.001409773897223,1.0101135045664447,0.9953760736645386,1.0013853274418707,0.9911009617147624
E-APIC,350.0,188.825,197.53046819966443,180.3485416584565,91.30163225055469,104.26493730682523,1068.5023198086474,0.0,6,21.89349112426035,34.33333084463471,0.7810372319297434,0.02324997875932655,142,758924330,2.0,0.005,0.015,1.0134783097379163,1.0750886700802031,0.9582705510327149,0.9395287888257808,1.001409773897223,1.0101135045664447,0.9953760736645386,1.0013853274418707,0.9911009617147624
ME-APIC,350.0,188.825,194.50784280992454,175.90152602745243,90.43415601464747,103.58862611049595,1053.8942594096309,0.0,7,22.928994082840234,26.203622195232768,0.8532123232891292,-0.48748301558097706,142,758924330,2.0,0.005,0.015,1.0134783097379163,1.0750886700802031,0.9582705510327149,0.9395287888257808,1.001409773897223,1.0101135045664447,0.9953760736645386,1.0013853274418707,0.9911009617147624
Passive,300.0,157.3,167.85338415526874,100.36123696105001,59.79101193945144,84.02190850486087,467.26242059906764,0.0,0,0.0,0.0,0.0,0.0,143,784922310,2.0,0.005,0.015,1.1315609330110947,1.0772269774162233,1.0579366658199574,1.0991923111358166,0.946700257360317,0.9973183411831472,1.0919689157674073,0.9514489570794536,0.9584071090007497
Continuous,300.0,157.3,165.37637552067596,95.35206937473887,57.65761226446616,89.49936632464397,466.3076233913952,0.0,1,100.0,80.42363730361816,1.7646846610093303,-0.5973092650002041,143,784922310,2.0,0.005,0.015,1.1315609330110947,1.0772269774162233,1.0579366658199574,1.0991923111358166,0.946700257360317,0.9973183411831472,1.0919689157674073,0.9514489570794536,0.9584071090007497
T-APIC,300.0,157.3,167.83698523000882,98.96815412008436,58.96683259917678,89.16726366574353,471.4501482445325,0.0,8,27.594936708860757,21.414540363332897,0.6132220835224141,-0.2544467261395257,143,784922310,2.0,0.005,0.015,1.1315609330110947,1.0772269774162233,1.0579366658199574,1.0991923111358166,0.946700257360317,0.9973183411831472,1.0919689157674073,0.9514489570794536,0.9584071090007497
E-APIC,300.0,157.3,168.9033604069377,99.27199047023808,58.774431859178385,89.16726366574353,475.32017089022673,0.0,6,18.73417721518987,15.949066293218838,0.41392988577591405,-0.040337795260905605,143,784922310,2.0,0.005,0.015,1.1315609330110947,1.0772269774162233,1.0579366658199574,1.0991923111358166,0.946700257360317,0.9973183411831472,1.0919689157674073,0.9514489570794536,0.9584071090007497
ME-APIC,300.0,157.3,167.75576170433686,99.01086392014358,59.02084251189325,88.59973717167713,470.1165031628344,0.0,7,22.78481012658228,17.34553391579096,0.5618086666123758,-0.11351902216463076,143,784922310,2.0,0.005,0.015,1.1315609330110947,1.0772269774162233,1.0579366658199574,1.0991923111358166,0.946700257360317,0.9973183411831472,1.0919689157674073,0.9514489570794536,0.9584071090007497
Passive,350.0,188.825,194.2363906439391,173.66901951729014,89.41116489116004,94.58210614624801,1032.5097254291531,0.0,0,0.0,0.0,0.0,0.0,143,784922310,2.0,0.005,0.015,1.1315609330110947,1.0772269774162233,1.0579366658199574,1.0991923111358166,0.946700257360317,0.9973183411831472,1.0919689157674073,0.9514489570794536,0.9584071090007497
Continuous,350.0,188.825,192.96780171808012,171.3582414084335,88.8014683707609,103.11128283487947,1008.2041059739357,0.0,1,99.99999999999999,135.1473426793759,2.937247162843301,-1.3180833772113758,143,784922310,2.0,0.005,0.015,1.1315609330110947,1.0772269774162233,1.0579366658199574,1.0991923111358166,0.946700257360317,0.9973183411831472,1.0919689157674073,0.9514489570794536,0.9584071090007497
T-APIC,350.0,188.825,195.30862687017705,173.87119360924683,89.02381650802357,101.64224989356504,1017.6353162406202,0.0,7,26.923076923076923,22.03553024338458,0.8418957661461974,-0.2076102769839345,143,784922310,2.0,0.005,0.015,1.1315609330110947,1.0772269774162233,1.0579366658199574,1.0991923111358166,0.946700257360317,0.9973183411831472,1.0919689157674073,0.9514489570794536,0.9584071090007497
E-APIC,350.0,188.825,196.44470208288632,175.68867891620692,89.43416496011088,101.64224988879728,1023.0805481825901,0.0,6,21.89349112426035,45.187935193012116,1.0627996999988314,-0.31286698394326834,143,784922310,2.0,0.005,0.015,1.1315609330110947,1.0772269774162233,1.0579366658199574,1.0991923111358166,0.946700257360317,0.9973183411831472,1.0919689157674073,0.9514489570794536,0.9584071090007497
ME-APIC,350.0,188.825,193.9015312215319,172.42032373210282,88.92158955419136,99.92271454888726,1015.4621626397228,0.0,7,23.076923076923073,26.84081910707201,0.8602874198721049,-0.5327418068131184,143,784922310,2.0,0.005,0.015,1.1315609330110947,1.0772269774162233,1.0579366658199574,1.0991923111358166,0.946700257360317,0.9973183411831472,1.0919689157674073,0.9514489570794536,0.9584071090007497
Passive,300.0,157.3,166.78215320746966,100.29600923955611,60.13593619623815,80.54064582469366,465.1744836983034,0.0,0,0.0,0.0,0.0,0.0,144,1072041571,2.0,0.005,0.015,1.0467057912148063,1.006659874439922,0.999148317741628,1.0872677300857352,1.0539332448739855,0.9842443881262575,0.9500292781614306,1.046143204383246,1.079092159186994
Continuous,300.0,157.3,164.25683760371103,95.29841808360311,58.01793062248146,84.76092452008584,459.79503600990927,0.0,1,100.0,78.81500037795358,1.7077673507617954,-0.5743020567638991,144,1072041571,2.0,0.005,0.015,1.0467057912148063,1.006659874439922,0.999148317741628,1.0872677300857352,1.0539332448739855,0.9842443881262575,0.9500292781614306,1.046143204383246,1.079092159186994
T-APIC,300.0,157.3,166.84590183605573,98.9320060251274,59.295436649285435,84.31248566238074,465.4289774659773,0.0,8,27.594936708860757,22.850009912044563,0.6164958512982825,-0.1982659424038355,144,1072041571,2.0,0.005,0.015,1.0467057912148063,1.006659874439922,0.999148317741628,1.0872677300857352,1.0539332448739855,0.9842443881262575,0.9500292781614306,1.046143204383246,1.079092159186994
E-APIC,300.0,157.3,166.7975146160405,98.41290818695077,59.00142362042524,84.31248566238074,464.20989707180604,0.0,6,18.73417721518987,20.72925629817154,0.5163597206861542,-0.21929587404483078,144,1072041571,2.0,0.005,0.015,1.0467057912148063,1.006659874439922,0.999148317741628,1.0872677300857352,1.0539332448739855,0.9842443881262575,0.9500292781614306,1.046143204383246,1.079092159186994
ME-APIC,300.0,157.3,166.68955128446805,99.06185148933459,59.4289508406428,83.89071913920996,463.026979387011,0.0,7,22.78481012658228,15.971812734500391,0.5003011893505841,-0.08524261914364265,144,1072041571,2.0,0.005,0.015,1.0467057912148063,1.006659874439922,0.999148317741628,1.0872677300857352,1.0539332448739855,0.9842443881262575,0.9500292781614306,1.046143204383246,1.079092159186994
Passive,350.0,188.825,191.8605766202972,170.4758069311243,88.85400530641867,96.27675645832274,1027.5195227655904,0.0,0,0.0,0.0,0.0,0.0,144,1072041571,2.0,0.005,0.015,1.0467057912148063,1.006659874439922,0.999148317741628,1.0872677300857352,1.0539332448739855,0.9842443881262575,0.9500292781614306,1.046143204383246,1.079092159186994
Continuous,350.0,188.825,190.43218691906816,168.14835782812867,88.29828641288991,89.39813079468476,1020.0669397566767,0.0,1,99.99999999999999,134.74665223921272,2.855759769582778,-1.270345825772144,144,1072041571,2.0,0.005,0.015,1.0467057912148063,1.006659874439922,0.999148317741628,1.0872677300857352,1.0539332448739855,0.9842443881262575,0.9500292781614306,1.046143204383246,1.079092159186994
T-APIC,350.0,188.825,192.89753462009645,170.2294648331806,88.2486472252952,99.25410013613812,997.7652850326774,0.0,7,26.923076923076923,21.899424013678807,0.8545531490262596,-0.17705031817424302,144,1072041571,2.0,0.005,0.015,1.0467057912148063,1.006659874439922,0.999148317741628,1.0872677300857352,1.0539332448739855,0.9842443881262575,0.9500292781614306,1.046143204383246,1.079092159186994
E-APIC,350.0,188.825,194.36792493194082,173.38102692164887,89.20248903329053,99.25410013613812,1015.1392581520839,0.0,6,21.89349112426035,33.56927977688753,0.774477547432714,-0.014285496130538346,144,1072041571,2.0,0.005,0.015,1.0467057912148063,1.006659874439922,0.999148317741628,1.0872677300857352,1.0539332448739855,0.9842443881262575,0.9500292781614306,1.046143204383246,1.079092159186994
ME-APIC,350.0,188.825,191.57846361719766,169.37595692352872,88.41075020935921,98.8529693836745,1002.1083877013224,0.0,7,23.076923076923073,25.91235874120945,0.8358029794941279,-0.4962824297245031,144,1072041571,2.0,0.005,0.015,1.0467057912148063,1.006659874439922,0.999148317741628,1.0872677300857352,1.0539332448739855,0.9842443881262575,0.9500292781614306,1.046143204383246,1.079092159186994
Passive,300.0,157.3,166.47646245116363,98.17256161820211,58.97083598049263,83.89811808158643,464.26654118401893,0.0,0,0.0,0.0,0.0,0.0,145,2035198691,2.0,0.005,0.015,1.1511408558027543,0.9911127767480432,1.0980122869848357,1.0371070678675713,0.9279012874486964,0.9068720466559606,0.977047740031315,1.0024277703071702,1.0270071824364762
Continuous,300.0,157.3,163.51309723915395,92.88671524702688,56.80689609296003,87.85590462556921,461.8058085602073,0.0,1,100.0,83.38430126060008,1.7693781159412352,-0.6575573542098555,145,2035198691,2.0,0.005,0.015,1.1511408558027543,0.9911127767480432,1.0980122869848357,1.0371070678675713,0.9279012874486964,0.9068720466559606,0.977047740031315,1.0024277703071702,1.0270071824364762
T-APIC,300.0,157.3,166.23332662249697,96.65196264975259,58.14235004106109,87.71447048469906,467.02648559811104,0.0,8,27.594936708860757,22.35300904546701,0.6037981077412553,-0.28570814933487554,145,2035198691,2.0,0.005,0.015,1.1511408558027543,0.9911127767480432,1.0980122869848357,1.0371070678675713,0.9279012874486964,0.9068720466559606,0.977047740031315,1.0024277703071702,1.0270071824364762
E-APIC,300.0,157.3,167.16457950806202,96.8283171679326,57.923943847962576,87.71447048469906,471.4921430574118,0.0,6,18.73417721518987,15.88037924647207,0.36254964559714986,-0.093208843076677,145,2035198691,2.0,0.005,0.015,1.1511408558027543,0.9911127767480432,1.0980122869848357,1.0371070678675713,0.9279012874486964,0.9068720466559606,0.977047740031315,1.0024277703071702,1.0270071824364762
ME-APIC,300.0,157.3,166.23558319559876,96.81459782521542,58.23939493826655,87.53670447498143,465.9897440988734,0.0,7,22.78481012658228,17.61610760811893,0.5445518517596629,-0.12658380306864853,145,2035198691,2.0,0.005,0.015,1.1511408558027543,0.9911127767480432,1.0980122869848357,1.0371070678675713,0.9279012874486964,0.9068720466559606,0.977047740031315,1.0024277703071702,1.0270071824364762
Passive,350.0,188.825,192.01151418891055,166.97564720276296,86.9612678740109,94.09710734773952,982.6330232719201,0.0,0,0.0,0.0,0.0,0.0,145,2035198691,2.0,0.005,0.015,1.1511408558027543,0.9911127767480432,1.0980122869848357,1.0371070678675713,0.9279012874486964,0.9068720466559606,0.977047740031315,1.0024277703071702,1.0270071824364762
Continuous,350.0,188.825,190.12623621488837,164.58295434890934,86.56509360596137,100.81577907394608,983.205048343721,0.0,1,99.99999999999999,138.54848835346596,2.954250895116866,-1.3999727236312909,145,2035198691,2.0,0.005,0.015,1.1511408558027543,0.9911127767480432,1.0980122869848357,1.0371070678675713,0.9279012874486964,0.9068720466559606,0.977047740031315,1.0024277703071702,1.0270071824364762
T-APIC,350.0,188.825,192.73436762319946,167.0977765551529,86.69848487107045,100.1708261127949,964.2568852756696,0.0,7,26.923076923076923,22.85032172016274,0.8361429105498057,-0.2710511833296503,145,2035198691,2.0,0.005,0.015,1.1511408558027543,0.9911127767480432,1.0980122869848357,1.0371070678675713,0.9279012874486964,0.9068720466559606,0.977047740031315,1.0024277703071702,1.0270071824364762
E-APIC,350.0,188.825,194.0859661844416,169.1302970386208,87.141950736353,100.1708261127949,972.0469672023755,0.0,6,21.89349112426035,50.88408920598005,1.0785215426595094,-0.32940584806859224,145,2035198691,2.0,0.005,0.015,1.1511408558027543,0.9911127767480432,1.0980122869848357,1.0371070678675713,0.9279012874486964,0.9068720466559606,0.977047740031315,1.0024277703071702,1.0270071824364762
ME-APIC,350.0,188.825,191.3736713503043,165.61863750051782,86.54201820550196,98.7818862904622,963.2313399755254,0.0,7,23.076923076923073,27.3541010444303,0.859609061692272,-0.5883267678942398,145,2035198691,2.0,0.005,0.015,1.1511408558027543,0.9911127767480432,1.0980122869848357,1.0371070678675713,0.9279012874486964,0.9068720466559606,0.977047740031315,1.0024277703071702,1.0270071824364762
Passive,300.0,157.3,167.68403703639717,99.00414373086582,59.042080260374554,82.57711680098872,466.5190296589477,0.0,0,0.0,0.0,0.0,0.0,146,1112582612,2.0,0.005,0.015,1.1938130122526016,0.9478483106505413,1.0012755877106463,0.9601625974048694,0.980586562847537,0.9681557263619595,0.9585650897785395,0.9850958641268159,1.033242462130176
Continuous,300.0,157.3,164.77251434643415,93.80839811184248,56.93206690686916,87.40868543926217,458.47976952057604,0.0,1,100.0,81.27505470037381,1.7339310086803963,-0.6618425448544495,146,1112582612,2.0,0.005,0.015,1.1938130122526016,0.9478483106505413,1.0012755877106463,0.9601625974048694,0.980586562847537,0.9681557263619595,0.9585650897785395,0.9850958641268159,1.033242462130176
T-APIC,300.0,157.3,167.57130529044272,97.47053482026985,58.166602361501674,86.95678955465792,463.41670155206066,0.0,8,27.594936708860757,24.579948580163673,0.6450581540250031,-0.21353785120816035,146,1112582612,2.0,0.005,0.015,1.1938130122526016,0.9478483106505413,1.0012755877106463,0.9601625974048694,0.980586562847537,0.9681557263619595,0.9585650897785395,0.9850958641268159,1.033242462130176
E-APIC,300.0,157.3,167.59330415733484,96.17474051524698,57.38578936599945,86.95678955465792,462.8626389310974,0.0,6,18.73417721518987,19.645784761515788,0.4988460222952808,-0.2363775216407743,146,1112582612,2.0,0.005,0.015,1.1938130122526016,0.9478483106505413,1.0012755877106463,0.9601625974048694,0.980586562847537,0.9681557263619595,0.9585650897785395,0.9850958641268159,1.033242462130176
ME-APIC,300.0,157.3,167.56022504187595,97.69821456415426,58.30632809172817,86.53440378846004,462.8716416579525,0.0,7,22.78481012658228,17.094319732213396,0.5035458499161283,-0.1035305698273763,146,1112582612,2.0,0.005,0.015,1.1938130122526016,0.9478483106505413,1.0012755877106463,0.9601625974048694,0.980586562847537,0.9681557263619595,0.9585650897785395,0.9850958641268159,1.033242462130176
Passive,350.0,188.825,193.05600583828596,167.5937067471048,86.81092619697637,94.43544674578746,1014.783086809004,0.0,0,0.0,0.0,0.0,0.0,146,1112582612,2.0,0.005,0.015,1.1938130122526016,0.9478483106505413,1.0012755877106463,0.9601625974048694,0.980586562847537,0.9681557263619595,0.9585650897785395,0.9850958641268159,1.033242462130176
Continuous,350.0,188.825,191.1615236262029,164.69470007872093,86.15473289528954,90.12524988561901,1006.2517853160093,0.0,1,99.99999999999999,139.54223548088743,2.901965599175889,-1.3456011470732225,146,1112582612,2.0,0.005,0.015,1.1938130122526016,0.9478483106505413,1.0012755877106463,0.9601625974048694,0.980586562847537,0.9681557263619595,0.9585650897785395,0.9850958641268159,1.033242462130176
T-APIC,350.0,188.825,193.90029873338847,167.00849830347693,86.13111964985285,100.59429352468217,982.7875621216069,0.0,7,26.923076923076923,22.375974961778905,0.8670106024930352,-0.21171234826193858,146,1112582612,2.0,0.005,0.015,1.1938130122526016,0.9478483106505413,1.0012755877106463,0.9601625974048694,0.980586562847537,0.9681557263619595,0.9585650897785395,0.9850958641268159,1.033242462130176
E-APIC,350.0,188.825,194.5105331475529,168.88510641009867,86.82568685469843,100.59429352468217,994.5380127152208,0.0,7,27.36686390532544,51.610285871374856,1.1673217616220188,-0.4585983278647173,146,1112582612,2.0,0.005,0.015,1.1938130122526016,0.9478483106505413,1.0012755877106463,0.9601625974048694,0.980586562847537,0.9681557263619595,0.9585650897785395,0.9850958641268159,1.033242462130176
ME-APIC,350.0,188.825,192.5702558500418,166.20934724116037,86.31101750760034,99.27477053733398,988.036389977948,0.0,7,23.076923076923073,27.911768726869013,0.8721198815955336,-0.5350985760287245,146,1112582612,2.0,0.005,0.015,1.1938130122526016,0.9478483106505413,1.0012755877106463,0.9601625974048694,0.980586562847537,0.9681557263619595,0.9585650897785395,0.9850958641268159,1.033242462130176
Passive,300.0,157.3,169.70490773712976,100.95619217511029,59.48925904458216,83.61081445769591,466.65901497306294,0.0,0,0.0,0.0,0.0,0.0,147,1398671201,2.0,0.005,0.015,0.983904257047976,0.9772668638834203,0.9555683947568734,1.0626667411683994,1.0276123250604827,1.021135015256751,1.0462728622208188,0.9033896147898577,0.9088515463782285
Continuous,300.0,157.3,166.8496684653966,95.51821369891788,57.248069221502625,90.49316806381555,465.30239752489535,0.0,1,100.0,80.41477092754562,1.7624673645191984,-0.6223062660872122,147,1398671201,2.0,0.005,0.015,0.983904257047976,0.9772668638834203,0.9555683947568734,1.0626667411683994,1.0276123250604827,1.021135015256751,1.0462728622208188,0.9033896147898577,0.9088515463782285
T-APIC,300.0,157.3,169.63431179353708,99.4020361086456,58.59783616750154,89.6771426708805,466.22169063776124,0.0,8,27.594936708860757,23.31766845703423,0.6478680145416763,-0.21886206053766247,147,1398671201,2.0,0.005,0.015,0.983904257047976,0.9772668638834203,0.9555683947568734,1.0626667411683994,1.0276123250604827,1.021135015256751,1.0462728622208188,0.9033896147898577,0.9088515463782285
E-APIC,300.0,157.3,170.4191058168744,99.41049107770368,58.33294958402507,89.67714275080907,464.816254842248,0.0,6,18.73417721518987,16.352794025427634,0.3829991633840943,-0.0689636713039633,147,1398671201,2.0,0.005,0.015,0.983904257047976,0.9772668638834203,0.9555683947568734,1.0626667411683994,1.0276123250604827,1.021135015256751,1.0462728622208188,0.9033896147898577,0.9088515463782285
ME-APIC,300.0,157.3,169.16894729277396,99.20749997591304,58.64403696041128,88.62093663413988,463.77292893286244,0.0,7,22.78481012658228,16.538421074781855,0.6142706659662953,-0.1358992234764346,147,1398671201,2.0,0.005,0.015,0.983904257047976,0.9772668638834203,0.9555683947568734,1.0626667411683994,1.0276123250604827,1.021135015256751,1.0462728622208188,0.9033896147898577,0.9088515463782285
Passive,350.0,188.825,195.66080838008529,172.69392873215952,88.2618906473539,96.41609919000946,1054.1415919457265,0.0,0,0.0,0.0,0.0,0.0,147,1398671201,2.0,0.005,0.015,0.983904257047976,0.9772668638834203,0.9555683947568734,1.0626667411683994,1.0276123250604827,1.021135015256751,1.0462728622208188,0.9033896147898577,0.9088515463782285
Continuous,350.0,188.825,193.93559478662567,169.85382417977496,87.58259378153544,102.04748120987769,1021.7388439979178,0.0,1,99.99999999999999,140.0305413462417,2.981899823302096,-1.3657254049239616,147,1398671201,2.0,0.005,0.015,0.983904257047976,0.9772668638834203,0.9555683947568734,1.0626667411683994,1.0276123250604827,1.021135015256751,1.0462728622208188,0.9033896147898577,0.9088515463782285
T-APIC,350.0,188.825,196.60527343939702,172.11775406166177,87.54483084336826,103.14917373544006,1028.2602682162076,0.0,7,26.923076923076923,23.311701966750967,0.907131020778158,-0.2073203753733845,147,1398671201,2.0,0.005,0.015,0.983904257047976,0.9772668638834203,0.9555683947568734,1.0626667411683994,1.0276123250604827,1.021135015256751,1.0462728622208188,0.9033896147898577,0.9088515463782285
E-APIC,350.0,188.825,197.4543137904453,175.44156768444176,88.85172692182088,103.14917373544006,1046.4072397416721,0.0,6,21.89349112426035,37.297379172938456,0.9268946627653338,-0.2155824595031441,147,1398671201,2.0,0.005,0.015,0.983904257047976,0.9772668638834203,0.9555683947568734,1.0626667411683994,1.0276123250604827,1.021135015256751,1.0462728622208188,0.9033896147898577,0.9088515463782285
ME-APIC,350.0,188.825,195.44913543012893,171.28735519680654,87.63781677511692,101.73167021564625,1031.167319723384,0.0,7,23.076923076923073,28.968314074074595,0.9129660472335798,-0.4736065035634363,147,1398671201,2.0,0.005,0.015,0.983904257047976,0.9772668638834203,0.9555683947568734,1.0626667411683994,1.0276123250604827,1.021135015256751,1.0462728622208188,0.9033896147898577,0.9088515463782285
Passive,300.0,157.3,169.09088368316074,98.45210687413326,58.22437302924676,85.27263121559238,463.2164281370706,0.0,0,0.0,0.0,0.0,0.0,148,1516279657,2.0,0.005,0.015,0.9488637112213983,0.9039923457400031,0.9355613716349004,0.9442723323151851,0.973019222159552,1.022274524714319,1.0637045604560897,0.9149737720605694,0.9437323029415661
Continuous,300.0,157.3,166.13465479138998,93.04604206455647,56.00640166339253,92.0008255198568,461.8792122621404,0.0,1,100.0,80.30858858507118,1.7148687342565223,-0.6888929551347727,148,1516279657,2.0,0.005,0.015,0.9488637112213983,0.9039923457400031,0.9355613716349004,0.9442723323151851,0.973019222159552,1.022274524714319,1.0637045604560897,0.9149737720605694,0.9437323029415661
T-APIC,300.0,157.3,168.9796493000788,96.79852135205702,57.28412962921913,91.25659565753493,463.94484343041216,0.0,8,27.594936708860757,24.900057407395906,0.6663993865977934,-0.19346974168947753,148,1516279657,2.0,0.005,0.015,0.9488637112213983,0.9039923457400031,0.9355613716349004,0.9442723323151851,0.973019222159552,1.022274524714319,1.0637045604560897,0.9149737720605694,0.9437323029415661
E-APIC,300.0,157.3,169.60119367659246,96.86972922661889,57.116183634495485,91.25658655585579,459.87243248399926,0.0,6,18.73417721518987,19.691515390033416,0.4060825218235742,-0.07723984035943665,148,1516279657,2.0,0.005,0.015,0.9488637112213983,0.9039923457400031,0.9355613716349004,0.9442723323151851,0.973019222159552,1.022274524714319,1.0637045604560897,0.9149737720605694,0.9437323029415661
ME-APIC,300.0,157.3,169.05851958014526,97.22694375064835,57.51082169186756,90.02282052128889,454.26277031651165,0.0,7,22.40506329113924,16.529485516628746,0.48483595299999344,-0.09973226504872006,148,1516279657,2.0,0.005,0.015,0.9488637112213983,0.9039923457400031,0.9355613716349004,0.9442723323151851,0.973019222159552,1.022274524714319,1.0637045604560897,0.9149737720605694,0.9437323029415661
Passive,350.0,188.825,194.76687809595893,166.76032329724626,85.62047352583521,94.33308168013993,1014.6361716477206,0.0,0,0.0,0.0,0.0,0.0,148,1516279657,2.0,0.005,0.015,0.9488637112213983,0.9039923457400031,0.9355613716349004,0.9442723323151851,0.973019222159552,1.022274524714319,1.0637045604560897,0.9149737720605694,0.9437323029415661
Continuous,350.0,188.825,192.85894374161117,163.81189626908503,84.93870861833463,96.5022591584016,1007.061840803997,0.0,1,99.99999999999999,142.0482966147697,2.9776561303574005,-1.3475085411544743,148,1516279657,2.0,0.005,0.015,0.9488637112213983,0.9039923457400031,0.9355613716349004,0.9442723323151851,0.973019222159552,1.022274524714319,1.0637045604560897,0.9149737720605694,0.9437323029415661
T-APIC,350.0,188.825,195.62146462127782,166.03817485484817,84.87727825588937,102.15842987508448,985.2852502888131,0.0,7,26.923076923076923,24.206303660327148,0.9078190577024584,-0.2164992420043706,148,1516279657,2.0,0.005,0.015,0.9488637112213983,0.9039923457400031,0.9355613716349004,0.9442723323151851,0.973019222159552,1.022274524714319,1.0637045604560897,0.9149737720605694,0.9437323029415661
E-APIC,350.0,188.825,197.26950733075586,169.70334721167012,86.02614236123863,102.15842987508448,1003.9755515951848,0.0,6,21.89349112426035,34.57301454405824,0.8137566328753377,-0.02313130318291586,148,1516279657,2.0,0.005,0.015,0.9488637112213983,0.9039923457400031,0.9355613716349004,0.9442723323151851,0.973019222159552,1.022274524714319,1.0637045604560897,0.9149737720605694,0.9437323029415661
ME-APIC,350.0,188.825,194.4274455832702,165.11071343340424,84.92150526284105,100.15682425874944,985.7921585720738,0.0,7,23.076923076923073,29.850626483855834,0.9205835385518114,-0.4748851050504274,148,1516279657,2.0,0.005,0.015,0.9488637112213983,0.9039923457400031,0.9355613716349004,0.9442723323151851,0.973019222159552,1.022274524714319,1.0637045604560897,0.9149737720605694,0.9437323029415661
Passive,300.0,157.3,167.9595971893164,98.84885929249187,58.85276039396185,83.71135801101016,472.14453404465416,0.0,0,0.0,0.0,0.0,0.0,149,1239737710,2.0,0.005,0.015,0.8856794818550412,1.0498917749875734,0.9767247874628628,0.9534025945231658,0.9180997454092487,0.9911549223357096,0.9206791317701338,0.9639834204916278,0.9714424923494941
Continuous,300.0,157.3,165.26314665046897,93.83817824892313,56.781067134943626,87.94295408613124,472.5422176032084,0.0,1,100.0,80.46434164972922,1.7561822332721078,-0.6159679824192141,149,1239737710,2.0,0.005,0.015,0.8856794818550412,1.0498917749875734,0.9767247874628628,0.9534025945231658,0.9180997454092487,0.9911549223357096,0.9206791317701338,0.9639834204916278,0.9714424923494941
T-APIC,300.0,157.3,167.9811956391296,97.45590932124853,58.0159636026231,87.48579824940633,478.29147562818207,0.0,8,27.594936708860757,23.211411484284113,0.6330178265007828,-0.203275511833802,149,1239737710,2.0,0.005,0.015,0.8856794818550412,1.0498917749875734,0.9767247874628628,0.9534025945231658,0.9180997454092487,0.9911549223357096,0.9206791317701338,0.9639834204916278,0.9714424923494941
E-APIC,300.0,157.3,168.1894172720936,96.25966761281795,57.23289204165023,87.48579824940633,480.28935734137224,0.0,6,18.73417721518987,25.587181188596322,0.5517298990383606,-0.1901478152744718,149,1239737710,2.0,0.005,0.015,0.8856794818550412,1.0498917749875734,0.9767247874628628,0.9534025945231658,0.9180997454092487,0.9911549223357096,0.9206791317701338,0.9639834204916278,0.9714424923494941
ME-APIC,300.0,157.3,167.8693354121803,97.62669732430255,58.15636136557846,87.05643041645486,476.31984548554857,0.0,7,22.658227848101262,16.13410770440876,0.5107036027878892,-0.10617537997935006,149,1239737710,2.0,0.005,0.015,0.8856794818550412,1.0498917749875734,0.9767247874628628,0.9534025945231658,0.9180997454092487,0.9911549223357096,0.9206791317701338,0.9639834204916278,0.9714424923494941
Passive,350.0,188.825,195.1714315446222,175.07774537705302,89.70459661614198,100.0981002590073,1055.8460038855067,0.0,0,0.0,0.0,0.0,0.0,149,1239737710,2.0,0.005,0.015,0.8856794818550412,1.0498917749875734,0.9767247874628628,0.9534025945231658,0.9180997454092487,0.9911549223357096,0.9206791317701338,0.9639834204916278,0.9714424923494941
Continuous,350.0,188.825,193.59532947051136,172.5135209393821,89.11037338101669,97.14958526694012,1036.7318896169338,0.0,1,99.99999999999999,137.70796585148878,2.9228397989402524,-1.319017886542759,149,1239737710,2.0,0.005,0.015,0.8856794818550412,1.0498917749875734,0.9767247874628628,0.9534025945231658,0.9180997454092487,0.9911549223357096,0.9206791317701338,0.9639834204916278,0.9714424923494941
T-APIC,350.0,188.825,196.22510783212792,174.8315037747103,89.09741760686406,104.80730918359936,1031.1139383856785,0.0,7,26.923076923076923,22.515465716594015,0.8751641980297266,-0.18487548639169807,149,1239737710,2.0,0.005,0.015,0.8856794818550412,1.0498917749875734,0.9767247874628628,0.9534025945231658,0.9180997454092487,0.9911549223357096,0.9206791317701338,0.9639834204916278,0.9714424923494941
E-APIC,350.0,188.825,196.68032897889307,176.59069953996695,89.7856437686343,104.80730918359936,1040.8171068339539,0.0,7,27.36686390532544,50.60579345469875,1.1777398824379843,-0.46815744501928724,149,1239737710,2.0,0.005,0.015,0.8856794818550412,1.0498917749875734,0.9767247874628628,0.9534025945231658,0.9180997454092487,0.9911549223357096,0.9206791317701338,0.9639834204916278,0.9714424923494941
ME-APIC,350.0,188.825,194.7686624033043,173.70796853815094,89.18681598708969,104.19190694218184,1033.6190616583333,0.0,7,22.928994082840234,26.109962349854477,0.8651239008807196,-0.513471568195545,149,1239737710,2.0,0.005,0.015,0.8856794818550412,1.0498917749875734,0.9767247874628628,0.9534025945231658,0.9180997454092487,0.9911549223357096,0.9206791317701338,0.9639834204916278,0.9714424923494941
Passive,300.0,157.3,165.98276574000195,97.8586853572931,58.95713625508597,82.70657734101192,460.6473028383602,0.0,0,0.0,0.0,0.0,0.0,150,2065652881,2.0,0.005,0.015,1.0191789321478735,0.98323401704166,1.0518753767856943,1.016847712187878,0.9088866959555266,1.0504984363802912,0.9103929670302828,1.032944312387584,0.9993652491202298
Continuous,300.0,157.3,163.9505682104738,93.16875644019264,56.82734586231258,87.42235196380975,460.7530626070364,0.0,1,100.0,76.40994089512922,1.669173361504684,-0.539108119298243,150,2065652881,2.0,0.005,0.015,1.0191789321478735,0.98323401704166,1.0518753767856943,1.016847712187878,0.9088866959555266,1.0504984363802912,0.9103929670302828,1.032944312387584,0.9993652491202298
T-APIC,300.0,157.3,166.19419232403854,96.5323788535749,58.08408675638922,87.20219961643396,466.0199302145149,0.0,8,27.594936708860757,22.137490932729097,0.6085403576234559,-0.177031323881089,150,2065652881,2.0,0.005,0.015,1.0191789321478735,0.98323401704166,1.0518753767856943,1.016847712187878,0.9088866959555266,1.0504984363802912,0.9103929670302828,1.032944312387584,0.9993652491202298
E-APIC,300.0,157.3,165.92058943461433,96.651555222764,58.251694712579514,87.20219961643396,469.1322250777547,0.0,6,18.73417721518987,21.912866777970123,0.5255902923589892,-0.23247916744611122,150,2065652881,2.0,0.005,0.015,1.0191789321478735,0.98323401704166,1.0518753767856943,1.016847712187878,0.9088866959555266,1.0504984363802912,0.9103929670302828,1.032944312387584,0.9993652491202298
ME-APIC,300.0,157.3,166.0098517127391,96.70963679798437,58.25536002846942,86.8338174786294,464.0485408345898,0.0,7,22.658227848101262,14.99180782284979,0.476168686129504,-0.10081143191440686,150,2065652881,2.0,0.005,0.015,1.0191789321478735,0.98323401704166,1.0518753767856943,1.016847712187878,0.9088866959555266,1.0504984363802912,0.9103929670302828,1.032944312387584,0.9993652491202298
Passive,350.0,188.825,191.65668415546858,167.80052907108234,87.55266210019863,96.77551576831478,1002.4460253896771,0.0,0,0.0,0.0,0.0,0.0,150,2065652881,2.0,0.005,0.015,1.0191789321478735,0.98323401704166,1.0518753767856943,1.016847712187878,0.9088866959555266,1.0504984363802912,0.9103929670302828,1.032944312387584,0.9993652491202298
Continuous,350.0,188.825,190.76194244401725,165.90914622763566,86.97182682354206,90.06931916067934,998.5221705727364,0.0,1,99.99999999999999,132.27964725510054,2.842854822783746,-1.1717719488442968,150,2065652881,2.0,0.005,0.015,1.0191789321478735,0.98323401704166,1.0518753767856943,1.016847712187878,0.9088866959555266,1.0504984363802912,0.9103929670302828,1.032944312387584,0.9993652491202298
T-APIC,350.0,188.825,192.8723246199008,167.80505406525768,87.00317912170969,100.66351303773203,980.1590025060103,0.0,7,26.923076923076923,21.398320789791466,0.8463071068323038,-0.1413974274858231,150,2065652881,2.0,0.005,0.015,1.0191789321478735,0.98323401704166,1.0518753767856943,1.016847712187878,0.9088866959555266,1.0504984363802912,0.9103929670302828,1.032944312387584,0.9993652491202298
E-APIC,350.0,188.825,193.72966397580538,169.5783548553947,87.53349971048993,101.78340044132015,988.2606662106862,0.0,7,27.36686390532544,47.10067772859356,1.050430186616964,-0.317736674271187,150,2065652881,2.0,0.005,0.015,1.0191789321478735,0.98323401704166,1.0518753767856943,1.016847712187878,0.9088866959555266,1.0504984363802912,0.9103929670302828,1.032944312387584,0.9993652491202298
ME-APIC,350.0,188.825,191.40124706952517,166.70315468483435,87.09616955854032,100.75625526751426,981.8161069642687,0.0,7,23.076923076923073,24.96644134910109,0.8159223161191456,-0.4854441344349871,150,2065652881,2.0,0.005,0.015,1.0191789321478735,0.98323401704166,1.0518753767856943,1.016847712187878,0.9088866959555266,1.0504984363802912,0.9103929670302828,1.032944312387584,0.9993652491202298
Passive,300.0,157.3,165.55765604258195,97.84887049152293,59.102594727697706,85.00067141616215,474.00187983416436,0.0,0,0.0,0.0,0.0,0.0,151,1585883598,2.0,0.005,0.015,1.0110824475886582,1.06858476014265,0.9237943841308813,1.0151644878204122,0.9910800895800345,0.9218796810177691,0.9657386524452406,1.0795979974837269,0.9174340626463969
Continuous,300.0,157.3,162.67628373904031,92.91406833592067,57.115927534323454,89.90286835205809,473.57825128996615,0.0,1,100.0,80.12011301279867,1.7389824278150423,-0.5710991755467191,151,1585883598,2.0,0.005,0.015,1.0110824475886582,1.06858476014265,0.9237943841308813,1.0151644878204122,0.9910800895800345,0.9218796810177691,0.9657386524452406,1.0795979974837269,0.9174340626463969
T-APIC,300.0,157.3,165.47319761585783,96.55087836978153,58.34834871199029,89.2224211123723,479.047516493583,0.0,8,27.594936708860757,22.420561260869476,0.611432354030264,-0.22377566628657392,151,1585883598,2.0,0.005,0.015,1.0110824475886582,1.06858476014265,0.9237943841308813,1.0151644878204122,0.9910800895800345,0.9218796810177691,0.9657386524452406,1.0795979974837269,0.9174340626463969
E-APIC,300.0,157.3,165.45634728959192,95.7033422922271,57.84204949521894,89.2224211123723,476.6684277269273,0.0,6,18.73417721518987,20.82030152292082,0.5129068787817732,-0.24118383837459936,151,1585883598,2.0,0.005,0.015,1.0110824475886582,1.06858476014265,0.9237943841308813,1.0151644878204122,0.9910800895800345,0.9218796810177691,0.9657386524452406,1.0795979974837269,0.9174340626463969
ME-APIC,300.0,157.3,165.3300807451199,96.66410363350542,58.467341936720544,88.68291385357547,476.8780846427429,0.0,7,22.658227848101262,16.125818665795066,0.5058385636744329,-0.09842580806417449,151,1585883598,2.0,0.005,0.015,1.0110824475886582,1.06858476014265,0.9237943841308813,1.0151644878204122,0.9910800895800345,0.9218796810177691,0.9657386524452406,1.0795979974837269,0.9174340626463969
Passive,350.0,188.825,192.33385837831358,173.44619805875288,90.17975281169197,100.41395854607235,1037.0931902113898,0.0,0,0.0,0.0,0.0,0.0,151,1585883598,2.0,0.005,0.015,1.0110824475886582,1.06858476014265,0.9237943841308813,1.0151644878204122,0.9910800895800345,0.9218796810177691,0.9657386524452406,1.0795979974837269,0.9174340626463969
Continuous,350.0,188.825,190.53890410469376,170.98942242983432,89.7399002231493,97.96865019579934,1028.0480745103373,0.0,1,99.99999999999999,135.77950053708022,2.8444734586066356,-1.3432319570649638,151,1585883598,2.0,0.005,0.015,1.0110824475886582,1.06858476014265,0.9237943841308813,1.0151644878204122,0.9910800895800345,0.9218796810177691,0.9657386524452406,1.0795979974837269,0.9174340626463969
T-APIC,350.0,188.825,193.22318302828037,173.2353087556329,89.65555066457941,103.83358891676714,1015.812269311334,0.0,7,26.923076923076923,21.661417216265637,0.834345712795186,-0.20404051317443542,151,1585883598,2.0,0.005,0.015,1.0110824475886582,1.06858476014265,0.9237943841308813,1.0151644878204122,0.9910800895800345,0.9218796810177691,0.9657386524452406,1.0795979974837269,0.9174340626463969
E-APIC,350.0,188.825,194.6520456288512,176.32387201787859,90.58413511568254,103.83358891676714,1031.6194742107652,0.0,6,21.89349112426035,34.04581684407639,0.7647755345715818,-0.046849104877946995,151,1585883598,2.0,0.005,0.015,1.0110824475886582,1.06858476014265,0.9237943841308813,1.0151644878204122,0.9910800895800345,0.9218796810177691,0.9657386524452406,1.0795979974837269,0.9174340626463969
ME-APIC,350.0,188.825,191.84535838419131,172.3193122794879,89.82198669326137,103.8335849387545,1018.6296765437728,0.0,7,22.781065088757394,24.747131571227687,0.8347290036242755,-0.5382380355988203,151,1585883598,2.0,0.005,0.015,1.0110824475886582,1.06858476014265,0.9237943841308813,1.0151644878204122,0.9910800895800345,0.9218796810177691,0.9657386524452406,1.0795979974837269,0.9174340626463969
Passive,300.0,157.3,167.58128614211557,100.01158236002205,59.67944551708969,81.27779470479746,467.33394387417314,0.0,0,0.0,0.0,0.0,0.0,152,883907697,2.0,0.005,0.015,0.8236838458143845,0.9058990512208142,1.071668275809329,1.0003262583953703,1.0163935081967383,0.999730147677727,1.021566616821109,0.9998983695038272,1.0398451914582938
Continuous,300.0,157.3,164.95756851376072,94.8085825607271,57.474527185952184,85.73430124758721,465.40115679464446,0.0,1,100.0,77.20084182918039,1.665990166068009,-0.6152069630667638,152,883907697,2.0,0.005,0.015,0.8236838458143845,0.9058990512208142,1.071668275809329,1.0003262583953703,1.0163935081967383,0.999730147677727,1.021566616821109,0.9998983695038272,1.0398451914582938
T-APIC,300.0,157.3,167.55143556302647,98.47464293716992,58.772783776076636,85.27514856868687,467.23105605009965,0.0,8,27.594936708860757,23.59521271409709,0.6354302398878142,-0.21706911839781742,152,883907697,2.0,0.005,0.015,0.8236838458143845,0.9058990512208142,1.071668275809329,1.0003262583953703,1.0163935081967383,0.999730147677727,1.021566616821109,0.9998983695038272,1.0398451914582938
E-APIC,300.0,157.3,167.63441729509086,96.90955193054741,57.81005684528089,85.27514856868687,467.00647518877736,0.0,6,18.73417721518987,23.239579286833898,0.5209534105366523,-0.21283028059665818,152,883907697,2.0,0.005,0.015,0.8236838458143845,0.9058990512208142,1.071668275809329,1.0003262583953703,1.0163935081967383,0.999730147677727,1.021566616821109,0.9998983695038272,1.0398451914582938
ME-APIC,300.0,157.3,167.4861887711804,98.70285785968625,58.931938557951234,84.831638885046,463.54065997532126,0.0,7,22.78481012658228,16.37783994816317,0.4815397802343995,-0.1062881499866153,152,883907697,2.0,0.005,0.015,0.8236838458143845,0.9058990512208142,1.071668275809329,1.0003262583953703,1.0163935081967383,0.999730147677727,1.021566616821109,0.9998983695038272,1.0398451914582938
Passive,350.0,188.825,191.65975990800158,163.8994991245997,85.5158637385714,93.404534869965,987.7966087102038,0.0,0,0.0,0.0,0.0,0.0,152,883907697,2.0,0.005,0.015,0.8236838458143845,0.9058990512208142,1.071668275809329,1.0003262583953703,1.0163935081967383,0.999730147677727,1.021566616821109,0.9998983695038272,1.0398451914582938
Continuous,350.0,188.825,190.0626302967762,161.37259069796823,84.90495498562265,91.07105111280994,988.6377377535911,0.0,1,99.99999999999999,136.09971896817578,2.8811173011909585,-1.2895603750715914,152,883907697,2.0,0.005,0.015,0.8236838458143845,0.9058990512208142,1.071668275809329,1.0003262583953703,1.0163935081967383,0.999730147677727,1.021566616821109,0.9998983695038272,1.0398451914582938
T-APIC,350.0,188.825,192.5807773216096,163.51546232030384,84.90746822941382,99.92452094464292,966.1725210324519,0.0,7,26.923076923076923,21.58609517934758,0.8490954539761051,-0.19215471116854652,152,883907697,2.0,0.005,0.015,0.8236838458143845,0.9058990512208142,1.071668275809329,1.0003262583953703,1.0163935081967383,0.999730147677727,1.021566616821109,0.9998983695038272,1.0398451914582938
E-APIC,350.0,188.825,193.1420416742629,165.26165043620344,85.56482524655084,99.92452094464292,973.3218312644076,0.0,7,27.36686390532544,50.08634451179606,1.1556917874930068,-0.45606131735765826,152,883907697,2.0,0.005,0.015,0.8236838458143845,0.9058990512208142,1.071668275809329,1.0003262583953703,1.0163935081967383,0.999730147677727,1.021566616821109,0.9998983695038272,1.0398451914582938
ME-APIC,350.0,188.825,191.36692677823532,162.75995024767502,85.05124317342914,98.50317613919641,965.9518058592581,0.0,7,23.076923076923073,27.484501361378356,0.852634885268888,-0.4994608123958687,152,883907697,2.0,0.005,0.015,0.8236838458143845,0.9058990512208142,1.071668275809329,1.0003262583953703,1.0163935081967383,0.999730147677727,1.021566616821109,0.9998983695038272,1.0398451914582938
Passive,300.0,157.3,169.62366101505728,100.26685453403044,59.11136095873434,85.00078914567094,471.2044416010025,0.0,0,0.0,0.0,0.0,0.0,153,915512437,2.0,0.005,0.015,1.1465930993536682,0.9101164448631311,0.9633552380580137,0.9754369925863599,1.0214659072684227,1.0555055829033986,1.0624638839606753,0.9174598727363338,1.0952282119009884
Continuous,300.0,157.3,166.89534996568838,94.9161186203618,56.871637609960594,87.49927510319534,470.26145634914434,0.0,1,100.0,79.07144160691281,1.6860318093690536,-0.6926319389985849,153,915512437,2.0,0.005,0.015,1.1465930993536682,0.9101164448631311,0.9633552380580137,0.9754369925863599,1.0214659072684227,1.0555055829033986,1.0624638839606753,0.9174598727363338,1.0952282119009884
T-APIC,300.0,157.3,169.62135506244152,98.6345166777608,58.14982237434147,87.489804309289,472.95080883600656,0.0,8,27.594936708860757,24.692601278546473,0.6604519525124837,-0.17689123655270944,153,915512437,2.0,0.005,0.015,1.1465930993536682,0.9101164448631311,0.9633552380580137,0.9754369925863599,1.0214659072684227,1.0555055829033986,1.0624638839606753,0.9174598727363338,1.0952282119009884
E-APIC,300.0,157.3,170.56604162897725,98.52400945010328,57.7629688237809,87.489804309289,468.8338818824906,0.0,6,18.73417721518987,19.551016665498487,0.43941610031963646,-0.0002674526872204226,153,915512437,2.0,0.005,0.015,1.1465930993536682,0.9101164448631311,0.9633552380580137,0.9754369925863599,1.0214659072684227,1.0555055829033986,1.0624638839606753,0.9174598727363338,1.0952282119009884
ME-APIC,300.0,157.3,169.6538514591834,98.9841012013664,58.34474157233073,87.45864693790367,464.46558648057464,0.0,7,22.78481012658228,16.688569595415483,0.4868804503591592,-0.10659615906363142,153,915512437,2.0,0.005,0.015,1.1465930993536682,0.9101164448631311,0.9633552380580137,0.9754369925863599,1.0214659072684227,1.0555055829033986,1.0624638839606753,0.9174598727363338,1.0952282119009884
Passive,350.0,188.825,194.43429424014735,166.68679038758066,85.72911020609588,96.8021388826552,1014.9638867810006,0.0,0,0.0,0.0,0.0,0.0,153,915512437,2.0,0.005,0.015,1.1465930993536682,0.9101164448631311,0.9633552380580137,0.9754369925863599,1.0214659072684227,1.0555055829033986,1.0624638839606753,0.9174598727363338,1.0952282119009884
Continuous,350.0,188.825,192.78139542560572,163.92684395000185,85.03250201509262,93.93963530252346,1011.445059356186,0.0,1,99.99999999999999,140.44836782185084,2.975421585153846,-1.292095711004505,153,915512437,2.0,0.005,0.015,1.1465930993536682,0.9101164448631311,0.9633552380580137,0.9754369925863599,1.0214659072684227,1.0555055829033986,1.0624638839606753,0.9174598727363338,1.0952282119009884
T-APIC,350.0,188.825,195.3981464140951,166.06563093168037,84.98833483289441,104.80434239645356,988.6543526917002,0.0,7,26.923076923076923,24.926830124343347,0.9172655287472762,-0.20776062750322077,153,915512437,2.0,0.005,0.015,1.1465930993536682,0.9101164448631311,0.9633552380580137,0.9754369925863599,1.0214659072684227,1.0555055829033986,1.0624638839606753,0.9174598727363338,1.0952282119009884
E-APIC,350.0,188.825,197.32469005345146,170.16263876804015,86.23484406434206,104.80434239645356,1003.8891655436868,0.0,6,21.89349112426035,38.723926495176286,0.9008238201764988,0.030053545599092433,153,915512437,2.0,0.005,0.015,1.1465930993536682,0.9101164448631311,0.9633552380580137,0.9754369925863599,1.0214659072684227,1.0555055829033986,1.0624638839606753,0.9174598727363338,1.0952282119009884
ME-APIC,350.0,188.825,194.20857310482816,165.08231101060696,85.00258684332144,102.97481596453332,989.409194437341,0.0,7,23.076923076923073,31.290993227052,0.9359511543003182,-0.4679323945514228,153,915512437,2.0,0.005,0.015,1.1465930993536682,0.9101164448631311,0.9633552380580137,0.9754369925863599,1.0214659072684227,1.0555055829033986,1.0624638839606753,0.9174598727363338,1.0952282119009884
Passive,300.0,157.3,167.6221631435153,101.58928079582896,60.606114901911816,79.2199283459412,454.6260666621766,0.0,0,0.0,0.0,0.0,0.0,154,470967613,2.0,0.005,0.015,0.9938273854699679,1.029096471122462,1.0422865164759347,1.0333875931594707,1.0978182170631507,1.0377794278707064,1.0737331680850961,1.0244215687055755,0.9473000372230218
Continuous,300.0,157.3,165.23428610213674,96.71565140245886,58.53243517672582,82.4759412680561,453.86660684416427,0.0,1,100.0,76.78457465868712,1.6965483976276787,-0.575394786664419,154,470967613,2.0,0.005,0.015,0.9938273854699679,1.029096471122462,1.0422865164759347,1.0333875931594707,1.0978182170631507,1.0377794278707064,1.0737331680850961,1.0244215687055755,0.9473000372230218
T-APIC,300.0,157.3,167.77886373772503,100.29934580535692,59.78068009933997,82.24707153328576,454.73985715756817,0.0,8,27.594936708860757,22.598698005484106,0.6191392587514529,-0.17402810881751193,154,470967613,2.0,0.005,0.015,0.9938273854699679,1.029096471122462,1.0422865164759347,1.0333875931594707,1.0978182170631507,1.0377794278707064,1.0737331680850961,1.0244215687055755,0.9473000372230218
E-APIC,300.0,157.3,168.6633970192956,100.10302632967132,59.350770883749746,82.24707153328576,457.15671252347437,0.0,6,18.73417721518987,13.300070769087721,0.4333318448223724,0.007057085238958163,154,470967613,2.0,0.005,0.015,0.9938273854699679,1.029096471122462,1.0422865164759347,1.0333875931594707,1.0978182170631507,1.0377794278707064,1.0737331680850961,1.0244215687055755,0.9473000372230218
ME-APIC,300.0,157.3,167.6632305157748,100.5256466652424,59.956882827558495,81.98312482189904,452.224921991864,0.0,7,22.78481012658228,15.089865700466625,0.48640730187208303,-0.07371054023666597,154,470967613,2.0,0.005,0.015,0.9938273854699679,1.029096471122462,1.0422865164759347,1.0333875931594707,1.0978182170631507,1.0377794278707064,1.0737331680850961,1.0244215687055755,0.9473000372230218
Passive,350.0,188.825,192.42778708184022,172.32998628128757,89.55566599536635,96.39766714460276,1044.0748450771996,0.0,0,0.0,0.0,0.0,0.0,154,470967613,2.0,0.005,0.015,0.9938273854699679,1.029096471122462,1.0422865164759347,1.0333875931594707,1.0978182170631507,1.0377794278707064,1.0737331680850961,1.0244215687055755,0.9473000372230218
Continuous,350.0,188.825,191.2567344316539,170.38002590490132,89.08445833879227,95.1927923567612,1030.7485797166642,0.0,1,99.99999999999999,133.29052620423096,2.8605795550822144,-1.2324868711742816,154,470967613,2.0,0.005,0.015,0.9938273854699679,1.029096471122462,1.0422865164759347,1.0333875931594707,1.0978182170631507,1.0377794278707064,1.0737331680850961,1.0244215687055755,0.9473000372230218
T-APIC,350.0,188.825,193.55515212453352,172.1296390788873,88.93053850002349,99.50338906524651,1018.9153173089946,0.0,7,26.923076923076923,22.79999370866091,0.8695644821800369,-0.16496498937019047,154,470967613,2.0,0.005,0.015,0.9938273854699679,1.029096471122462,1.0422865164759347,1.0333875931594707,1.0978182170631507,1.0377794278707064,1.0737331680850961,1.0244215687055755,0.9473000372230218
E-APIC,350.0,188.825,194.45116261774362,173.97942522708,89.4720416607087,99.50338906524651,1028.0298515894012,0.0,7,27.36686390532544,48.349226402424605,1.090587218710208,-0.34824428786802186,154,470967613,2.0,0.005,0.015,0.9938273854699679,1.029096471122462,1.0422865164759347,1.0333875931594707,1.0978182170631507,1.0377794278707064,1.0737331680850961,1.0244215687055755,0.9473000372230218
ME-APIC,350.0,188.825,192.2038454906534,171.12076535253695,89.03087496283122,99.10103896162794,1021.4492946687446,0.0,7,22.928994082840234,25.482936974282765,0.8466188564744803,-0.4728888235155786,154,470967613,2.0,0.005,0.015,0.9938273854699679,1.029096471122462,1.0422865164759347,1.0333875931594707,1.0978182170631507,1.0377794278707064,1.0737331680850961,1.0244215687055755,0.9473000372230218
Passive,300.0,157.3,165.3380318680862,97.13463193757963,58.74911588101993,84.02557191018269,456.26613798567604,0.0,0,0.0,0.0,0.0,0.0,155,167523909,2.0,0.005,0.015,0.9309573226692207,0.9925867286918724,0.9602577969405793,1.0812801833654158,0.9827257935648819,0.97305998084284,0.9363985410343596,1.0701821136420322,0.9888166143494836
Continuous,300.0,157.3,162.8201979768,92.23566903928912,56.64878816351251,87.00954119024105,457.2273981803133,0.0,1,100.0,79.41177130394854,1.7205579096028285,-0.5704839790539582,155,167523909,2.0,0.005,0.015,0.9309573226692207,0.9925867286918724,0.9602577969405793,1.0812801833654158,0.9827257935648819,0.97305998084284,0.9363985410343596,1.0701821136420322,0.9888166143494836
T-APIC,300.0,157.3,165.3686419824277,95.77332013779244,57.915043015210486,86.80628710272597,462.766642324208,0.0,8,27.594936708860757,22.349877353628752,0.6009145031920347,-0.2018440504088392,155,167523909,2.0,0.005,0.015,0.9309573226692207,0.9925867286918724,0.9602577969405793,1.0812801833654158,0.9827257935648819,0.97305998084284,0.9363985410343596,1.0701821136420322,0.9888166143494836
E-APIC,300.0,157.3,166.34386407406566,95.7631383842972,57.569384309635886,86.80628710272597,465.7420834321533,0.0,6,18.73417721518987,16.619333542778723,0.43356252640958926,-0.00967346937614143,155,167523909,2.0,0.005,0.015,0.9309573226692207,0.9925867286918724,0.9602577969405793,1.0812801833654158,0.9827257935648819,0.97305998084284,0.9363985410343596,1.0701821136420322,0.9888166143494836
ME-APIC,300.0,157.3,165.25696644976895,95.9561853968821,58.06483530365945,86.56724561374799,460.51031961980084,0.0,7,22.531645569620252,15.709050026286173,0.4940976385535674,-0.09381432862052425,155,167523909,2.0,0.005,0.015,0.9309573226692207,0.9925867286918724,0.9602577969405793,1.0812801833654158,0.9827257935648819,0.97305998084284,0.9363985410343596,1.0701821136420322,0.9888166143494836
Passive,350.0,188.825,190.80739953974305,167.36606470638156,87.71466154357451,98.31589485143071,1000.6117767734447,0.0,0,0.0,0.0,0.0,0.0,155,167523909,2.0,0.005,0.015,0.9309573226692207,0.9925867286918724,0.9602577969405793,1.0812801833654158,0.9827257935648819,0.97305998084284,0.9363985410343596,1.0701821136420322,0.9888166143494836
Continuous,350.0,188.825,189.39084608785512,164.98093929869762,87.11135870957872,97.52095713095528,996.5351168794745,0.0,1,99.99999999999999,134.6547175478278,2.850444559669377,-1.2646161334375348,155,167523909,2.0,0.005,0.015,0.9309573226692207,0.9925867286918724,0.9602577969405793,1.0812801833654158,0.9827257935648819,0.97305998084284,0.9363985410343596,1.0701821136420322,0.9888166143494836
T-APIC,350.0,188.825,191.7819963029574,167.12261760819368,87.14197413201948,104.48883767913429,976.619698141676,0.0,7,26.923076923076923,22.553232687327913,0.8462319474488389,-0.1992506679587912,155,167523909,2.0,0.005,0.015,0.9309573226692207,0.9925867286918724,0.9602577969405793,1.0812801833654158,0.9827257935648819,0.97305998084284,0.9363985410343596,1.0701821136420322,0.9888166143494836
E-APIC,350.0,188.825,193.09330984620885,169.43741519051773,87.748982771836,104.48883767913429,988.2468553819812,0.0,7,27.36686390532544,49.80651194256046,1.0446493454025083,-0.2662011996018823,155,167523909,2.0,0.005,0.015,0.9309573226692207,0.9925867286918724,0.9602577969405793,1.0812801833654158,0.9827257935648819,0.97305998084284,0.9363985410343596,1.0701821136420322,0.9888166143494836
ME-APIC,350.0,188.825,190.4644375115676,166.0662801136789,87.19017696077415,103.16513844797606,978.0285861676291,0.0,7,23.076923076923073,26.37693719587934,0.8454628372417694,-0.5042053364759053,155,167523909,2.0,0.005,0.015,0.9309573226692207,0.9925867286918724,0.9602577969405793,1.0812801833654158,0.9827257935648819,0.97305998084284,0.9363985410343596,1.0701821136420322,0.9888166143494836
Passive,300.0,157.3,168.1257400258012,96.96187240960137,57.672235313118165,82.6561959570817,462.6102331576339,0.0,0,0.0,0.0,0.0,0.0,156,2093517934,2.0,0.005,0.015,1.1025993500533866,0.9391059996451419,0.9222412610270905,1.0196867899135647,0.9011151673883313,1.0092333132634257,0.991872110577683,0.9286161387887116,0.970679521636385
Continuous,300.0,157.3,165.37830832252345,91.69931997965452,55.44821501065365,87.11206711894009,462.04536720683126,0.0,1,100.0,81.56324200645764,1.7638676693917454,-0.6328427109987836,156,2093517934,2.0,0.005,0.015,1.1025993500533866,0.9391059996451419,0.9222412610270905,1.0196867899135647,0.9011151673883313,1.0092333132634257,0.991872110577683,0.9286161387887116,0.970679521636385
T-APIC,300.0,157.3,168.15284250483188,95.42071078751076,56.74641556223995,86.65875143229167,468.1626005087597,0.0,8,27.594936708860757,23.74174792260767,0.6391399242155389,-0.1922426192069712,156,2093517934,2.0,0.005,0.015,1.1025993500533866,0.9391059996451419,0.9222412610270905,1.0196867899135647,0.9011151673883313,1.0092333132634257,0.991872110577683,0.9286161387887116,0.970679521636385
E-APIC,300.0,157.3,168.93687190942316,95.65203563554381,56.619987427509855,86.65875143229167,471.54407285227904,0.0,6,18.73417721518987,19.943429482607286,0.39238714305469186,-0.04059969247753792,156,2093517934,2.0,0.005,0.015,1.1025993500533866,0.9391059996451419,0.9222412610270905,1.0196867899135647,0.9011151673883313,1.0092333132634257,0.991872110577683,0.9286161387887116,0.970679521636385
ME-APIC,300.0,157.3,168.06327197326132,95.67947189491657,56.930625455238705,86.22161444412518,465.92664809906057,0.0,7,22.531645569620252,16.390080424454954,0.5037168188890574,-0.1142483254905101,156,2093517934,2.0,0.005,0.015,1.1025993500533866,0.9391059996451419,0.9222412610270905,1.0196867899135647,0.9011151673883313,1.0092333132634257,0.991872110577683,0.9286161387887116,0.970679521636385
Passive,350.0,188.825,194.59825686804825,168.29155501440474,86.48153263187687,99.25921934494582,1013.5292067856751,0.0,0,0.0,0.0,0.0,0.0,156,2093517934,2.0,0.005,0.015,1.1025993500533866,0.9391059996451419,0.9222412610270905,1.0196867899135647,0.9011151673883313,1.0092333132634257,0.991872110577683,0.9286161387887116,0.970679521636385
Continuous,350.0,188.825,192.91815703308544,165.47638994634883,85.7754358072007,95.46122424402742,1007.1002847156467,0.0,1,99.99999999999999,140.91488277773112,2.9855079368729998,-1.3315647097331997,156,2093517934,2.0,0.005,0.015,1.1025993500533866,0.9391059996451419,0.9222412610270905,1.0196867899135647,0.9011151673883313,1.0092333132634257,0.991872110577683,0.9286161387887116,0.970679521636385
T-APIC,350.0,188.825,195.61139596081713,167.86946296750105,85.81783394722409,103.02546724680344,986.412589870071,0.0,7,26.923076923076923,23.505640584940938,0.8953794640811363,-0.19742829299483697,156,2093517934,2.0,0.005,0.015,1.1025993500533866,0.9391059996451419,0.9222412610270905,1.0196867899135647,0.9011151673883313,1.0092333132634257,0.991872110577683,0.9286161387887116,0.970679521636385
E-APIC,350.0,188.825,196.28772643514702,170.67310644624763,86.95047293374076,103.02546724680344,1001.6635172860025,0.0,8,32.84023668639053,61.06141372450677,1.2949647879208757,-0.4459970567798019,156,2093517934,2.0,0.005,0.015,1.1025993500533866,0.9391059996451419,0.9222412610270905,1.0196867899135647,0.9011151673883313,1.0092333132634257,0.991872110577683,0.9286161387887116,0.970679521636385
ME-APIC,350.0,188.825,194.22827890440087,166.76159026288968,85.85855324649698,102.61355347874536,988.2834706334113,0.0,7,23.076923076923073,27.836430182471837,0.8963510088296445,-0.5002832705364114,156,2093517934,2.0,0.005,0.015,1.1025993500533866,0.9391059996451419,0.9222412610270905,1.0196867899135647,0.9011151673883313,1.0092333132634257,0.991872110577683,0.9286161387887116,0.970679521636385
Passive,300.0,157.3,164.9392946512552,97.44086788028744,59.07680646162258,83.23446375251987,463.44971079739065,0.0,0,0.0,0.0,0.0,0.0,157,2019362108,2.0,0.005,0.015,0.9832411810296057,0.9967023562876866,1.0244277950143823,1.029359008792401,0.9635618083344015,0.9602300188323336,1.0901943184074736,1.0902876975101496,0.9330280180097704
Continuous,300.0,157.3,162.44785898743348,92.64493021851546,57.030564019733994,87.85794621690201,462.9958581491366,0.0,1,100.0,77.65593090358166,1.6881227628215072,-0.5476242502182235,157,2019362108,2.0,0.005,0.015,0.9832411810296057,0.9967023562876866,1.0244277950143823,1.029359008792401,0.9635618083344015,0.9602300188323336,1.0901943184074736,1.0902876975101496,0.9330280180097704
T-APIC,300.0,157.3,164.94260771510199,96.12273754108817,58.27647499493684,87.47296507864161,468.32989172607023,0.0,8,27.594936708860757,21.885561162287523,0.603063419631802,-0.22110727158068239,157,2019362108,2.0,0.005,0.015,0.9832411810296057,0.9967023562876866,1.0244277950143823,1.029359008792401,0.9635618083344015,0.9602300188323336,1.0901943184074736,1.0902876975101496,0.9330280180097704
E-APIC,300.0,157.3,164.82051134917378,95.78310819609194,58.11358514303753,87.47296507864161,467.86669760826874,0.0,6,18.73417721518987,20.023420072657274,0.516950372614992,-0.24699306049169042,157,2019362108,2.0,0.005,0.015,0.9832411810296057,0.9967023562876866,1.0244277950143823,1.029359008792401,0.9635618083344015,0.9602300188323336,1.0901943184074736,1.0902876975101496,0.9330280180097704
ME-APIC,300.0,157.3,164.80681782823802,96.27864961169864,58.41909387027934,86.94676780624644,466.587455853891,0.0,7,22.78481012658228,15.802674953363107,0.4940587475274055,-0.09977119193302408,157,2019362108,2.0,0.005,0.015,0.9832411810296057,0.9967023562876866,1.0244277950143823,1.029359008792401,0.9635618083344015,0.9602300188323336,1.0901943184074736,1.0902876975101496,0.9330280180097704
Passive,350.0,188.825,190.4883087476395,167.3575430502193,87.85712055007848,97.20737551052481,995.9780764672286,0.0,0,0.0,0.0,0.0,0.0,157,2019362108,2.0,0.005,0.015,0.9832411810296057,0.9967023562876866,1.0244277950143823,1.029359008792401,0.9635618083344015,0.9602300188323336,1.0901943184074736,1.0902876975101496,0.9330280180097704
Continuous,350.0,188.825,189.09012954936276,165.30905498290613,87.42341833329355,94.89027534335285,997.5449274850123,0.0,1,99.99999999999999,133.21325922182825,2.822380769798751,-1.2653589477337008,157,2019362108,2.0,0.005,0.015,0.9832411810296057,0.9967023562876866,1.0244277950143823,1.029359008792401,0.9635618083344015,0.9602300188323336,1.0901943184074736,1.0902876975101496,0.9330280180097704
T-APIC,350.0,188.825,191.4572432819407,167.3613976351254,87.41450298052622,101.9115287504032,976.7735265847983,0.0,7,26.923076923076923,20.809422468267307,0.8127763720347531,-0.18422179228128835,157,2019362108,2.0,0.005,0.015,0.9832411810296057,0.9967023562876866,1.0244277950143823,1.029359008792401,0.9635618083344015,0.9602300188323336,1.0901943184074736,1.0902876975101496,0.9330280180097704
E-APIC,350.0,188.825,192.83570301375326,170.30121562019036,88.31415187054044,101.9115287504032,991.1647498385911,0.0,6,21.89349112426035,34.58698645261537,0.764141397230908,-0.041971131396975114,157,2019362108,2.0,0.005,0.015,0.9832411810296057,0.9967023562876866,1.0244277950143823,1.029359008792401,0.9635618083344015,0.9602300188323336,1.0901943184074736,1.0902876975101496,0.9330280180097704
ME-APIC,350.0,188.825,190.0910638992331,166.41616922289057,87.5454983570966,101.03712099120311,978.5824621151688,0.0,7,22.781065088757394,23.647814364896455,0.8073803066374448,-0.5164189988974026,157,2019362108,2.0,0.005,0.015,0.9832411810296057,0.9967023562876866,1.0244277950143823,1.029359008792401,0.9635618083344015,0.9602300188323336,1.0901943184074736,1.0902876975101496,0.9330280180097704
Passive,300.0,157.3,168.78274141139042,100.57685795432145,59.58953925814951,83.59898837517204,471.4847483732329,0.0,0,0.0,0.0,0.0,0.0,158,452131787,2.0,0.005,0.015,1.0473714355234196,1.097914034697756,1.0111967672323627,0.9052606210148975,0.9252877969223438,1.0909349663091463,0.9210696357955629,0.9529427357554738,0.9822132784651769
Continuous,300.0,157.3,166.62467355545502,95.84357230197054,57.52063620402081,88.17029953661587,473.4865556631858,0.0,1,100.0,75.16058358165974,1.6794596168198255,-0.554900703068168,158,452131787,2.0,0.005,0.015,1.0473714355234196,1.097914034697756,1.0111967672323627,0.9052606210148975,0.9252877969223438,1.0909349663091463,0.9210696357955629,0.9529427357554738,0.9822132784651769
T-APIC,300.0,157.3,169.0418299827189,99.31038223289512,58.74899854257824,87.69255772440182,479.21785760417646,0.0,8,27.594936708860757,22.092524508149904,0.6285140495631922,-0.15696651841546855,158,452131787,2.0,0.005,0.015,1.0473714355234196,1.097914034697756,1.0111967672323627,0.9052606210148975,0.9252877969223438,1.0909349663091463,0.9210696357955629,0.9529427357554738,0.9822132784651769
E-APIC,300.0,157.3,168.55260021347837,98.88217667596265,58.665470927606314,87.69255772440182,481.93299665135555,0.0,6,18.73417721518987,15.733958114735795,0.5129218514956321,-0.2389140212707673,158,452131787,2.0,0.005,0.015,1.0473714355234196,1.097914034697756,1.0111967672323627,0.9052606210148975,0.9252877969223438,1.0909349663091463,0.9210696357955629,0.9529427357554738,0.9822132784651769
ME-APIC,300.0,157.3,168.89250398786012,99.47395994317203,58.89779451095245,87.24980790761126,477.0057810072429,0.0,7,22.78481012658228,14.715962561251715,0.4907135039286575,-0.08999352132072044,158,452131787,2.0,0.005,0.015,1.0473714355234196,1.097914034697756,1.0111967672323627,0.9052606210148975,0.9252877969223438,1.0909349663091463,0.9210696357955629,0.9529427357554738,0.9822132784651769
Passive,350.0,188.825,196.23222150727582,179.15999991173203,91.29999066187466,100.0564268292156,1087.4336915421861,0.0,0,0.0,0.0,0.0,0.0,158,452131787,2.0,0.005,0.015,1.0473714355234196,1.097914034697756,1.0111967672323627,0.9052606210148975,0.9252877969223438,1.0909349663091463,0.9210696357955629,0.9529427357554738,0.9822132784651769
Continuous,350.0,188.825,195.30694048796346,177.3433220039862,90.80236552828273,95.90581922579831,1067.1153158761026,0.0,1,99.99999999999999,134.13185620869973,2.919324071124741,-1.1936817889582199,158,452131787,2.0,0.005,0.015,1.0473714355234196,1.097914034697756,1.0111967672323627,0.9052606210148975,0.9252877969223438,1.0909349663091463,0.9210696357955629,0.9529427357554738,0.9822132784651769
T-APIC,350.0,188.825,197.57247628296943,179.2116095758239,90.70676895254958,103.15635162731766,1062.5006871511634,0.0,7,26.923076923076923,23.417468998428657,0.9003396796865278,-0.13323888382469437,158,452131787,2.0,0.005,0.015,1.0473714355234196,1.097914034697756,1.0111967672323627,0.9052606210148975,0.9252877969223438,1.0909349663091463,0.9210696357955629,0.9529427357554738,0.9822132784651769
E-APIC,350.0,188.825,199.04321762371737,182.49552153824337,91.68638033336222,103.15635162731766,1079.3827412970857,0.0,6,21.89349112426035,33.005714611189006,0.7962560680484756,0.03229666063290159,158,452131787,2.0,0.005,0.015,1.0473714355234196,1.097914034697756,1.0111967672323627,0.9052606210148975,0.9252877969223438,1.0909349663091463,0.9210696357955629,0.9529427357554738,0.9822132784651769
ME-APIC,350.0,188.825,196.07404455907852,177.94178656977795,90.7523415299177,103.15634655125007,1064.322526863669,0.0,7,23.076923076923073,26.379228445853496,0.8636376671061975,-0.46214322776082956,158,452131787,2.0,0.005,0.015,1.0473714355234196,1.097914034697756,1.0111967672323627,0.9052606210148975,0.9252877969223438,1.0909349663091463,0.9210696357955629,0.9529427357554738,0.9822132784651769
Passive,300.0,157.3,165.71908435099843,99.270167895435,59.902677041817064,83.00175776777864,463.20465645784935,0.0,0,0.0,0.0,0.0,0.0,159,1602961705,2.0,0.005,0.015,0.8659982386165495,1.0380941325995596,1.0586645200032323,0.9443791089016772,1.011231994363512,0.9764898905820314,1.0314835065056414,1.096906871866473,0.9873393828749923
Continuous,300.0,157.3,163.25427481011204,94.49556649589493,57.88244540965725,87.38846353825282,464.0750141189499,0.0,1,100.0,75.36117915915239,1.6488568222433106,-0.5531754667366924,159,1602961705,2.0,0.005,0.015,0.8659982386165495,1.0380941325995596,1.0586645200032323,0.9443791089016772,1.011231994363512,0.9764898905820314,1.0314835065056414,1.096906871866473,0.9873393828749923
T-APIC,300.0,157.3,165.7811954814893,98.00429668442253,59.116654575799245,87.1939264074805,469.6651147446329,0.0,8,27.594936708860757,21.83487043010727,0.601825451096755,-0.19580519269722685,159,1602961705,2.0,0.005,0.015,0.8659982386165495,1.0380941325995596,1.0586645200032323,0.9443791089016772,1.011231994363512,0.9764898905820314,1.0314835065056414,1.096906871866473,0.9873393828749923
E-APIC,300.0,157.3,165.69603208409055,97.62039441002747,58.915348293002715,87.1939264074805,469.1200105269142,0.0,6,18.73417721518987,19.72913162058371,0.5102877063872122,-0.21907876918278746,159,1602961705,2.0,0.005,0.015,0.8659982386165495,1.0380941325995596,1.0586645200032323,0.9443791089016772,1.011231994363512,0.9764898905820314,1.0314835065056414,1.096906871866473,0.9873393828749923
ME-APIC,300.0,157.3,165.61613303993136,98.13980811335429,59.257396192007455,86.81063910586231,467.38438224148734,0.0,7,22.78481012658228,15.094186812984365,0.4752106116865488,-0.09417576349444944,159,1602961705,2.0,0.005,0.015,0.8659982386165495,1.0380941325995596,1.0586645200032323,0.9443791089016772,1.011231994363512,0.9764898905820314,1.0314835065056414,1.096906871866473,0.9873393828749923
Passive,350.0,188.825,191.23732711845796,171.2002403598728,89.5223976090329,97.49286582494939,1029.038764107201,0.0,0,0.0,0.0,0.0,0.0,159,1602961705,2.0,0.005,0.015,0.8659982386165495,1.0380941325995596,1.0586645200032323,0.9443791089016772,1.011231994363512,0.9764898905820314,1.0314835065056414,1.096906871866473,0.9873393828749923
Continuous,350.0,188.825,189.8867214977783,169.22126603740602,89.11695599493824,93.59729121502417,1028.0211507473698,0.0,1,99.99999999999999,131.4562221030233,2.7963035202943205,-1.230983822790105,159,1602961705,2.0,0.005,0.015,0.8659982386165495,1.0380941325995596,1.0586645200032323,0.9443791089016772,1.011231994363512,0.9764898905820314,1.0314835065056414,1.096906871866473,0.9873393828749923
T-APIC,350.0,188.825,192.24210699565273,171.07706485390904,88.99042334038593,102.03863351194042,1004.1249475314802,0.0,7,26.923076923076923,21.456724691104828,0.8330462388216924,-0.1723769020422194,159,1602961705,2.0,0.005,0.015,0.8659982386165495,1.0380941325995596,1.0586645200032323,0.9443791089016772,1.011231994363512,0.9764898905820314,1.0314835065056414,1.096906871866473,0.9873393828749923
E-APIC,350.0,188.825,193.69966313568005,174.21110693749335,89.93877641153375,102.03863351194042,1020.5390434793795,0.0,6,21.89349112426035,33.80160604826632,0.7650881227643584,-0.011998447806933502,159,1602961705,2.0,0.005,0.015,0.8659982386165495,1.0380941325995596,1.0586645200032323,0.9443791089016772,1.011231994363512,0.9764898905820314,1.0314835065056414,1.096906871866473,0.9873393828749923
ME-APIC,350.0,188.825,190.91780157580655,170.28106409750433,89.19077356434563,101.41926967442501,1008.1964590524788,0.0,7,22.781065088757394,23.823672601395774,0.8054451842454984,-0.4973117654513095,159,1602961705,2.0,0.005,0.015,0.8659982386165495,1.0380941325995596,1.0586645200032323,0.9443791089016772,1.011231994363512,0.9764898905820314,1.0314835065056414,1.096906871866473,0.9873393828749923
Passive,300.0,157.3,169.57862968345702,101.61868933080146,59.924230736200315,83.32846578586812,469.9728807077118,0.0,0,0.0,0.0,0.0,0.0,160,1855419886,2.0,0.005,0.015,1.0769047940651975,0.9773946636323717,1.0609204237711096,0.9565755412330319,1.013578303724137,1.0729501406751671,0.9068915218052926,0.9303709209585945,1.085086330940938
Continuous,300.0,157.3,167.1388047318483,96.48409924045899,57.726929060701806,88.13637586459933,470.37340997406795,0.0,1,100.0,77.17135550306497,1.6717831379396466,-0.6417230102352063,160,1855419886,2.0,0.005,0.015,1.0769047940651975,0.9773946636323717,1.0609204237711096,0.9565755412330319,1.013578303724137,1.0729501406751671,0.9068915218052926,0.9303709209585945,1.085086330940938
T-APIC,300.0,157.3,169.69582550293677,100.12362586241021,59.0018202072257,87.64249588073916,471.47967573272814,0.0,8,27.594936708860757,23.346199591560257,0.636740008233272,-0.1783289187385524,160,1855419886,2.0,0.005,0.015,1.0769047940651975,0.9773946636323717,1.0609204237711096,0.9565755412330319,1.013578303724137,1.0729501406751671,0.9068915218052926,0.9303709209585945,1.085086330940938
E-APIC,300.0,157.3,170.52871501540062,100.21645275086227,58.76808063780439,87.64249588073916,465.1357962622246,0.0,6,18.73417721518987,19.543362161946888,0.4072568951596556,-0.013002807037703828,160,1855419886,2.0,0.005,0.015,1.0769047940651975,0.9773946636323717,1.0609204237711096,0.9565755412330319,1.013578303724137,1.0729501406751671,0.9068915218052926,0.9303709209585945,1.085086330940938
ME-APIC,300.0,157.3,169.6383806137952,100.39443524563784,59.18143929598067,87.16797561831527,461.3765336760995,0.0,7,22.78481012658228,15.869718735378495,0.4806562112492317,-0.10124469029574448,160,1855419886,2.0,0.005,0.015,1.0769047940651975,0.9773946636323717,1.0609204237711096,0.9565755412330319,1.013578303724137,1.0729501406751671,0.9068915218052926,0.9303709209585945,1.085086330940938
Passive,350.0,188.825,194.63835385639794,170.74082818833352,87.7220880702188,94.68716870299707,1040.6229096962297,0.0,0,0.0,0.0,0.0,0.0,160,1855419886,2.0,0.005,0.015,1.0769047940651975,0.9773946636323717,1.0609204237711096,0.9565755412330319,1.013578303724137,1.0729501406751671,0.9068915218052926,0.9303709209585945,1.085086330940938
Continuous,350.0,188.825,193.34213683039977,168.27955139904762,87.03718400850349,98.9418241374632,1027.2788010964734,0.0,1,99.99999999999999,136.11175612394288,2.9382386989969618,-1.2438304554841433,160,1855419886,2.0,0.005,0.015,1.0769047940651975,0.9773946636323717,1.0609204237711096,0.9565755412330319,1.013578303724137,1.0729501406751671,0.9068915218052926,0.9303709209585945,1.085086330940938
T-APIC,350.0,188.825,195.73800786535267,170.31527010267263,87.01185424336788,102.19633427777687,1006.2525978260677,0.0,7,26.923076923076923,24.259572489206832,0.9079925965443666,-0.18567099747800947,160,1855419886,2.0,0.005,0.015,1.0769047940651975,0.9773946636323717,1.0609204237711096,0.9565755412330319,1.013578303724137,1.0729501406751671,0.9068915218052926,0.9303709209585945,1.085086330940938
E-APIC,350.0,188.825,197.99849577712504,173.93457817383094,87.84641392913339,102.19633427777687,1025.0874753655917,0.0,6,21.89349112426035,38.960916342109975,0.9820886868939365,0.17621499903131513,160,1855419886,2.0,0.005,0.015,1.0769047940651975,0.9773946636323717,1.0609204237711096,0.9565755412330319,1.013578303724137,1.0729501406751671,0.9068915218052926,0.9303709209585945,1.085086330940938
ME-APIC,350.0,188.825,194.48889891768246,169.28048561734067,87.03863642571638,100.54458307232322,1009.2997213898958,0.0,7,23.076923076923073,29.07659928399556,0.9078744441836039,-0.4589920679196436,160,1855419886,2.0,0.005,0.015,1.0769047940651975,0.9773946636323717,1.0609204237711096,0.9565755412330319,1.013578303724137,1.0729501406751671,0.9068915218052926,0.9303709209585945,1.085086330940938
Passive,300.0,157.3,166.35028293354506,98.65755278486233,59.307114508650905,85.47661682158012,461.9583469139954,0.0,0,0.0,0.0,0.0,0.0,161,641807524,2.0,0.005,0.015,0.9612602837019191,1.0443568993018661,0.9088681684495706,1.0119284749735724,1.0727395267671853,0.9220006329483742,1.0885044202376835,1.0581552214913539,0.9477226807150972
Continuous,300.0,157.3,163.2587030038074,93.5905910913903,57.32655556451875,91.54608523817134,462.0003126861343,0.0,1,100.0,80.93556401137852,1.758917749349608,-0.620036119616448,161,641807524,2.0,0.005,0.015,0.9612602837019191,1.0443568993018661,0.9088681684495706,1.0119284749735724,1.0727395267671853,0.9220006329483742,1.0885044202376835,1.0581552214913539,0.9477226807150972
T-APIC,300.0,157.3,166.16175314030173,97.26963285024371,58.539122879927916,90.96934161189674,467.72849700033413,0.0,8,27.594936708860757,23.77606167923871,0.6296793961099381,-0.22986190924701044,161,641807524,2.0,0.005,0.015,0.9612602837019191,1.0443568993018661,0.9088681684495706,1.0119284749735724,1.0727395267671853,0.9220006329483742,1.0885044202376835,1.0581552214913539,0.9477226807150972
E-APIC,300.0,157.3,167.20492553480108,97.24466155496962,58.15896944658468,90.96932765453377,471.14680359853406,0.0,6,18.73417721518987,16.593919868444654,0.42748697278365927,-0.025145504016504526,161,641807524,2.0,0.005,0.015,0.9612602837019191,1.0443568993018661,0.9088681684495706,1.0119284749735724,1.0727395267671853,0.9220006329483742,1.0885044202376835,1.0581552214913539,0.9477226807150972
ME-APIC,300.0,157.3,166.16056474163852,97.46195955350636,58.65528906034295,89.90071360800724,465.51312797012525,0.0,7,22.658227848101262,16.837578214788174,0.5161562975882446,-0.08570567073014979,161,641807524,2.0,0.005,0.015,0.9612602837019191,1.0443568993018661,0.9088681684495706,1.0119284749735724,1.0727395267671853,0.9220006329483742,1.0885044202376835,1.0581552214913539,0.9477226807150972
Passive,350.0,188.825,192.46249031132447,172.0369391337814,89.38725611182575,96.33282421688041,1033.8606998679236,0.0,0,0.0,0.0,0.0,0.0,161,641807524,2.0,0.005,0.015,0.9612602837019191,1.0443568993018661,0.9088681684495706,1.0119284749735724,1.0727395267671853,0.9220006329483742,1.0885044202376835,1.0581552214913539,0.9477226807150972
Continuous,350.0,188.825,190.42953974531147,169.26508771829583,88.88594067111548,100.72040147944466,1024.6182301655738,0.0,1,99.99999999999999,137.5682775934707,2.870388770184916,-1.380564305040349,161,641807524,2.0,0.005,0.015,0.9612602837019191,1.0443568993018661,0.9088681684495706,1.0119284749735724,1.0727395267671853,0.9220006329483742,1.0885044202376835,1.0581552214913539,0.9477226807150972
T-APIC,350.0,188.825,193.21307766758156,171.55221397375766,88.78913169061418,103.1865494356577,1007.7619979296628,0.0,7,26.923076923076923,23.24935934579352,0.8527280315705918,-0.24126523014586124,161,641807524,2.0,0.005,0.015,0.9612602837019191,1.0443568993018661,0.9088681684495706,1.0119284749735724,1.0727395267671853,0.9220006329483742,1.0885044202376835,1.0581552214913539,0.9477226807150972
E-APIC,350.0,188.825,194.94019261798562,174.0727848455121,89.2954821208337,103.1865494356577,1020.1002443094023,0.0,6,21.89349112426035,46.67741684526701,0.9909685269729201,-0.23096904832013518,161,641807524,2.0,0.005,0.015,0.9612602837019191,1.0443568993018661,0.9088681684495706,1.0119284749735724,1.0727395267671853,0.9220006329483742,1.0885044202376835,1.0581552214913539,0.9477226807150972
ME-APIC,350.0,188.825,191.99607310348514,170.59920860888283,88.85557181001849,101.51359649031644,1009.8487464744048,0.0,7,22.928994082840234,27.352796559864597,0.8757606892969858,-0.5237027688106857,161,641807524,2.0,0.005,0.015,0.9612602837019191,1.0443568993018661,0.9088681684495706,1.0119284749735724,1.0727395267671853,0.9220006329483742,1.0885044202376835,1.0581552214913539,0.9477226807150972
Passive,300.0,157.3,168.65044899923595,100.34921968422348,59.5013059732074,85.02761551071697,466.27806306639866,0.0,0,0.0,0.0,0.0,0.0,162,1266581560,2.0,0.005,0.015,0.8345694582980613,1.0426299728803377,1.0132072147974733,0.9485633393935677,0.9646497436910226,1.0221888717509922,0.9138493245817305,0.9539317714009787,1.0763610173476745
Continuous,300.0,157.3,166.09863447681315,95.39126123527647,57.43049094638571,88.12868601297585,466.8844877922198,0.0,1,100.0,78.68877943233235,1.7194659191055455,-0.6325090798100604,162,1266581560,2.0,0.005,0.015,0.8345694582980613,1.0426299728803377,1.0132072147974733,0.9485633393935677,0.9646497436910226,1.0221888717509922,0.9138493245817305,0.9539317714009787,1.0763610173476745
T-APIC,300.0,157.3,168.72766081277126,98.95403568881171,58.64719229327556,87.92554232980008,472.51780627100084,0.0,8,27.594936708860757,23.548642145908804,0.638069562657378,-0.19571941811340565,162,1266581560,2.0,0.005,0.015,0.8345694582980613,1.0426299728803377,1.0132072147974733,0.9485633393935677,0.9646497436910226,1.0221888717509922,0.9138493245817305,0.9539317714009787,1.0763610173476745
E-APIC,300.0,157.3,169.7722282672906,98.88001710189513,58.24275154486265,87.92554232980008,475.54688113602873,0.0,6,18.73417721518987,17.439296411709204,0.46741943330340247,0.009934482348667964,162,1266581560,2.0,0.005,0.015,0.8345694582980613,1.0426299728803377,1.0132072147974733,0.9485633393935677,0.9646497436910226,1.0221888717509922,0.9138493245817305,0.9539317714009787,1.0763610173476745
ME-APIC,300.0,157.3,168.63588331126832,99.08027447412888,58.75396892323705,87.68460530384272,470.2835628219899,0.0,7,22.78481012658228,16.6699114881086,0.5136242432294466,-0.10714979606369202,162,1266581560,2.0,0.005,0.015,0.8345694582980613,1.0426299728803377,1.0132072147974733,0.9485633393935677,0.9646497436910226,1.0221888717509922,0.9138493245817305,0.9539317714009787,1.0763610173476745
Passive,350.0,188.825,195.04226872092914,173.8873007737225,89.15364957250591,95.81119783554516,1047.7459611702914,0.0,0,0.0,0.0,0.0,0.0,162,1266581560,2.0,0.005,0.015,0.8345694582980613,1.0426299728803377,1.0132072147974733,0.9485633393935677,0.9646497436910226,1.0221888717509922,0.9138493245817305,0.9539317714009787,1.0763610173476745
Continuous,350.0,188.825,193.59529228105902,171.37058771976785,88.5200180751164,95.05135261466529,1040.677289140235,0.0,1,99.99999999999999,136.25822859199943,2.9257335733441856,-1.2829291814508776,162,1266581560,2.0,0.005,0.015,0.8345694582980613,1.0426299728803377,1.0132072147974733,0.9485633393935677,0.9646497436910226,1.0221888717509922,0.9138493245817305,0.9539317714009787,1.0763610173476745
T-APIC,350.0,188.825,196.11780418518055,173.6319023400612,88.53449234834005,103.09583011257756,1017.4623049192247,0.0,7,26.923076923076923,23.606667195950028,0.8861654394266214,-0.19397050167780672,162,1266581560,2.0,0.005,0.015,0.8345694582980613,1.0426299728803377,1.0132072147974733,0.9485633393935677,0.9646497436910226,1.0221888717509922,0.9138493245817305,0.9539317714009787,1.0763610173476745
E-APIC,350.0,188.825,196.35818813625158,174.79096277255965,89.01638604002264,103.09583011257756,1023.0001629122864,0.0,7,27.36686390532544,46.14058116959917,1.1691363101377235,-0.4263347372298479,162,1266581560,2.0,0.005,0.015,0.8345694582980613,1.0426299728803377,1.0132072147974733,0.9485633393935677,0.9646497436910226,1.0221888717509922,0.9138493245817305,0.9539317714009787,1.0763610173476745
ME-APIC,350.0,188.825,194.7402589077503,172.4226447733941,88.53980463026487,101.33468717083788,1019.0580237371388,0.0,7,23.076923076923073,28.03019580285729,0.888490677962937,-0.4977862995208557,162,1266581560,2.0,0.005,0.015,0.8345694582980613,1.0426299728803377,1.0132072147974733,0.9485633393935677,0.9646497436910226,1.0221888717509922,0.9138493245817305,0.9539317714009787,1.0763610173476745
Passive,300.0,157.3,168.82054760314523,98.6492592458448,58.43439121980843,82.39591872774152,476.0708840308945,0.0,0,0.0,0.0,0.0,0.0,163,503785913,2.0,0.005,0.015,0.8069065181995917,0.9383682445417925,0.9340789832912078,0.9679197068398133,0.9477475857157919,1.0496428397980746,0.9629498849487664,0.9319851550482786,1.0982912022290368
Continuous,300.0,157.3,166.23992220700234,93.51854322820849,56.25516541794274,85.99964581059143,467.62981292542077,0.0,1,100.0,78.55388860899836,1.6883657273428907,-0.6509974884947567,163,503785913,2.0,0.005,0.015,0.8069065181995917,0.9383682445417925,0.9340789832912078,0.9679197068398133,0.9477475857157919,1.0496428397980746,0.9629498849487664,0.9319851550482786,1.0982912022290368
T-APIC,300.0,157.3,168.92444309181468,97.11665425798952,57.49117918074425,85.75600089654343,473.8002478534508,0.0,8,27.594936708860757,24.602618109139456,0.659744582645392,-0.16859175944437926,163,503785913,2.0,0.005,0.015,0.8069065181995917,0.9383682445417925,0.9340789832912078,0.9679197068398133,0.9477475857157919,1.0496428397980746,0.9629498849487664,0.9319851550482786,1.0982912022290368
E-APIC,300.0,157.3,169.84757049103987,96.92104468549478,57.06354492165535,85.75600089654343,476.96341772429815,0.0,6,18.73417721518987,14.071347770091304,0.44570303892661856,0.009621701451493415,163,503785913,2.0,0.005,0.015,0.8069065181995917,0.9383682445417925,0.9340789832912078,0.9679197068398133,0.9477475857157919,1.0496428397980746,0.9629498849487664,0.9319851550482786,1.0982912022290368
ME-APIC,300.0,157.3,168.82968223005523,97.3544049059766,57.66427065432541,85.4648395049118,473.09999919301833,0.0,7,22.658227848101262,16.57912931838811,0.4794397477242831,-0.12324783262738674,163,503785913,2.0,0.005,0.015,0.8069065181995917,0.9383682445417925,0.9340789832912078,0.9679197068398133,0.9477475857157919,1.0496428397980746,0.9629498849487664,0.9319851550482786,1.0982912022290368
Passive,350.0,188.825,194.69116332712844,168.1954183908662,86.39088467937141,100.09687980082765,1010.4112708553762,0.0,0,0.0,0.0,0.0,0.0,163,503785913,2.0,0.005,0.015,0.8069065181995917,0.9383682445417925,0.9340789832912078,0.9679197068398133,0.9477475857157919,1.0496428397980746,0.9629498849487664,0.9319851550482786,1.0982912022290368
Continuous,350.0,188.825,193.15923662980288,165.6908872139449,85.77942743245454,87.44642467411195,1021.0156909046042,0.0,1,99.99999999999999,139.78642528730612,2.977572022337116,-1.274896653382137,163,503785913,2.0,0.005,0.015,0.8069065181995917,0.9383682445417925,0.9340789832912078,0.9679197068398133,0.9477475857157919,1.0496428397980746,0.9629498849487664,0.9319851550482786,1.0982912022290368
T-APIC,350.0,188.825,195.7867000360418,167.89456288222806,85.75381415148263,98.83929329774547,996.8386556146418,0.0,7,26.923076923076923,24.17530251364414,0.9013807525334945,-0.18190253638665038,163,503785913,2.0,0.005,0.015,0.8069065181995917,0.9383682445417925,0.9340789832912078,0.9679197068398133,0.9477475857157919,1.0496428397980746,0.9629498849487664,0.9319851550482786,1.0982912022290368
E-APIC,350.0,188.825,196.72118844356547,169.78339914648404,86.30661520997815,100.77236884532081,1004.5098390674432,0.0,7,27.36686390532544,50.57111763393176,1.1216413218259422,-0.35947509689277324,163,503785913,2.0,0.005,0.015,0.8069065181995917,0.9383682445417925,0.9340789832912078,0.9679197068398133,0.9477475857157919,1.0496428397980746,0.9629498849487664,0.9319851550482786,1.0982912022290368
ME-APIC,350.0,188.825,194.35063221698175,166.64746708322963,85.74578079950723,100.03743764358057,995.9436571933284,0.0,7,23.076923076923073,29.120088339045118,0.9032772713898084,-0.4908598289553557,163,503785913,2.0,0.005,0.015,0.8069065181995917,0.9383682445417925,0.9340789832912078,0.9679197068398133,0.9477475857157919,1.0496428397980746,0.9629498849487664,0.9319851550482786,1.0982912022290368
Passive,300.0,157.3,167.34375142593936,99.06781949831483,59.20019041891676,85.92995291604505,464.2644970952918,0.0,0,0.0,0.0,0.0,0.0,164,1133630683,2.0,0.005,0.015,0.840104526285947,1.0445140404999518,1.0158346049451812,0.9587180395804454,0.963821012013461,0.929323297988104,1.0609164501831891,1.0017182031112353,1.0570168148292973
Continuous,300.0,157.3,164.34283207444224,93.89823926859556,57.135585460802176,88.68199317701237,464.6469335028979,0.0,1,100.0,82.04198252493792,1.7620197424965018,-0.654114451957138,164,1133630683,2.0,0.005,0.015,0.840104526285947,1.0445140404999518,1.0158346049451812,0.9587180395804454,0.963821012013461,0.929323297988104,1.0609164501831891,1.0017182031112353,1.0570168148292973
T-APIC,300.0,157.3,167.2013433260632,97.63729899471451,58.39504459262014,88.50686928388545,470.22278263665834,0.0,8,27.594936708860757,22.911789148338237,0.6177519733456285,-0.23671962450337222,164,1133630683,2.0,0.005,0.015,0.840104526285947,1.0445140404999518,1.0158346049451812,0.9587180395804454,0.963821012013461,0.929323297988104,1.0609164501831891,1.0017182031112353,1.0570168148292973
E-APIC,300.0,157.3,168.21849268441107,97.76990875534487,58.120785173582334,88.50686928388545,473.6613710888581,0.0,6,18.73417721518987,17.234107732315653,0.40437724247023576,-0.03794523957993599,164,1133630683,2.0,0.005,0.015,0.840104526285947,1.0445140404999518,1.0158346049451812,0.9587180395804454,0.963821012013461,0.929323297988104,1.0609164501831891,1.0017182031112353,1.0570168148292973
ME-APIC,300.0,157.3,167.1577841861219,97.7551500305789,58.48076445051066,88.29824879947854,468.1723394612644,0.0,7,22.78481012658228,16.8698129716856,0.5232291832289517,-0.1094613679953372,164,1133630683,2.0,0.005,0.015,0.840104526285947,1.0445140404999518,1.0158346049451812,0.9587180395804454,0.963821012013461,0.929323297988104,1.0609164501831891,1.0017182031112353,1.0570168148292973
Passive,350.0,188.825,193.72014204565397,172.73499926442915,89.16728918344522,98.36437282295464,1037.031315006379,0.0,0,0.0,0.0,0.0,0.0,164,1133630683,2.0,0.005,0.015,0.840104526285947,1.0445140404999518,1.0158346049451812,0.9587180395804454,0.963821012013461,0.929323297988104,1.0609164501831891,1.0017182031112353,1.0570168148292973
Continuous,350.0,188.825,191.77676789594287,169.83436524264275,88.55836246796798,97.85237989497455,1028.6853706766224,0.0,1,99.99999999999999,138.21318351487562,2.901913374481357,-1.3677706655716864,164,1133630683,2.0,0.005,0.015,0.840104526285947,1.0445140404999518,1.0158346049451812,0.9587180395804454,0.963821012013461,0.929323297988104,1.0609164501831891,1.0017182031112353,1.0570168148292973
T-APIC,350.0,188.825,194.51804447465008,172.3677905347516,88.61275106907364,105.62026167920199,1008.7064197784647,0.0,7,26.923076923076923,23.034054125039813,0.8587533441268336,-0.23893967014169878,164,1133630683,2.0,0.005,0.015,0.840104526285947,1.0445140404999518,1.0158346049451812,0.9587180395804454,0.963821012013461,0.929323297988104,1.0609164501831891,1.0017182031112353,1.0570168148292973
E-APIC,350.0,188.825,196.05802986426764,175.74296847765856,89.63824057567378,105.62026167432765,1026.968055590135,0.0,6,21.89349112426035,34.75907849449754,0.780453216583615,-0.044911571481031164,164,1133630683,2.0,0.005,0.015,0.840104526285947,1.0445140404999518,1.0158346049451812,0.9587180395804454,0.963821012013461,0.929323297988104,1.0609164501831891,1.0017182031112353,1.0570168148292973
ME-APIC,350.0,188.825,193.2972064178778,171.34191874921268,88.64169427197966,103.75395753490157,1011.6328370753454,0.0,7,23.076923076923073,28.098291074883665,0.8747907663279127,-0.5222288745083173,164,1133630683,2.0,0.005,0.015,0.840104526285947,1.0445140404999518,1.0158346049451812,0.9587180395804454,0.963821012013461,0.929323297988104,1.0609164501831891,1.0017182031112353,1.0570168148292973
Passive,300.0,157.3,166.18813648300357,97.55992246155216,58.70450474154623,81.94072199055077,470.9130687128628,0.0,0,0.0,0.0,0.0,0.0,165,1865828480,2.0,0.005,0.015,0.8868246183092153,0.9021873442150288,0.9703032072786892,0.98573030946249,0.9873462134981922,1.055588565124048,0.9734612557483848,1.0520037084592126,1.078830443753386
Continuous,300.0,157.3,163.95699408523382,92.71100079506557,56.54592615114017,86.23459448049618,462.9178143621072,0.0,1,100.0,74.17907679122966,1.5990626991231334,-0.5800869857459076,165,1865828480,2.0,0.005,0.015,0.8868246183092153,0.9021873442150288,0.9703032072786892,0.98573030946249,0.9873462134981922,1.055588565124048,0.9734612557483848,1.0520037084592126,1.078830443753386
T-APIC,300.0,157.3,166.35820114497864,96.10835570686294,57.771937328840174,85.99009600846968,468.79245880446734,0.0,8,27.594936708860757,23.792402262602092,0.6332339962373251,-0.1554498225248836,165,1865828480,2.0,0.005,0.015,0.8868246183092153,0.9021873442150288,0.9703032072786892,0.98573030946249,0.9873462134981922,1.055588565124048,0.9734612557483848,1.0520037084592126,1.078830443753386
E-APIC,300.0,157.3,166.13626487301337,95.63328191807464,57.56315876679433,85.99009600846968,468.8603354312257,0.0,6,18.73417721518987,22.130624920202393,0.5409195268175706,-0.21155520203687603,165,1865828480,2.0,0.005,0.015,0.8868246183092153,0.9021873442150288,0.9703032072786892,0.98573030946249,0.9873462134981922,1.055588565124048,0.9734612557483848,1.0520037084592126,1.078830443753386
ME-APIC,300.0,157.3,166.2194806510643,96.38075103664373,57.98402850203263,85.68955540293656,467.91724808174735,0.0,7,22.658227848101262,15.223168990478115,0.44520902069660745,-0.10191295091682695,165,1865828480,2.0,0.005,0.015,0.8868246183092153,0.9021873442150288,0.9703032072786892,0.98573030946249,0.9873462134981922,1.055588565124048,0.9734612557483848,1.0520037084592126,1.078830443753386
Passive,350.0,188.825,190.56827486861974,162.32122791761705,85.17746620182369,97.02232447574211,966.4409555813396,0.0,0,0.0,0.0,0.0,0.0,165,1865828480,2.0,0.005,0.015,0.8868246183092153,0.9021873442150288,0.9703032072786892,0.98573030946249,0.9873462134981922,1.055588565124048,0.9734612557483848,1.0520037084592126,1.078830443753386
Continuous,350.0,188.825,189.385751957816,160.34963155449336,84.66826564134023,87.07358684764444,988.5640963260112,0.0,1,99.99999999999999,134.11547529500854,2.860575722453833,-1.175663894275609,165,1865828480,2.0,0.005,0.015,0.8868246183092153,0.9021873442150288,0.9703032072786892,0.98573030946249,0.9873462134981922,1.055588565124048,0.9734612557483848,1.0520037084592126,1.078830443753386
T-APIC,350.0,188.825,191.69325646731508,162.16580505579105,84.59651009342697,97.49822850580975,965.7276799054729,0.0,7,26.923076923076923,22.94544925316082,0.8574527073966898,-0.15790871392089412,165,1865828480,2.0,0.005,0.015,0.8868246183092153,0.9021873442150288,0.9703032072786892,0.98573030946249,0.9873462134981922,1.055588565124048,0.9734612557483848,1.0520037084592126,1.078830443753386
E-APIC,350.0,188.825,193.71091173151035,165.00541161498268,85.18126838599859,100.20972427013983,977.5794660481715,0.0,6,21.89349112426035,38.01839415550189,0.9216582741256436,0.16960687361070836,165,1865828480,2.0,0.005,0.015,0.8868246183092153,0.9021873442150288,0.9703032072786892,0.98573030946249,0.9873462134981922,1.055588565124048,0.9734612557483848,1.0520037084592126,1.078830443753386
ME-APIC,350.0,188.825,190.27166741007235,161.06549960606938,84.65028020117256,99.07752570997708,964.9005251786034,0.0,7,23.076923076923073,27.075926242920048,0.8526489149396433,-0.4829154658450845,165,1865828480,2.0,0.005,0.015,0.8868246183092153,0.9021873442150288,0.9703032072786892,0.98573030946249,0.9873462134981922,1.055588565124048,0.9734612557483848,1.0520037084592126,1.078830443753386
Passive,300.0,157.3,165.2792379220221,99.10283400168382,59.96084883235003,81.41927110685802,466.79924753926014,0.0,0,0.0,0.0,0.0,0.0,166,1544282882,2.0,0.005,0.015,0.9015225665615874,1.0995799740464158,1.0452465283016488,1.0233199421001662,0.9994266434439096,0.9003344059586931,1.0442610271671584,1.098484942005159,1.0145247410312028
Continuous,300.0,157.3,162.4600317333191,94.23443553631361,58.00468861842957,84.8249587245772,465.61070849335215,0.0,1,100.0,81.44014724550404,1.748070328540226,-0.6062740379155533,166,1544282882,2.0,0.005,0.015,0.9015225665615874,1.0995799740464158,1.0452465283016488,1.0233199421001662,0.9994266434439096,0.9003344059586931,1.0442610271671584,1.098484942005159,1.0145247410312028
T-APIC,300.0,157.3,165.15943641446358,97.81037722826464,59.22179159222358,84.5011316558049,470.71571477884345,0.0,8,27.594936708860757,21.97611979379415,0.5991856271510612,-0.25188166163376435,166,1544282882,2.0,0.005,0.015,0.9015225665615874,1.0995799740464158,1.0452465283016488,1.0233199421001662,0.9994266434439096,0.9003344059586931,1.0442610271671584,1.098484942005159,1.0145247410312028
E-APIC,300.0,157.3,166.21894808385892,97.92223741988609,58.91159735319915,84.5011316558049,474.5225477317486,0.0,6,18.73417721518987,15.221029566538752,0.40850179461052033,-0.030181498126260423,166,1544282882,2.0,0.005,0.015,0.9015225665615874,1.0995799740464158,1.0452465283016488,1.0233199421001662,0.9994266434439096,0.9003344059586931,1.0442610271671584,1.098484942005159,1.0145247410312028
ME-APIC,300.0,157.3,165.08290838608434,97.89357266518306,59.299641387608965,84.1837918170506,469.3245859464373,0.0,7,22.78481012658228,17.075546256108268,0.540836846329189,-0.093502769375001,166,1544282882,2.0,0.005,0.015,0.9015225665615874,1.0995799740464158,1.0452465283016488,1.0233199421001662,0.9994266434439096,0.9003344059586931,1.0442610271671584,1.098484942005159,1.0145247410312028
Passive,350.0,188.825,191.26880315913638,172.89480349273492,90.39362438467595,97.92050325617583,1026.642835578807,0.0,0,0.0,0.0,0.0,0.0,166,1544282882,2.0,0.005,0.015,0.9015225665615874,1.0995799740464158,1.0452465283016488,1.0233199421001662,0.9994266434439096,0.9003344059586931,1.0442610271671584,1.098484942005159,1.0145247410312028
Continuous,350.0,188.825,189.57127689498506,170.77001089584505,90.08221798835318,95.82383590304154,1023.429356371357,0.0,1,99.99999999999999,134.65137916382923,2.8480526626413107,-1.3462474378777964,166,1544282882,2.0,0.005,0.015,0.9015225665615874,1.0995799740464158,1.0452465283016488,1.0233199421001662,0.9994266434439096,0.9003344059586931,1.0442610271671584,1.098484942005159,1.0145247410312028
T-APIC,350.0,188.825,192.14217981769602,173.08839786981017,90.08349860193945,100.28669507344482,1007.4060928447456,0.0,7,26.923076923076923,21.61448068736696,0.8091689098471523,-0.22346735307488888,166,1544282882,2.0,0.005,0.015,0.9015225665615874,1.0995799740464158,1.0452465283016488,1.0233199421001662,0.9994266434439096,0.9003344059586931,1.0442610271671584,1.098484942005159,1.0145247410312028
E-APIC,350.0,188.825,193.12127077612774,175.05503420811118,90.64513375693373,100.28669507344482,1016.1371997070188,0.0,7,27.36686390532544,50.12961614633181,1.050120338150283,-0.369002247334724,166,1544282882,2.0,0.005,0.015,0.9015225665615874,1.0995799740464158,1.0452465283016488,1.0233199421001662,0.9994266434439096,0.9003344059586931,1.0442610271671584,1.098484942005159,1.0145247410312028
ME-APIC,350.0,188.825,190.65905750506965,171.80658708560676,90.11194607475619,99.98954009373116,1008.3874118294552,0.0,7,22.928994082840234,24.962882134252936,0.8336493566753091,-0.581612335601928,166,1544282882,2.0,0.005,0.015,0.9015225665615874,1.0995799740464158,1.0452465283016488,1.0233199421001662,0.9994266434439096,0.9003344059586931,1.0442610271671584,1.098484942005159,1.0145247410312028
Passive,300.0,157.3,165.9375605463572,99.10233154552819,59.7226638858792,82.13968981648144,461.3041791474259,0.0,0,0.0,0.0,0.0,0.0,167,1336091668,2.0,0.005,0.015,0.9412878711497035,0.903703003239203,1.0855480701004565,0.9859916421602741,1.04097565228523,1.0196862731410898,1.0216870114338958,1.0770164221377818,0.9751610652961502
Continuous,300.0,157.3,163.56335781378388,94.12940483123737,57.54920056019103,87.78743428552781,458.0944623098485,0.0,1,100.0,74.78451846242436,1.6145175667986598,-0.5690964835874024,167,1336091668,2.0,0.005,0.015,0.9412878711497035,0.903703003239203,1.0855480701004565,0.9859916421602741,1.04097565228523,1.0196862731410898,1.0216870114338958,1.0770164221377818,0.9751610652961502
T-APIC,300.0,157.3,165.97744253300812,97.65867707453486,58.838523828389135,86.94580130600815,460.55620907933235,0.0,8,27.594936708860757,22.535270758156823,0.608467674225685,-0.18510255565135808,167,1336091668,2.0,0.005,0.015,0.9412878711497035,0.903703003239203,1.0855480701004565,0.9859916421602741,1.04097565228523,1.0196862731410898,1.0216870114338958,1.0770164221377818,0.9751610652961502
E-APIC,300.0,157.3,166.12089578010614,96.28798527337565,57.96259695157907,86.94580130600815,448.5399180452123,0.0,6,18.73417721518987,25.06837105100207,0.5347987010838964,-0.1784966403449229,167,1336091668,2.0,0.005,0.015,0.9412878711497035,0.903703003239203,1.0855480701004565,0.9859916421602741,1.04097565228523,1.0196862731410898,1.0216870114338958,1.0770164221377818,0.9751610652961502
ME-APIC,300.0,157.3,165.90290971862314,97.97333138604913,59.054619085473036,86.30434155129218,452.3344779933511,0.0,7,22.658227848101262,14.599080929333558,0.44752774309144877,-0.08258388379686023,167,1336091668,2.0,0.005,0.015,0.9412878711497035,0.903703003239203,1.0855480701004565,0.9859916421602741,1.04097565228523,1.0196862731410898,1.0216870114338958,1.0770164221377818,0.9751610652961502
Passive,350.0,188.825,189.50607763173608,162.43518520353842,85.71502678620996,92.22668703481942,981.3355936421233,0.0,0,0.0,0.0,0.0,0.0,167,1336091668,2.0,0.005,0.015,0.9412878711497035,0.903703003239203,1.0855480701004565,0.9859916421602741,1.04097565228523,1.0196862731410898,1.0216870114338958,1.0770164221377818,0.9751610652961502
Continuous,350.0,188.825,188.2203701607095,160.26319644989476,85.14657383420091,92.84122904039616,981.1618535842858,0.0,1,99.99999999999999,132.23236837196993,2.797769900750266,-1.1999224570627791,167,1336091668,2.0,0.005,0.015,0.9412878711497035,0.903703003239203,1.0855480701004565,0.9859916421602741,1.04097565228523,1.0196862731410898,1.0216870114338958,1.0770164221377818,0.9751610652961502
T-APIC,350.0,188.825,190.45438125592784,161.9883561449333,85.05362548066427,99.69537204754157,958.6154737435204,0.0,7,26.923076923076923,21.617627666655146,0.8447507341402802,-0.17292100574126637,167,1336091668,2.0,0.005,0.015,0.9412878711497035,0.903703003239203,1.0855480701004565,0.9859916421602741,1.04097565228523,1.0196862731410898,1.0216870114338958,1.0770164221377818,0.9751610652961502
E-APIC,350.0,188.825,191.5145932115097,163.6194953259442,85.43447921237104,99.69537204754157,964.7398206211137,0.0,7,27.36686390532544,46.98011936725531,1.050625835237127,-0.28184896209860644,167,1336091668,2.0,0.005,0.015,0.9412878711497035,0.903703003239203,1.0855480701004565,0.9859916421602741,1.04097565228523,1.0196862731410898,1.0216870114338958,1.0770164221377818,0.9751610652961502
ME-APIC,350.0,188.825,189.26355412277744,161.40103398751,85.27845455274885,97.78884496696769,958.7519374189193,0.0,7,22.928994082840234,24.965566087517725,0.8004892682809502,-0.46736706524039573,167,1336091668,2.0,0.005,0.015,0.9412878711497035,0.903703003239203,1.0855480701004565,0.9859916421602741,1.04097565228523,1.0196862731410898,1.0216870114338958,1.0770164221377818,0.9751610652961502
Passive,300.0,157.3,165.1795001893063,96.18073842949983,58.22801153852054,85.02772352907976,447.6600284367701,0.0,0,0.0,0.0,0.0,0.0,168,1989036076,2.0,0.005,0.015,0.8096160625585577,0.91280071977518,1.0262391463591698,0.9593544751614317,0.9763207318928533,0.9363923248174537,1.0633005440565697,1.073965456853435,0.9056643358531951
Continuous,300.0,157.3,162.29679380760544,91.09110035847706,56.1262476118049,87.87569977486129,447.32400750694484,0.0,1,100.0,78.82923942355812,1.6967178861379622,-0.6146025052486455,168,1989036076,2.0,0.005,0.015,0.8096160625585577,0.91280071977518,1.0262391463591698,0.9593544751614317,0.9763207318928533,0.9363923248174537,1.0633005440565697,1.073965456853435,0.9056643358531951
T-APIC,300.0,157.3,165.02229592096037,94.6996834235925,57.38599314419318,87.69756203911126,452.8986073324081,0.0,8,27.594936708860757,23.000151124038428,0.6121526047258052,-0.22968419581401273,168,1989036076,2.0,0.005,0.015,0.8096160625585577,0.91280071977518,1.0262391463591698,0.9593544751614317,0.9763207318928533,0.9363923248174537,1.0633005440565697,1.073965456853435,0.9056643358531951
E-APIC,300.0,157.3,165.91386795472553,94.9402104977603,57.22258884571815,87.69756203911126,456.4503068645845,0.0,6,18.73417721518987,18.649668180617642,0.37102564655775877,-0.05264010786934151,168,1989036076,2.0,0.005,0.015,0.8096160625585577,0.91280071977518,1.0262391463591698,0.9593544751614317,0.9763207318928533,0.9363923248174537,1.0633005440565697,1.073965456853435,0.9056643358531951
ME-APIC,300.0,157.3,165.02274772925293,95.0154872120746,57.57720588192072,87.47785509808999,450.790691036985,0.0,7,22.40506329113924,15.946510344536176,0.47855065433152727,-0.09986860361217283,168,1989036076,2.0,0.005,0.015,0.8096160625585577,0.91280071977518,1.0262391463591698,0.9593544751614317,0.9763207318928533,0.9363923248174537,1.0633005440565697,1.073965456853435,0.9056643358531951
Passive,350.0,188.825,189.81016311073168,161.59753208164196,85.13639598284787,97.33194397264639,966.648068964718,0.0,0,0.0,0.0,0.0,0.0,168,1989036076,2.0,0.005,0.015,0.8096160625585577,0.91280071977518,1.0262391463591698,0.9593544751614317,0.9763207318928533,0.9363923248174537,1.0633005440565697,1.073965456853435,0.9056643358531951
Continuous,350.0,188.825,187.9537806143712,158.99513860234546,84.59267915901049,100.20879179531246,972.9489218860368,0.0,1,99.99999999999999,136.45928558212864,2.8481347726173887,-1.322699658272845,168,1989036076,2.0,0.005,0.015,0.8096160625585577,0.91280071977518,1.0262391463591698,0.9593544751614317,0.9763207318928533,0.9363923248174537,1.0633005440565697,1.073965456853435,0.9056643358531951
T-APIC,350.0,188.825,190.52712199371962,161.16523483052555,84.58912995906067,104.26207940892809,951.8406536526666,0.0,7,26.923076923076923,22.20668604694796,0.8261272132832719,-0.23388588756431467,168,1989036076,2.0,0.005,0.015,0.8096160625585577,0.91280071977518,1.0262391463591698,0.9593544751614317,0.9763207318928533,0.9363923248174537,1.0633005440565697,1.073965456853435,0.9056643358531951
E-APIC,350.0,188.825,193.22139915410077,164.5085031019151,85.13989849059827,104.26207940892809,963.2166998443123,0.0,5,16.420118343195266,35.027828683111174,0.8404664079519892,0.25272036362079303,168,1989036076,2.0,0.005,0.015,0.8096160625585577,0.91280071977518,1.0262391463591698,0.9593544751614317,0.9763207318928533,0.9363923248174537,1.0633005440565697,1.073965456853435,0.9056643358531951
ME-APIC,350.0,188.825,189.35095020522297,160.39381765958782,84.70716280311731,102.6050027780677,951.4969629709018,0.0,7,22.781065088757394,25.271867810851493,0.8271026297406802,-0.5175193151126288,168,1989036076,2.0,0.005,0.015,0.8096160625585577,0.91280071977518,1.0262391463591698,0.9593544751614317,0.9763207318928533,0.9363923248174537,1.0633005440565697,1.073965456853435,0.9056643358531951
Passive,300.0,157.3,167.42611512506332,101.00123072776574,60.32585218400381,83.19752117896373,467.0935104353313,0.0,0,0.0,0.0,0.0,0.0,169,298787628,2.0,0.005,0.015,1.0666995658559293,1.0831326912597756,0.9162407471912103,1.0040500032820137,1.0938584471652968,0.9817263539519853,0.9321509821408476,1.0425109031264659,1.06340661538537
Continuous,300.0,157.3,164.72977455464897,96.18507797137231,58.38961306868236,86.49052849035068,469.6291247667158,0.0,1,100.0,77.87105819506785,1.7141972990603078,-0.594715713729884,169,298787628,2.0,0.005,0.015,1.0666995658559293,1.0831326912597756,0.9162407471912103,1.0040500032820137,1.0938584471652968,0.9817263539519853,0.9321509821408476,1.0425109031264659,1.06340661538537
T-APIC,300.0,157.3,167.46935818966483,99.72872494530078,59.55043120924519,86.24708766662758,475.23235149076527,0.0,8,27.594936708860757,24.04654375715507,0.645418835772637,-0.18666336962920407,169,298787628,2.0,0.005,0.015,1.0666995658559293,1.0831326912597756,0.9162407471912103,1.0040500032820137,1.0938584471652968,0.9817263539519853,0.9321509821408476,1.0425109031264659,1.06340661538537
E-APIC,300.0,157.3,168.2977169620603,99.67204118222871,59.22364425460269,86.24708766662758,478.39095732062503,0.0,6,18.73417721518987,18.26138048885664,0.41260018928829123,-0.02565772222888625,169,298787628,2.0,0.005,0.015,1.0666995658559293,1.0831326912597756,0.9162407471912103,1.0040500032820137,1.0938584471652968,0.9817263539519853,0.9321509821408476,1.0425109031264659,1.06340661538537
ME-APIC,300.0,157.3,167.3685048260497,99.8577026034861,59.66337735243003,85.97157786780264,472.7551748069081,0.0,7,22.78481012658228,16.14878883769873,0.5037390182772125,-0.0794412538561195,169,298787628,2.0,0.005,0.015,1.0666995658559293,1.0831326912597756,0.9162407471912103,1.0040500032820137,1.0938584471652968,0.9817263539519853,0.9321509821408476,1.0425109031264659,1.06340661538537
Passive,350.0,188.825,193.72058139196832,176.2009510772281,90.95623697345222,95.8216043768154,1060.560701586992,0.0,0,0.0,0.0,0.0,0.0,169,298787628,2.0,0.005,0.015,1.0666995658559293,1.0831326912597756,0.9162407471912103,1.0040500032820137,1.0938584471652968,0.9817263539519853,0.9321509821408476,1.0425109031264659,1.06340661538537
Continuous,350.0,188.825,192.12874688554723,174.0827560352049,90.60734473998706,86.58479705728705,1063.5559349131495,0.0,1,99.99999999999999,135.7195547498791,2.8724149989437997,-1.2962540875805821,169,298787628,2.0,0.005,0.015,1.0666995658559293,1.0831326912597756,0.9162407471912103,1.0040500032820137,1.0938584471652968,0.9817263539519853,0.9321509821408476,1.0425109031264659,1.06340661538537
T-APIC,350.0,188.825,194.77406317434037,176.08543542462078,90.40497104946074,98.05340471834545,1039.0801210013171,0.0,7,26.923076923076923,22.836092313398876,0.8616106462243973,-0.17856261810829363,169,298787628,2.0,0.005,0.015,1.0666995658559293,1.0831326912597756,0.9162407471912103,1.0040500032820137,1.0938584471652968,0.9817263539519853,0.9321509821408476,1.0425109031264659,1.06340661538537
E-APIC,350.0,188.825,196.1393864533094,178.50240287010777,91.0079337444037,100.61016895313277,1048.5167898982136,0.0,7,27.36686390532544,51.08171696275247,1.0518208131440627,-0.26781662019900704,169,298787628,2.0,0.005,0.015,1.0666995658559293,1.0831326912597756,0.9162407471912103,1.0040500032820137,1.0938584471652968,0.9817263539519853,0.9321509821408476,1.0425109031264659,1.06340661538537
ME-APIC,350.0,188.825,193.28152410109678,174.93939394133275,90.51014821770026,99.852789680921,1039.322566415897,0.0,7,22.928994082840234,26.434705933910628,0.8634532584876057,-0.5217390251030946,169,298787628,2.0,0.005,0.015,1.0666995658559293,1.0831326912597756,0.9162407471912103,1.0040500032820137,1.0938584471652968,0.9817263539519853,0.9321509821408476,1.0425109031264659,1.06340661538537
Passive,300.0,157.3,168.51960518354966,100.42763568504716,59.594036893014625,81.16587597396166,470.14001188727946,0.0,0,0.0,0.0,0.0,0.0,170,143543521,2.0,0.005,0.015,1.1965455010788726,0.9916313855130838,1.057352279478235,1.0204485380485266,0.9746231634029371,1.036261354905774,0.9846206016454387,0.9370781006898616,0.9562073971131065
Continuous,300.0,157.3,166.02382315875616,95.3654687101304,57.4408340295474,89.5743365064885,471.05237546154166,0.0,1,100.0,79.91589491798142,1.7488372080315486,-0.6254962611994536,170,143543521,2.0,0.005,0.015,1.1965455010788726,0.9916313855130838,1.057352279478235,1.0204485380485266,0.9746231634029371,1.036261354905774,0.9846206016454387,0.9370781006898616,0.9562073971131065
T-APIC,300.0,157.3,168.54143107266597,98.96542989892106,58.71875494889593,86.96363548413551,471.5461422756852,0.0,8,27.594936708860757,23.23155922329575,0.6354559000102943,-0.2150260817483728,170,143543521,2.0,0.005,0.015,1.1965455010788726,0.9916313855130838,1.057352279478235,1.0204485380485266,0.9746231634029371,1.036261354905774,0.9846206016454387,0.9370781006898616,0.9562073971131065
E-APIC,300.0,157.3,169.59253037135008,98.93256644396335,58.33545040417441,86.96359948350313,460.5619579345015,0.0,6,18.73417721518987,16.880568122834738,0.45955197940862913,-0.008722299038339466,170,143543521,2.0,0.005,0.015,1.1965455010788726,0.9916313855130838,1.057352279478235,1.0204485380485266,0.9746231634029371,1.036261354905774,0.9846206016454387,0.9370781006898616,0.9562073971131065
ME-APIC,300.0,157.3,168.5143555925158,99.16773477577672,58.84824140180318,85.86266109957745,460.9026802757199,0.0,7,22.78481012658228,16.74196431829606,0.5239743969874896,-0.10011967166197902,170,143543521,2.0,0.005,0.015,1.1965455010788726,0.9916313855130838,1.057352279478235,1.0204485380485266,0.9746231634029371,1.036261354905774,0.9846206016454387,0.9370781006898616,0.9562073971131065
Passive,350.0,188.825,194.03411382805183,170.17094338355489,87.70155929093794,90.68001430265876,1026.537511289756,0.0,0,0.0,0.0,0.0,0.0,170,143543521,2.0,0.005,0.015,1.1965455010788726,0.9916313855130838,1.057352279478235,1.0204485380485266,0.9746231634029371,1.036261354905774,0.9846206016454387,0.9370781006898616,0.9562073971131065
Continuous,350.0,188.825,192.68584096382207,167.6054017026159,86.9837663547291,98.9913159519686,1003.7865326838385,0.0,1,99.99999999999999,136.66221149372248,2.9267057340824634,-1.2908445453118553,170,143543521,2.0,0.005,0.015,1.1965455010788726,0.9916313855130838,1.057352279478235,1.0204485380485266,0.9746231634029371,1.036261354905774,0.9846206016454387,0.9370781006898616,0.9562073971131065
T-APIC,350.0,188.825,195.06400988514955,169.84240843393232,87.07008972794762,97.68951754358773,1003.0894514637589,0.0,7,26.923076923076923,22.757269001176013,0.8767592505910557,-0.1970379348790934,170,143543521,2.0,0.005,0.015,1.1965455010788726,0.9916313855130838,1.057352279478235,1.0204485380485266,0.9746231634029371,1.036261354905774,0.9846206016454387,0.9370781006898616,0.9562073971131065
E-APIC,350.0,188.825,196.62786182743537,173.10890256333067,88.03884706596392,97.68951754358773,1018.8581466661628,0.0,6,21.89349112426035,33.948556515766825,0.7715496389533032,0.007416571448404286,170,143543521,2.0,0.005,0.015,1.1965455010788726,0.9916313855130838,1.057352279478235,1.0204485380485266,0.9746231634029371,1.036261354905774,0.9846206016454387,0.9370781006898616,0.9562073971131065
ME-APIC,350.0,188.825,193.72636624124974,168.6898081068865,87.07632904073319,95.9963558300053,1004.054032783915,0.0,7,23.076923076923073,28.36854917173376,0.8910737283535914,-0.5023177255805816,170,143543521,2.0,0.005,0.015,1.1965455010788726,0.9916313855130838,1.057352279478235,1.0204485380485266,0.9746231634029371,1.036261354905774,0.9846206016454387,0.9370781006898616,0.9562073971131065
Passive,300.0,157.3,166.96224457926942,98.68527610417202,59.10634248650076,85.77232796257302,469.0329847168163,0.0,0,0.0,0.0,0.0,0.0,171,1811703483,2.0,0.005,0.015,0.8774413687703694,1.0739941397946398,1.0094506317667264,0.9583733064131954,0.931695302301592,1.0508224867730136,1.0982748629960473,1.0080196490611162,0.9007131044033928
Continuous,300.0,157.3,164.76120206956236,93.99320066177476,57.04813965977909,91.19500560881592,469.36451617590575,0.0,1,100.0,74.61261404037917,1.6729903164459385,-0.5324247865230164,171,1811703483,2.0,0.005,0.015,0.8774413687703694,1.0739941397946398,1.0094506317667264,0.9583733064131954,0.931695302301592,1.0508224867730136,1.0982748629960473,1.0080196490611162,0.9007131044033928
T-APIC,300.0,157.3,167.13016503961768,97.42009064786856,58.2899506051319,91.00945986746522,474.96217812023224,0.0,8,27.594936708860757,21.35705901794237,0.6084389388148694,-0.18763556801012682,171,1811703483,2.0,0.005,0.015,0.8774413687703694,1.0739941397946398,1.0094506317667264,0.9583733064131954,0.931695302301592,1.0508224867730136,1.0982748629960473,1.0080196490611162,0.9007131044033928
E-APIC,300.0,157.3,166.84349002328347,96.72345577789032,57.97256804229659,91.00945986746522,474.81146892116055,0.0,7,23.41772151898734,17.12346725708717,0.536766403985301,-0.24510969939380703,171,1811703483,2.0,0.005,0.015,0.8774413687703694,1.0739941397946398,1.0094506317667264,0.9583733064131954,0.931695302301592,1.0508224867730136,1.0982748629960473,1.0080196490611162,0.9007131044033928
ME-APIC,300.0,157.3,166.9811560693076,97.54831168600879,58.41875453630238,90.69357256889232,472.9889305045553,0.0,7,22.658227848101262,15.21010552931991,0.4974189984992292,-0.09982388298730673,171,1811703483,2.0,0.005,0.015,0.8774413687703694,1.0739941397946398,1.0094506317667264,0.9583733064131954,0.931695302301592,1.0508224867730136,1.0982748629960473,1.0080196490611162,0.9007131044033928
Passive,350.0,188.825,193.8043041035783,174.1991853988392,89.88406434241979,97.6433271138168,1045.0294222240423,0.0,0,0.0,0.0,0.0,0.0,171,1811703483,2.0,0.005,0.015,0.8774413687703694,1.0739941397946398,1.0094506317667264,0.9583733064131954,0.931695302301592,1.0508224867730136,1.0982748629960473,1.0080196490611162,0.9007131044033928
Continuous,350.0,188.825,192.81201587789076,172.31629155264775,89.37010007808688,105.66351469580881,1028.090375955485,0.0,1,99.99999999999999,131.92577069852425,2.8751435487902484,-1.2069268453335353,171,1811703483,2.0,0.005,0.015,0.8774413687703694,1.0739941397946398,1.0094506317667264,0.9583733064131954,0.931695302301592,1.0508224867730136,1.0982748629960473,1.0080196490611162,0.9007131044033928
T-APIC,350.0,188.825,195.01164183268594,174.252205130427,89.35477056284162,104.87661394259814,1026.4795039464243,0.0,7,26.923076923076923,22.799499596977622,0.8660804966600543,-0.16259403374383702,171,1811703483,2.0,0.005,0.015,0.8774413687703694,1.0739941397946398,1.0094506317667264,0.9583733064131954,0.931695302301592,1.0508224867730136,1.0982748629960473,1.0080196490611162,0.9007131044033928
E-APIC,350.0,188.825,197.49283454977422,177.2374111154144,89.74371729458629,104.87661394259814,1040.0774378822894,0.0,5,16.420118343195266,35.25841908784725,0.8694819941360232,0.29757327475678824,171,1811703483,2.0,0.005,0.015,0.8774413687703694,1.0739941397946398,1.0094506317667264,0.9583733064131954,0.931695302301592,1.0508224867730136,1.0982748629960473,1.0080196490611162,0.9007131044033928
ME-APIC,350.0,188.825,193.61495550546658,173.0283248250683,89.3672311487234,103.16826639394777,1026.3367453436556,0.0,7,22.928994082840234,25.02248746381083,0.837776048914505,-0.473819705726387,171,1811703483,2.0,0.005,0.015,0.8774413687703694,1.0739941397946398,1.0094506317667264,0.9583733064131954,0.931695302301592,1.0508224867730136,1.0982748629960473,1.0080196490611162,0.9007131044033928
Passive,300.0,157.3,165.06320979109427,95.97968617606844,58.1472311713442,85.08471960760524,459.63700157206495,0.0,0,0.0,0.0,0.0,0.0,172,1328425998,2.0,0.005,0.015,0.8058521273452486,0.9808567392488734,0.9662809665219483,1.0971140860990989,0.9046659733033162,0.9474959508058658,1.072353404603637,1.0424932620434335,0.951581427562551
Continuous,300.0,157.3,162.43805903718186,91.04226037635668,56.04737025053792,91.24037709998665,458.891900312985,0.0,1,100.0,82.2996350457818,1.7603811406234768,-0.5893392819744611,172,1328425998,2.0,0.005,0.015,0.8058521273452486,0.9808567392488734,0.9662809665219483,1.0971140860990989,0.9046659733033162,0.9474959508058658,1.072353404603637,1.0424932620434335,0.951581427562551
T-APIC,300.0,157.3,164.95458936828095,94.54206869945475,57.313997180386544,90.14665328507238,463.9384608307412,0.0,8,27.594936708860757,22.606332696899198,0.6107734771835195,-0.2407877115121862,172,1328425998,2.0,0.005,0.015,0.8058521273452486,0.9808567392488734,0.9662809665219483,1.0971140860990989,0.9046659733033162,0.9474959508058658,1.072353404603637,1.0424932620434335,0.951581427562551
E-APIC,300.0,157.3,165.89596193939192,94.69026377010522,57.078100433028716,90.14665328505636,467.4430582685419,0.0,6,18.73417721518987,16.07802824092899,0.39778960863571766,-0.056947941956717346,172,1328425998,2.0,0.005,0.015,0.8058521273452486,0.9808567392488734,0.9662809665219483,1.0971140860990989,0.9046659733033162,0.9474959508058658,1.072353404603637,1.0424932620434335,0.951581427562551
ME-APIC,300.0,157.3,164.89990214361418,94.71515448389916,57.43796888454796,89.3820486729091,462.5150591828535,0.0,7,22.658227848101262,16.76098723980451,0.5184639076060198,-0.11420778336497668,172,1328425998,2.0,0.005,0.015,0.8058521273452486,0.9808567392488734,0.9662809665219483,1.0971140860990989,0.9046659733033162,0.9474959508058658,1.072353404603637,1.0424932620434335,0.951581427562551
Passive,350.0,188.825,191.1363245310398,166.0227802219546,86.86092537841657,96.7726196698238,982.6592911837939,0.0,0,0.0,0.0,0.0,0.0,172,1328425998,2.0,0.005,0.015,0.8058521273452486,0.9808567392488734,0.9662809665219483,1.0971140860990989,0.9046659733033162,0.9474959508058658,1.072353404603637,1.0424932620434335,0.951581427562551
Continuous,350.0,188.825,189.59183285607776,163.53222906308523,86.25489115199662,96.95308715304654,975.8373537488914,0.0,1,99.99999999999999,136.8987261453827,2.8699233732800384,-1.3181705629030425,172,1328425998,2.0,0.005,0.015,0.8058521273452486,0.9808567392488734,0.9662809665219483,1.0971140860990989,0.9046659733033162,0.9474959508058658,1.072353404603637,1.0424932620434335,0.951581427562551
T-APIC,350.0,188.825,192.0295631790655,165.92078795667481,86.40377304923382,103.02406777708575,964.6034133057361,0.0,7,26.923076923076923,21.23671399799221,0.821293063343455,-0.2120576703455937,172,1328425998,2.0,0.005,0.015,0.8058521273452486,0.9808567392488734,0.9662809665219483,1.0971140860990989,0.9046659733033162,0.9474959508058658,1.072353404603637,1.0424932620434335,0.951581427562551
E-APIC,350.0,188.825,193.4121198198089,168.86965927253272,87.3107949128829,103.02406777708575,978.4201642087334,0.0,6,21.89349112426035,33.9055194053267,0.763342615710266,-0.05374777516838716,172,1328425998,2.0,0.005,0.015,0.8058521273452486,0.9808567392488734,0.9662809665219483,1.0971140860990989,0.9046659733033162,0.9474959508058658,1.072353404603637,1.0424932620434335,0.951581427562551
ME-APIC,350.0,188.825,190.57365890179526,164.7602644146893,86.45489904750798,101.53739045039802,965.2102335181627,0.0,7,22.928994082840234,25.00842441266319,0.8195379832039745,-0.5528600742088835,172,1328425998,2.0,0.005,0.015,0.8058521273452486,0.9808567392488734,0.9662809665219483,1.0971140860990989,0.9046659733033162,0.9474959508058658,1.072353404603637,1.0424932620434335,0.951581427562551
Passive,300.0,157.3,168.74726360902724,100.96712450320128,59.833340312488474,83.43970839107256,460.19965616831473,0.0,0,0.0,0.0,0.0,0.0,173,918986184,2.0,0.005,0.015,1.0876922899270327,1.0379413767546932,0.9047059429500719,1.0054889525010569,1.0643478618880087,1.0659353013024147,1.0214178017983264,0.9677390469935795,0.9131095687124046
Continuous,300.0,157.3,166.20985927818336,96.00250465895044,57.75981345262573,89.23563700350074,456.2234944860854,0.0,1,100.0,77.35504748307929,1.7139209745198685,-0.5922699781728616,173,918986184,2.0,0.005,0.015,1.0876922899270327,1.0379413767546932,0.9047059429500719,1.0054889525010569,1.0643478618880087,1.0659353013024147,1.0214178017983264,0.9677390469935795,0.9131095687124046
T-APIC,300.0,157.3,168.8300013774875,99.59386164280701,58.9906182729483,88.50288177512112,462.0488854245878,0.0,8,27.594936708860757,23.41295531419606,0.6511851123347973,-0.16234525452540471,173,918986184,2.0,0.005,0.015,1.0876922899270327,1.0379413767546932,0.9047059429500719,1.0054889525010569,1.0643478618880087,1.0659353013024147,1.0214178017983264,0.9677390469935795,0.9131095687124046
E-APIC,300.0,157.3,168.92115459849967,97.99639229250695,58.01309642088922,88.50288177512112,463.2910887643498,0.0,6,18.73417721518987,24.89865478003936,0.566780006050939,-0.18585767800858324,173,918986184,2.0,0.005,0.015,1.0876922899270327,1.0379413767546932,0.9047059429500719,1.0054889525010569,1.0643478618880087,1.0659353013024147,1.0214178017983264,0.9677390469935795,0.9131095687124046
ME-APIC,300.0,157.3,168.82097700545583,99.92135211624951,59.18775846974297,87.82467564692091,459.65838267699553,0.0,7,22.78481012658228,14.965297799000425,0.4819955444803625,-0.07375065184326252,173,918986184,2.0,0.005,0.015,1.0876922899270327,1.0379413767546932,0.9047059429500719,1.0054889525010569,1.0643478618880087,1.0659353013024147,1.0214178017983264,0.9677390469935795,0.9131095687124046
Passive,350.0,188.825,195.05805213923963,175.76527076839866,90.10921048413368,96.94121066615104,1072.4032837754692,0.0,0,0.0,0.0,0.0,0.0,173,918986184,2.0,0.005,0.015,1.0876922899270327,1.0379413767546932,0.9047059429500719,1.0054889525010569,1.0643478618880087,1.0659353013024147,1.0214178017983264,0.9677390469935795,0.9131095687124046
Continuous,350.0,188.825,193.7420767519031,173.76151315224288,89.68702930481828,96.35837328930006,1048.906549213623,0.0,1,99.99999999999999,137.61175965824316,2.92819213070704,-1.2515494077542557,173,918986184,2.0,0.005,0.015,1.0876922899270327,1.0379413767546932,0.9047059429500719,1.0054889525010569,1.0643478618880087,1.0659353013024147,1.0214178017983264,0.9677390469935795,0.9131095687124046
T-APIC,350.0,188.825,196.1798052474728,175.53618660419403,89.47719485334503,99.62499041892396,1045.7956675354105,0.0,7,26.923076923076923,23.807539423012734,0.9032905150446706,-0.1603654777050421,173,918986184,2.0,0.005,0.015,1.0876922899270327,1.0379413767546932,0.9047059429500719,1.0054889525010569,1.0643478618880087,1.0659353013024147,1.0214178017983264,0.9677390469935795,0.9131095687124046
E-APIC,350.0,188.825,198.0061316767818,179.21017419735549,90.50738614998642,99.62499041892396,1065.340119048824,0.0,6,21.89349112426035,35.14259154412876,0.8166343868851571,0.0679524234137156,173,918986184,2.0,0.005,0.015,1.0876922899270327,1.0379413767546932,0.9047059429500719,1.0054889525010569,1.0643478618880087,1.0659353013024147,1.0214178017983264,0.9677390469935795,0.9131095687124046
ME-APIC,350.0,188.825,194.81546824565683,174.41016072073475,89.52582784689788,99.62498503492014,1048.1498185828023,0.0,7,22.928994082840234,27.040650090372345,0.8764441759093341,-0.4522355750408092,173,918986184,2.0,0.005,0.015,1.0876922899270327,1.0379413767546932,0.9047059429500719,1.0054889525010569,1.0643478618880087,1.0659353013024147,1.0214178017983264,0.9677390469935795,0.9131095687124046
Passive,300.0,157.3,168.0566827214767,98.83501639546974,58.81052439864635,83.88797310918568,465.84682609687394,0.0,0,0.0,0.0,0.0,0.0,174,484818609,2.0,0.005,0.015,1.11638485617424,0.9601644620497455,1.0689496788853654,0.9175278448755435,0.9231975654929101,0.9478755907939321,0.9317103358523853,0.9561416107726682,1.0316878744947668
Continuous,300.0,157.3,165.0344611012804,93.4518411675609,56.6256529357285,90.03062333362871,460.3448399469839,0.0,1,100.0,81.84354947052995,1.744225456026534,-0.673598311029919,174,484818609,2.0,0.005,0.015,1.11638485617424,0.9601644620497455,1.0689496788853654,0.9175278448755435,0.9231975654929101,0.9478755907939321,0.9317103358523853,0.9561416107726682,1.0316878744947668
T-APIC,300.0,157.3,167.8610992226492,97.24898174471157,57.93419809298493,89.47539828785052,464.76077963709423,0.0,8,27.594936708860757,23.271973261399175,0.6281044897486977,-0.24372577922791797,174,484818609,2.0,0.005,0.015,1.11638485617424,0.9601644620497455,1.0689496788853654,0.9175278448755435,0.9231975654929101,0.9478755907939321,0.9317103358523853,0.9561416107726682,1.0316878744947668
E-APIC,300.0,157.3,167.9590376305525,96.0788583037234,57.20374423379419,89.47539825569297,462.791657951469,0.0,6,18.73417721518987,17.912771726214668,0.49743332258772827,-0.23983629541769289,174,484818609,2.0,0.005,0.015,1.11638485617424,0.9601644620497455,1.0689496788853654,0.9175278448755435,0.9231975654929101,0.9478755907939321,0.9317103358523853,0.9561416107726682,1.0316878744947668
ME-APIC,300.0,157.3,167.86173000636575,97.46658480152342,58.063612711382895,88.51109137731034,462.80076442900037,0.0,7,22.78481012658228,16.823666378651534,0.5116216733788299,-0.11818719936664272,174,484818609,2.0,0.005,0.015,1.11638485617424,0.9601644620497455,1.0689496788853654,0.9175278448755435,0.9231975654929101,0.9478755907939321,0.9317103358523853,0.9561416107726682,1.0316878744947668
Passive,350.0,188.825,193.92264059116633,168.65924229109794,86.97243487245542,93.42154035028157,1019.6541263754185,0.0,0,0.0,0.0,0.0,0.0,174,484818609,2.0,0.005,0.015,1.11638485617424,0.9601644620497455,1.0689496788853654,0.9175278448755435,0.9231975654929101,0.9478755907939321,0.9317103358523853,0.9561416107726682,1.0316878744947668
Continuous,350.0,188.825,191.91417232861,165.57433418931055,86.27519905398212,98.07884838196776,1003.253427832439,0.0,1,99.99999999999999,139.9983723875634,2.9249882210248264,-1.3753763542596849,174,484818609,2.0,0.005,0.015,1.11638485617424,0.9601644620497455,1.0689496788853654,0.9175278448755435,0.9231975654929101,0.9478755907939321,0.9317103358523853,0.9561416107726682,1.0316878744947668
T-APIC,350.0,188.825,194.67422173189684,168.115678700658,86.35744229771986,100.177019158067,990.0595158965701,0.0,7,26.923076923076923,22.402639050444417,0.8661097302621381,-0.23378493471225914,174,484818609,2.0,0.005,0.015,1.11638485617424,0.9601644620497455,1.0689496788853654,0.9175278448755435,0.9231975654929101,0.9478755907939321,0.9317103358523853,0.9561416107726682,1.0316878744947668
E-APIC,350.0,188.825,195.34899812433514,170.5741845155575,87.31766538520507,100.177019158067,1004.9085284215832,0.0,7,27.36686390532544,51.46593445235346,1.199634012481215,-0.48388313928070115,174,484818609,2.0,0.005,0.015,1.11638485617424,0.9601644620497455,1.0689496788853654,0.9175278448755435,0.9231975654929101,0.9478755907939321,0.9317103358523853,0.9561416107726682,1.0316878744947668
ME-APIC,350.0,188.825,193.47566856992944,167.29384044420112,86.46763785893563,98.53949140726672,995.1146211883068,0.0,7,23.076923076923073,28.28938723323509,0.8665249743040673,-0.5214804898073937,174,484818609,2.0,0.005,0.015,1.11638485617424,0.9601644620497455,1.0689496788853654,0.9175278448755435,0.9231975654929101,0.9478755907939321,0.9317103358523853,0.9561416107726682,1.0316878744947668
Passive,300.0,157.3,165.52371835901346,97.87649315731429,59.1314007005477,83.18055061086733,467.23961101408014,0.0,0,0.0,0.0,0.0,0.0,175,1807464828,2.0,0.005,0.015,1.084063507088115,1.0096584516565101,0.9558099785314912,1.0248403812127809,0.980794569059048,1.0357447726851177,0.9184201882618054,1.0795020709797356,1.0719967660786927
Continuous,300.0,157.3,163.40461604957977,93.27819827255362,57.084188028232575,89.11999383569322,467.72779010971703,0.0,1,100.0,74.11288663547805,1.6340655784456162,-0.5329913985374454,175,1807464828,2.0,0.005,0.015,1.084063507088115,1.0096584516565101,0.9558099785314912,1.0248403812127809,0.980794569059048,1.0357447726851177,0.9184201882618054,1.0795020709797356,1.0719967660786927
T-APIC,300.0,157.3,165.68605626184518,96.5668043278943,58.283000094638666,88.91042589002016,473.03831887337685,0.0,8,27.594936708860757,22.589976770923613,0.6125323285338611,-0.17899900679417124,175,1807464828,2.0,0.005,0.015,1.084063507088115,1.0096584516565101,0.9558099785314912,1.0248403812127809,0.980794569059048,1.0357447726851177,0.9184201882618054,1.0795020709797356,1.0719967660786927
E-APIC,300.0,157.3,166.64326706103776,96.4918403345276,57.903233677712734,88.91042589002016,476.0943103012309,0.0,6,18.73417721518987,16.55931259822537,0.45041143813798024,0.013367168676956965,175,1807464828,2.0,0.005,0.015,1.084063507088115,1.0096584516565101,0.9558099785314912,1.0248403812127809,0.980794569059048,1.0357447726851177,0.9184201882618054,1.0795020709797356,1.0719967660786927
ME-APIC,300.0,157.3,165.5394298334954,96.69506876854184,58.41210693174471,87.90431809324383,470.66626621922467,0.0,7,22.658227848101262,15.519942320008669,0.47882174824081175,-0.0963930036359405,175,1807464828,2.0,0.005,0.015,1.084063507088115,1.0096584516565101,0.9558099785314912,1.0248403812127809,0.980794569059048,1.0357447726851177,0.9184201882618054,1.0795020709797356,1.0719967660786927
Passive,350.0,188.825,191.14662291077755,168.0784929070223,87.93170935877697,93.52730962594389,998.9912855966998,0.0,0,0.0,0.0,0.0,0.0,175,1807464828,2.0,0.005,0.015,1.084063507088115,1.0096584516565101,0.9558099785314912,1.0248403812127809,0.980794569059048,1.0357447726851177,0.9184201882618054,1.0795020709797356,1.0719967660786927
Continuous,350.0,188.825,190.1091337150253,166.17500260992418,87.41032025269311,93.50083060759964,1009.9824967989591,0.0,1,99.99999999999999,131.18181424714606,2.8291699468854397,-1.171007574115005,175,1807464828,2.0,0.005,0.015,1.084063507088115,1.0096584516565101,0.9558099785314912,1.0248403812127809,0.980794569059048,1.0357447726851177,0.9184201882618054,1.0795020709797356,1.0719967660786927
T-APIC,350.0,188.825,192.29213667806027,168.0797695558937,87.40855058327035,100.87295747217223,984.4556261090494,0.0,7,26.923076923076923,22.87533379544895,0.8473649794846845,-0.16914132094306678,175,1807464828,2.0,0.005,0.015,1.084063507088115,1.0096584516565101,0.9558099785314912,1.0248403812127809,0.980794569059048,1.0357447726851177,0.9184201882618054,1.0795020709797356,1.0719967660786927
E-APIC,350.0,188.825,193.6628405527076,171.07768146570496,88.3378974394131,100.87295747217223,994.8276285932452,0.0,6,21.89349112426035,33.13880183623427,0.7632422658142686,-0.011074588630945018,175,1807464828,2.0,0.005,0.015,1.084063507088115,1.0096584516565101,0.9558099785314912,1.0248403812127809,0.980794569059048,1.0357447726851177,0.9184201882618054,1.0795020709797356,1.0719967660786927
ME-APIC,350.0,188.825,190.90648609993445,166.89179776734832,87.42070590518591,99.08266641993866,981.7275938986896,0.0,7,23.076923076923073,26.323810408965606,0.8404368605433927,-0.48480185028344375,175,1807464828,2.0,0.005,0.015,1.084063507088115,1.0096584516565101,0.9558099785314912,1.0248403812127809,0.980794569059048,1.0357447726851177,0.9184201882618054,1.0795020709797356,1.0719967660786927
Passive,300.0,157.3,166.88091983767058,99.30364632475755,59.50569209550906,85.691740972778,459.50362057386536,0.0,0,0.0,0.0,0.0,0.0,176,1284663719,2.0,0.005,0.015,1.0482201945667664,1.0575287063150647,0.9550734599290609,0.9002692933895373,1.0645065886712786,0.9496065239593914,1.0949566715309365,1.058715337758505,1.006099355764085
Continuous,300.0,157.3,163.8979626183183,94.33027780678874,57.55427114518981,89.35113856200311,461.3101939652125,0.0,1,100.0,78.38979765578581,1.6986183289360377,-0.6385633626295416,176,1284663719,2.0,0.005,0.015,1.0482201945667664,1.0575287063150647,0.9550734599290609,0.9002692933895373,1.0645065886712786,0.9496065239593914,1.0949566715309365,1.058715337758505,1.006099355764085
T-APIC,300.0,157.3,166.77642877495103,97.95708492992951,58.735569318439666,89.25313708519816,467.1705112114206,0.0,8,27.594936708860757,23.547508428789044,0.6239634216264581,-0.19512719989517713,176,1284663719,2.0,0.005,0.015,1.0482201945667664,1.0575287063150647,0.9550734599290609,0.9002692933895373,1.0645065886712786,0.9496065239593914,1.0949566715309365,1.058715337758505,1.006099355764085
E-APIC,300.0,157.3,166.62182539133573,97.5560463848709,58.54938040424551,89.25313708519816,466.9367575070464,0.0,7,23.41772151898734,22.198672021286026,0.5647231468658375,-0.23792630714273633,176,1284663719,2.0,0.005,0.015,1.0482201945667664,1.0575287063150647,0.9550734599290609,0.9002692933895373,1.0645065886712786,0.9496065239593914,1.0949566715309365,1.058715337758505,1.006099355764085
ME-APIC,300.0,157.3,166.7654342456924,98.20837054644431,58.89012371817756,89.10077325396651,464.34909485231213,0.0,7,22.658227848101262,15.591509027892371,0.4832672145427458,-0.0807991103847417,176,1284663719,2.0,0.005,0.015,1.0482201945667664,1.0575287063150647,0.9550734599290609,0.9002692933895373,1.0645065886712786,0.9496065239593914,1.0949566715309365,1.058715337758505,1.006099355764085
Passive,350.0,188.825,192.93779330612114,173.59921164114957,89.97677887074805,99.53626276234984,1050.7499443415534,0.0,0,0.0,0.0,0.0,0.0,176,1284663719,2.0,0.005,0.015,1.0482201945667664,1.0575287063150647,0.9550734599290609,0.9002692933895373,1.0645065886712786,0.9496065239593914,1.0949566715309365,1.058715337758505,1.006099355764085
Continuous,350.0,188.825,191.06118935290434,171.06949402987587,89.53649593057735,100.70937046195657,1045.3138050305442,0.0,1,99.99999999999999,136.02943119838994,2.84983245264046,-1.3189423403352813,176,1284663719,2.0,0.005,0.015,1.0482201945667664,1.0575287063150647,0.9550734599290609,0.9002692933895373,1.0645065886712786,0.9496065239593914,1.0949566715309365,1.058715337758505,1.006099355764085
T-APIC,350.0,188.825,193.7536022886024,173.0919638506461,89.33612681575845,104.12967167668137,1022.4752405517503,0.0,7,26.923076923076923,23.98636133573095,0.8680166242617063,-0.2246222244600023,176,1284663719,2.0,0.005,0.015,1.0482201945667664,1.0575287063150647,0.9550734599290609,0.9002692933895373,1.0645065886712786,0.9496065239593914,1.0949566715309365,1.058715337758505,1.006099355764085
E-APIC,350.0,188.825,196.09516312037567,176.9526527048741,90.23815268520893,104.12967167668137,1039.659254226585,0.0,6,21.89349112426035,36.17555025640926,0.9365165794906055,0.1600880608670127,176,1284663719,2.0,0.005,0.015,1.0482201945667664,1.0575287063150647,0.9550734599290609,0.9002692933895373,1.0645065886712786,0.9496065239593914,1.0949566715309365,1.058715337758505,1.006099355764085
ME-APIC,350.0,188.825,192.5321040904547,172.1717154813513,89.424938399085,104.01323819271491,1023.7061606185712,0.0,7,22.928994082840234,27.630820491177282,0.87466775363347,-0.5009436387418191,176,1284663719,2.0,0.005,0.015,1.0482201945667664,1.0575287063150647,0.9550734599290609,0.9002692933895373,1.0645065886712786,0.9496065239593914,1.0949566715309365,1.058715337758505,1.006099355764085
Passive,300.0,157.3,169.66625358581697,101.55896882490497,59.858084137831554,82.86563136173193,457.56895259265394,0.0,0,0.0,0.0,0.0,0.0,177,942781996,2.0,0.005,0.015,1.1215000864760474,1.016311113785222,0.93701840193071,1.0376978264372057,1.0990641741774665,1.0361146429018242,1.0750827236357812,0.931007447047624,0.913772008596878
Continuous,300.0,157.3,166.8797078830258,96.2889238758663,57.699599967756384,87.67161849823763,458.9721320119198,0.0,1,100.0,77.74530737851765,1.7337104347656835,-0.6187761655662374,177,942781996,2.0,0.005,0.015,1.1215000864760474,1.016311113785222,0.93701840193071,1.0376978264372057,1.0990641741774665,1.0361146429018242,1.0750827236357812,0.931007447047624,0.913772008596878
T-APIC,300.0,157.3,169.66799536946988,100.09272603835602,58.99328616477939,87.20436313839205,465.0879573582735,0.0,8,27.594936708860757,23.19170128435167,0.6509711902946113,-0.20282891222174018,177,942781996,2.0,0.005,0.015,1.1215000864760474,1.016311113785222,0.93701840193071,1.0376978264372057,1.0990641741774665,1.0361146429018242,1.0750827236357812,0.931007447047624,0.913772008596878
E-APIC,300.0,157.3,170.53670077907384,100.27057280666706,58.79706382766555,87.20436313839205,468.56099842637997,0.0,6,18.73417721518987,19.043695095791044,0.3928311462835511,-0.02769942543749691,177,942781996,2.0,0.005,0.015,1.1215000864760474,1.016311113785222,0.93701840193071,1.0376978264372057,1.0990641741774665,1.0361146429018242,1.0750827236357812,0.931007447047624,0.913772008596878
ME-APIC,300.0,157.3,169.63335394977594,100.36270863323264,59.164489940432034,86.73702729351312,462.6409457655319,0.0,7,22.78481012658228,16.301374400754185,0.5094498990474803,-0.09558248404750917,177,942781996,2.0,0.005,0.015,1.1215000864760474,1.016311113785222,0.93701840193071,1.0376978264372057,1.0990641741774665,1.0361146429018242,1.0750827236357812,0.931007447047624,0.913772008596878
Passive,350.0,188.825,195.49670733451424,174.2943657603869,89.15462983330556,98.92568826946618,1061.3505054201732,0.0,0,0.0,0.0,0.0,0.0,177,942781996,2.0,0.005,0.015,1.1215000864760474,1.016311113785222,0.93701840193071,1.0376978264372057,1.0990641741774665,1.0361146429018242,1.0750827236357812,0.931007447047624,0.913772008596878
Continuous,350.0,188.825,193.88669434194247,171.89689061807476,88.65842558278597,102.67760840074273,1039.4911385988567,0.0,1,99.99999999999999,138.5700604130017,2.9850705531787414,-1.3346577182127184,177,942781996,2.0,0.005,0.015,1.1215000864760474,1.016311113785222,0.93701840193071,1.0376978264372057,1.0990641741774665,1.0361146429018242,1.0750827236357812,0.931007447047624,0.913772008596878
T-APIC,350.0,188.825,196.52239428210194,174.0079407976121,88.54356849928715,102.53651521935701,1035.4704563870405,0.0,7,26.923076923076923,24.40963602854257,0.9016616045129859,-0.20174504320922226,177,942781996,2.0,0.005,0.015,1.1215000864760474,1.016311113785222,0.93701840193071,1.0376978264372057,1.0990641741774665,1.0361146429018242,1.0750827236357812,0.931007447047624,0.913772008596878
E-APIC,350.0,188.825,198.8241824208757,177.57753428815207,89.31385112513716,102.53651521935701,1053.4283694326462,0.0,6,21.89349112426035,38.45391444611689,1.0115669716195845,0.16702973246341224,177,942781996,2.0,0.005,0.015,1.1215000864760474,1.016311113785222,0.93701840193071,1.0376978264372057,1.0990641741774665,1.0361146429018242,1.0750827236357812,0.931007447047624,0.913772008596878
ME-APIC,350.0,188.825,195.31788078460465,172.87105335767745,88.50754097025995,102.06136065384305,1035.7894207114828,0.0,7,23.076923076923073,28.242375988365662,0.9053824116123531,-0.4563527044930302,177,942781996,2.0,0.005,0.015,1.1215000864760474,1.016311113785222,0.93701840193071,1.0376978264372057,1.0990641741774665,1.0361146429018242,1.0750827236357812,0.931007447047624,0.913772008596878
Passive,300.0,157.3,168.7204933106901,101.04670602563363,59.89000153025947,83.75889611922841,474.4650492727366,0.0,0,0.0,0.0,0.0,0.0,178,992983902,2.0,0.005,0.015,0.8973937603178956,1.0435690230543913,1.055004122915107,1.0114410729623173,0.9466111702638423,0.9739162712906566,1.0741474594810876,0.9407741677587715,1.0731222933853928
Continuous,300.0,157.3,165.98843683679536,95.84058814131797,57.73931604377431,89.21194197463198,474.8137113320325,0.0,1,100.0,80.89712437552856,1.7545662478150081,-0.6261901236544747,178,992983902,2.0,0.005,0.015,0.8973937603178956,1.0435690230543913,1.055004122915107,1.0114410729623173,0.9466111702638423,0.9739162712906566,1.0741474594810876,0.9407741677587715,1.0731222933853928
T-APIC,300.0,157.3,168.6875927621888,99.60486018890296,59.04693911266088,88.51434437585418,480.3265701424275,0.0,8,27.594936708860757,22.669531406609945,0.6316882723456181,-0.24032944853716082,178,992983902,2.0,0.005,0.015,0.8973937603178956,1.0435690230543913,1.055004122915107,1.0114410729623173,0.9466111702638423,0.9739162712906566,1.0741474594810876,0.9407741677587715,1.0731222933853928
E-APIC,300.0,157.3,168.40907121763516,99.62609708086674,59.157203564242614,88.51434437585418,484.0813886983323,0.0,6,18.73417721518987,19.341253668701697,0.5409893298626152,-0.2908047263438216,178,992983902,2.0,0.005,0.015,0.8973937603178956,1.0435690230543913,1.055004122915107,1.0114410729623173,0.9466111702638423,0.9739162712906566,1.0741474594810876,0.9407741677587715,1.0731222933853928
ME-APIC,300.0,157.3,168.56064554424168,99.66242535423501,59.1255598437281,87.97637812743204,478.6352009035795,0.0,7,22.78481012658228,17.01713192444343,0.5379845866571915,-0.1166074575631504,178,992983902,2.0,0.005,0.015,0.8973937603178956,1.0435690230543913,1.055004122915107,1.0114410729623173,0.9466111702638423,0.9739162712906566,1.0741474594810876,0.9407741677587715,1.0731222933853928
Passive,350.0,188.825,195.28145229689483,174.56395796741256,89.39095644476028,95.12823577519045,1045.3361385319351,0.0,0,0.0,0.0,0.0,0.0,178,992983902,2.0,0.005,0.015,0.8973937603178956,1.0435690230543913,1.055004122915107,1.0114410729623173,0.9466111702638423,0.9739162712906566,1.0741474594810876,0.9407741677587715,1.0731222933853928
Continuous,350.0,188.825,193.62933424051795,171.91360750457193,88.78489831041215,92.7806374390749,1034.1739122659292,0.0,1,99.99999999999999,137.61181076052193,2.939115570027667,-1.3496415148014114,178,992983902,2.0,0.005,0.015,0.8973937603178956,1.0435690230543913,1.055004122915107,1.0114410729623173,0.9466111702638423,0.9739162712906566,1.0741474594810876,0.9407741677587715,1.0731222933853928
T-APIC,350.0,188.825,196.27664532389477,174.4697606438321,88.88972009681689,101.91141505890921,1019.674803342033,0.0,7,26.923076923076923,21.67690541068716,0.8578618873259093,-0.19815353578105696,178,992983902,2.0,0.005,0.015,0.8973937603178956,1.0435690230543913,1.055004122915107,1.0114410729623173,0.9466111702638423,0.9739162712906566,1.0741474594810876,0.9407741677587715,1.0731222933853928
E-APIC,350.0,188.825,197.82595469272033,177.64125310630638,89.79673743126048,101.91141505890921,1036.257627301864,0.0,6,21.89349112426035,34.83180814271877,0.7865630499929737,-0.023484053445453856,178,992983902,2.0,0.005,0.015,0.8973937603178956,1.0435690230543913,1.055004122915107,1.0114410729623173,0.9466111702638423,0.9739162712906566,1.0741474594810876,0.9407741677587715,1.0731222933853928
ME-APIC,350.0,188.825,194.89618745845428,173.30774952764725,88.92310916271309,100.27563049873217,1022.1473959714488,0.0,7,23.076923076923073,27.26424269417771,0.8590716461680694,-0.5273007663532141,178,992983902,2.0,0.005,0.015,0.8973937603178956,1.0435690230543913,1.055004122915107,1.0114410729623173,0.9466111702638423,0.9739162712906566,1.0741474594810876,0.9407741677587715,1.0731222933853928
Passive,300.0,157.3,166.90562916996623,99.28197855598091,59.48390060282411,84.85374188921612,456.8977033312118,0.0,0,0.0,0.0,0.0,0.0,179,1706889063,2.0,0.005,0.015,0.8400068302259406,0.9634768824318904,1.0185778814603041,1.0027526556087385,1.0392212856082774,0.975767051760962,0.9311801023498442,1.0290771365305658,0.9820256718112773
Continuous,300.0,157.3,164.14184025814137,94.15877669723282,57.36427503746266,90.39702228681496,454.91959218183894,0.0,1,100.0,79.19928814861946,1.7095728421618708,-0.6188175699448882,179,1706889063,2.0,0.005,0.015,0.8400068302259406,0.9634768824318904,1.0185778814603041,1.0027526556087385,1.0392212856082774,0.975767051760962,0.9311801023498442,1.0290771365305658,0.9820256718112773
T-APIC,300.0,157.3,166.82310548890743,97.81825694899065,58.63591656702188,90.09160795555566,456.82477127184075,0.0,8,27.594936708860757,23.277549726086114,0.6219148131529295,-0.21152406035412952,179,1706889063,2.0,0.005,0.015,0.8400068302259406,0.9634768824318904,1.0185778814603041,1.0027526556087385,1.0392212856082774,0.975767051760962,0.9311801023498442,1.0290771365305658,0.9820256718112773
E-APIC,300.0,157.3,167.63502833585395,97.72552937264757,58.29660444048492,90.09160795555566,458.7380775792158,0.0,6,18.73417721518987,15.462542061036359,0.3882896374970254,-0.057917823805978104,179,1706889063,2.0,0.005,0.015,0.8400068302259406,0.9634768824318904,1.0185778814603041,1.0027526556087385,1.0392212856082774,0.975767051760962,0.9311801023498442,1.0290771365305658,0.9820256718112773
ME-APIC,300.0,157.3,166.81173637259863,98.08523101829486,58.79995805523362,89.47392639658516,453.24779723193205,0.0,7,22.78481012658228,16.125479638613044,0.49551623146283513,-0.08507901710963695,179,1706889063,2.0,0.005,0.015,0.8400068302259406,0.9634768824318904,1.0185778814603041,1.0027526556087385,1.0392212856082774,0.975767051760962,0.9311801023498442,1.0290771365305658,0.9820256718112773
Passive,350.0,188.825,191.72918730425383,167.33444822641215,87.27646039664799,93.8429524788696,1011.6495159341687,0.0,0,0.0,0.0,0.0,0.0,179,1706889063,2.0,0.005,0.015,0.8400068302259406,0.9634768824318904,1.0185778814603041,1.0027526556087385,1.0392212856082774,0.975767051760962,0.9311801023498442,1.0290771365305658,0.9820256718112773
Continuous,350.0,188.825,190.0467401100023,164.6840011870951,86.65447304793187,98.1188729845986,1001.4858392170024,0.0,1,99.99999999999999,136.23150147712607,2.861276713062917,-1.3025097758484938,179,1706889063,2.0,0.005,0.015,0.8400068302259406,0.9634768824318904,1.0185778814603041,1.0027526556087385,1.0392212856082774,0.975767051760962,0.9311801023498442,1.0290771365305658,0.9820256718112773
T-APIC,350.0,188.825,192.5718746079737,166.79092979465597,86.61230002262737,100.97279762038515,983.1431773308304,0.0,7,26.923076923076923,22.664443279801795,0.8605922331023275,-0.21364236619354612,179,1706889063,2.0,0.005,0.015,0.8400068302259406,0.9634768824318904,1.0185778814603041,1.0027526556087385,1.0392212856082774,0.975767051760962,0.9311801023498442,1.0290771365305658,0.9820256718112773
E-APIC,350.0,188.825,194.1524704148953,170.6041027121249,87.87119852121965,100.97279762038515,1001.7758851555129,0.0,6,21.89349112426035,35.87181660547128,0.8488792815837887,-0.053700401118323235,179,1706889063,2.0,0.005,0.015,0.8400068302259406,0.9634768824318904,1.0185778814603041,1.0027526556087385,1.0392212856082774,0.975767051760962,0.9311801023498442,1.0290771365305658,0.9820256718112773
ME-APIC,350.0,188.825,191.3827829565115,165.9950788314479,86.73459350268068,99.19845856494312,987.0539148670756,0.0,7,23.076923076923073,27.269708597442808,0.8569760090173755,-0.49541660364065404,179,1706889063,2.0,0.005,0.015,0.8400068302259406,0.9634768824318904,1.0185778814603041,1.0027526556087385,1.0392212856082774,0.975767051760962,0.9311801023498442,1.0290771365305658,0.9820256718112773
Passive,300.0,157.3,167.67313601902558,99.73484045029386,59.481705190375344,81.64685505701188,453.69772753207735,0.0,0,0.0,0.0,0.0,0.0,180,553014942,2.0,0.005,0.015,1.000589295862706,0.9808979217419359,0.9873542437602109,0.9096957769562896,1.0293368066788187,1.0770079981524603,0.9807095964041934,1.0147053115498776,0.9299965062499974
Continuous,300.0,157.3,165.33092543529426,94.92151758434979,57.413044374144825,85.74728115830115,454.81780737464425,0.0,1,100.0,73.60798650985818,1.6165433954100998,-0.5897278866256679,180,553014942,2.0,0.005,0.015,1.000589295862706,0.9808979217419359,0.9873542437602109,0.9096957769562896,1.0293368066788187,1.0770079981524603,0.9807095964041934,1.0147053115498776,0.9299965062499974
T-APIC,300.0,157.3,167.8255869361395,98.358098904465,58.60733199276218,85.47785172323373,460.52878618384165,0.0,8,27.594936708860757,23.441875255356493,0.6461223171296796,-0.15090872842750258,180,553014942,2.0,0.005,0.015,1.000589295862706,0.9808979217419359,0.9873542437602109,0.9096957769562896,1.0293368066788187,1.0770079981524603,0.9807095964041934,1.0147053115498776,0.9299965062499974
E-APIC,300.0,157.3,167.45660065399977,97.3397244886933,58.1283294349307,85.47785172323373,459.30207213342425,0.0,6,18.73417721518987,17.511708614321552,0.5258806053263887,-0.2444394225106996,180,553014942,2.0,0.005,0.015,1.000589295862706,0.9808979217419359,0.9873542437602109,0.9096957769562896,1.0293368066788187,1.0770079981524603,0.9807095964041934,1.0147053115498776,0.9299965062499974
ME-APIC,300.0,157.3,167.76511383640835,98.69030114401875,58.8264740429014,85.16735354921865,457.99860510254416,0.0,7,22.78481012658228,14.954180867514646,0.4507912519377344,-0.09272417858126057,180,553014942,2.0,0.005,0.015,1.000589295862706,0.9808979217419359,0.9873542437602109,0.9096957769562896,1.0293368066788187,1.0770079981524603,0.9807095964041934,1.0147053115498776,0.9299965062499974
Passive,350.0,188.825,193.12469956366422,170.26212664897042,88.16175612630165,95.16646096318527,1032.7325521446614,0.0,0,0.0,0.0,0.0,0.0,180,553014942,2.0,0.005,0.015,1.000589295862706,0.9808979217419359,0.9873542437602109,0.9096957769562896,1.0293368066788187,1.0770079981524603,0.9807095964041934,1.0147053115498776,0.9299965062499974
Continuous,350.0,188.825,191.94810760693522,168.50842927022902,87.78853377147892,92.38451389099367,1034.5285284764705,0.0,1,99.99999999999999,134.46519494877137,2.8760647130688795,-1.1948461493738207,180,553014942,2.0,0.005,0.015,1.000589295862706,0.9808979217419359,0.9873542437602109,0.9096957769562896,1.0293368066788187,1.0770079981524603,0.9807095964041934,1.0147053115498776,0.9299965062499974
T-APIC,350.0,188.825,194.28166022668736,170.1557604747049,87.58199836061085,101.19446121175476,1011.9185711159375,0.0,7,26.923076923076923,23.183337208996775,0.8739033303588869,-0.14699238019974487,180,553014942,2.0,0.005,0.015,1.000589295862706,0.9808979217419359,0.9873542437602109,0.9096957769562896,1.0293368066788187,1.0770079981524603,0.9807095964041934,1.0147053115498776,0.9299965062499974
E-APIC,350.0,188.825,195.7963687086459,173.5652699788398,88.64580641794895,101.19446121175476,1025.1527319363604,0.0,6,21.89349112426035,34.77273985822284,0.7985783605612259,0.007863321664889088,180,553014942,2.0,0.005,0.015,1.000589295862706,0.9808979217419359,0.9873542437602109,0.9096957769562896,1.0293368066788187,1.0770079981524603,0.9807095964041934,1.0147053115498776,0.9299965062499974
ME-APIC,350.0,188.825,192.87982594313956,169.08482773242105,87.66330377250898,100.04866680567117,1011.3650014229552,0.0,7,22.781065088757394,25.358479719503343,0.8434442914761704,-0.4575879406996986,180,553014942,2.0,0.005,0.015,1.000589295862706,0.9808979217419359,0.9873542437602109,0.9096957769562896,1.0293368066788187,1.0770079981524603,0.9807095964041934,1.0147053115498776,0.9299965062499974
Passive,300.0,157.3,169.28629220556584,99.611582972316,58.842084420726025,82.80384162550041,482.2831295248792,0.0,0,0.0,0.0,0.0,0.0,181,67693935,2.0,0.005,0.015,1.0048005212727695,0.9199562340567687,1.040924916006684,0.9441819459258681,0.9381443931076549,0.9566894941208598,1.0900981538572467,0.9034423796430252,1.0950462733697655
Continuous,300.0,157.3,166.15099019844644,94.0977175385818,56.633859013535776,89.03750007821537,473.00159356620924,0.0,1,100.0,82.67808195992566,1.7587665858776909,-0.7155941814292105,181,67693935,2.0,0.005,0.015,1.0048005212727695,0.9199562340567687,1.040924916006684,0.9441819459258681,0.9381443931076549,0.9566894941208598,1.0900981538572467,0.9034423796430252,1.0950462733697655
T-APIC,300.0,157.3,169.074186953291,97.92687424829485,57.91947074413462,88.55828372984745,478.48786826636126,0.0,8,27.594936708860757,25.058082685750932,0.6627041353758342,-0.25486211446170515,181,67693935,2.0,0.005,0.015,1.0048005212727695,0.9199562340567687,1.040924916006684,0.9441819459258681,0.9381443931076549,0.9566894941208598,1.0900981538572467,0.9034423796430252,1.0950462733697655
E-APIC,300.0,157.3,170.23813988545143,97.90576868565324,57.51106582316474,88.55828373179682,482.79815575214934,0.0,6,18.73417721518987,16.886424081028782,0.44765880794360013,-0.022280804581207608,181,67693935,2.0,0.005,0.015,1.0048005212727695,0.9199562340567687,1.040924916006684,0.9441819459258681,0.9381443931076549,0.9566894941208598,1.0900981538572467,0.9034423796430252,1.0950462733697655
ME-APIC,300.0,157.3,169.07074160199414,98.10687304021299,58.02711463297671,87.58160913274712,478.26604768753094,0.0,7,22.78481012658228,18.257572984870272,0.5187800040917679,-0.1416509328367092,181,67693935,2.0,0.005,0.015,1.0048005212727695,0.9199562340567687,1.040924916006684,0.9441819459258681,0.9381443931076549,0.9566894941208598,1.0900981538572467,0.9034423796430252,1.0950462733697655
Passive,350.0,188.825,194.70413238807026,166.21359016351695,85.3672637169467,92.16824564330767,999.4751712449479,0.0,0,0.0,0.0,0.0,0.0,181,67693935,2.0,0.005,0.015,1.0048005212727695,0.9199562340567687,1.040924916006684,0.9441819459258681,0.9381443931076549,0.9566894941208598,1.0900981538572467,0.9034423796430252,1.0950462733697655
Continuous,350.0,188.825,192.5071704363641,162.87023079865298,84.60476065876828,93.09716336796572,993.8979515784401,0.0,1,99.99999999999999,142.65244671457504,2.984363276964723,-1.4219038844221674,181,67693935,2.0,0.005,0.015,1.0048005212727695,0.9199562340567687,1.040924916006684,0.9441819459258681,0.9381443931076549,0.9566894941208598,1.0900981538572467,0.9034423796430252,1.0950462733697655
T-APIC,350.0,188.825,195.45841565856966,165.65116287430934,84.75007960960444,99.181931207819,970.677959129102,0.0,7,26.923076923076923,22.572423805652033,0.8690439457914392,-0.2430629312174636,181,67693935,2.0,0.005,0.015,1.0048005212727695,0.9199562340567687,1.040924916006684,0.9441819459258681,0.9381443931076549,0.9566894941208598,1.0900981538572467,0.9034423796430252,1.0950462733697655
E-APIC,350.0,188.825,197.11878646482833,169.05273312092828,85.76185768630032,99.181931207819,985.4593396928719,0.0,6,21.89349112426035,36.845835194868954,0.7933394376557892,-0.04051547369967582,181,67693935,2.0,0.005,0.015,1.0048005212727695,0.9199562340567687,1.040924916006684,0.9441819459258681,0.9381443931076549,0.9566894941208598,1.0900981538572467,0.9034423796430252,1.0950462733697655
ME-APIC,350.0,188.825,194.248245307721,164.71942726689318,84.79841195267976,97.50499704037811,970.5239400235516,0.0,7,23.076923076923073,30.831206814335776,0.9098315464605394,-0.5392709520432594,181,67693935,2.0,0.005,0.015,1.0048005212727695,0.9199562340567687,1.040924916006684,0.9441819459258681,0.9381443931076549,0.9566894941208598,1.0900981538572467,0.9034423796430252,1.0950462733697655
Passive,300.0,157.3,166.55558635991537,99.07760502644977,59.48620949425843,84.14273207240103,462.39081174892607,0.0,0,0.0,0.0,0.0,0.0,182,1591408049,2.0,0.005,0.015,0.9762933690776003,0.9709950773510614,0.9392708763075078,0.969052458080514,1.066487803237184,1.030660583492018,1.0965197536401705,1.0677494434696517,1.0800752234831856
Continuous,300.0,157.3,164.09556938778584,94.19279405034503,57.401180544827135,89.49891605837217,454.5259183828915,0.0,1,100.0,74.97577727083429,1.6110553527526732,-0.5895894689494194,182,1591408049,2.0,0.005,0.015,0.9762933690776003,0.9709950773510614,0.9392708763075078,0.969052458080514,1.066487803237184,1.030660583492018,1.0965197536401705,1.0677494434696517,1.0800752234831856
T-APIC,300.0,157.3,166.59461230532725,97.66186737955543,58.622464453151146,88.94868698794613,460.4429929250145,0.0,8,27.594936708860757,23.409102275484383,0.6276269400598722,-0.15937767298111066,182,1591408049,2.0,0.005,0.015,0.9762933690776003,0.9709950773510614,0.9392708763075078,0.969052458080514,1.066487803237184,1.030660583492018,1.0965197536401705,1.0677494434696517,1.0800752234831856
E-APIC,300.0,157.3,166.99180979710587,97.42429297090585,58.34076119617832,88.94868698794613,462.647056024843,0.0,7,23.41772151898734,17.210092591082525,0.44116085320032183,-0.10885290523019275,182,1591408049,2.0,0.005,0.015,0.9762933690776003,0.9709950773510614,0.9392708763075078,0.969052458080514,1.066487803237184,1.030660583492018,1.0965197536401705,1.0677494434696517,1.0800752234831856
ME-APIC,300.0,157.3,166.55543377646808,97.96448430289105,58.81794552219049,88.44034837536311,459.33770142240843,0.0,7,22.658227848101262,14.67643056566271,0.4482017416603282,-0.07728988101012893,182,1591408049,2.0,0.005,0.015,0.9762933690776003,0.9709950773510614,0.9392708763075078,0.969052458080514,1.066487803237184,1.030660583492018,1.0965197536401705,1.0677494434696517,1.0800752234831856
Passive,350.0,188.825,191.5744330380724,168.38564610954182,87.89567764299623,94.92293930264495,1021.1884140507252,0.0,0,0.0,0.0,0.0,0.0,182,1591408049,2.0,0.005,0.015,0.9762933690776003,0.9709950773510614,0.9392708763075078,0.969052458080514,1.066487803237184,1.030660583492018,1.0965197536401705,1.0677494434696517,1.0800752234831856
Continuous,350.0,188.825,190.21916854222061,166.30727679864216,87.42929436248113,92.12439882981874,1020.4742639624305,0.0,1,99.99999999999999,134.13708962785202,2.830128590856103,-1.1971674582213991,182,1591408049,2.0,0.005,0.015,0.9762933690776003,0.9709950773510614,0.9392708763075078,0.969052458080514,1.066487803237184,1.030660583492018,1.0965197536401705,1.0677494434696517,1.0800752234831856
T-APIC,350.0,188.825,192.58429563718622,167.99661781098618,87.23277111207379,102.6673051498637,997.5945131639946,0.0,7,26.923076923076923,23.35474563459198,0.873873193690672,-0.17159958460490632,182,1591408049,2.0,0.005,0.015,0.9762933690776003,0.9709950773510614,0.9392708763075078,0.969052458080514,1.066487803237184,1.030660583492018,1.0965197536401705,1.0677494434696517,1.0800752234831856
E-APIC,350.0,188.825,193.46331332365813,171.38832683314666,88.58957488566286,102.6673051498637,1012.6161994006779,0.0,6,21.89349112426035,37.54463620443895,0.89940865748126,-0.16868587150357237,182,1591408049,2.0,0.005,0.015,0.9762933690776003,0.9709950773510614,0.9392708763075078,0.969052458080514,1.066487803237184,1.030660583492018,1.0965197536401705,1.0677494434696517,1.0800752234831856
ME-APIC,350.0,188.825,191.3023597425209,167.1752870005987,87.38798999949843,100.67253277914413,998.9904635151757,0.0,7,22.928994082840234,26.464136221129216,0.829923695935162,-0.4625878922484886,182,1591408049,2.0,0.005,0.015,0.9762933690776003,0.9709950773510614,0.9392708763075078,0.969052458080514,1.066487803237184,1.030660583492018,1.0965197536401705,1.0677494434696517,1.0800752234831856
Passive,300.0,157.3,167.9321460443733,98.58823311440395,58.707183488474946,83.07729828744421,462.081196622175,0.0,0,0.0,0.0,0.0,0.0,183,667508981,2.0,0.005,0.015,0.9683841280345489,1.0122186047425625,0.9721499246654702,1.0215670366539775,0.9250397598356072,1.0583731521531796,1.0851073943709715,0.9552187674315193,0.9674492846109154
Continuous,300.0,157.3,165.62212314761763,93.66757026512323,56.55498703010714,86.98845180269214,463.58251569223734,0.0,1,100.0,78.42471891220505,1.7290673676594075,-0.5794116640982682,183,667508981,2.0,0.005,0.015,0.9683841280345489,1.0122186047425625,0.9721499246654702,1.0215670366539775,0.9250397598356072,1.0583731521531796,1.0851073943709715,0.9552187674315193,0.9674492846109154
T-APIC,300.0,157.3,168.11320417902957,97.20589629654185,57.82169031352465,86.76526948060427,469.3222826760112,0.0,8,27.594936708860757,22.692033879883052,0.6261895231478349,-0.17618687773241312,183,667508981,2.0,0.005,0.015,0.9683841280345489,1.0122186047425625,0.9721499246654702,1.0215670366539775,0.9250397598356072,1.0583731521531796,1.0851073943709715,0.9552187674315193,0.9674492846109154
E-APIC,300.0,157.3,168.86139742870114,97.42233372713024,57.6936678308997,86.76526948060427,472.58326176958286,0.0,6,18.73417721518987,19.103447027443437,0.39119489035029165,-0.03075169154427604,183,667508981,2.0,0.005,0.015,0.9683841280345489,1.0122186047425625,0.9721499246654702,1.0215670366539775,0.9250397598356072,1.0583731521531796,1.0851073943709715,0.9552187674315193,0.9674492846109154
ME-APIC,300.0,157.3,167.9771688548384,97.39467507258861,57.98090046198756,86.50327059446,467.14505377219655,0.0,7,22.658227848101262,15.641223819644505,0.5017884262395502,-0.1020908425399207,183,667508981,2.0,0.005,0.015,0.9683841280345489,1.0122186047425625,0.9721499246654702,1.0215670366539775,0.9250397598356072,1.0583731521531796,1.0851073943709715,0.9552187674315193,0.9674492846109154
Passive,350.0,188.825,194.47530344767029,172.17122572772024,88.53115160406387,98.91789171066775,1036.9789062108207,0.0,0,0.0,0.0,0.0,0.0,183,667508981,2.0,0.005,0.015,0.9683841280345489,1.0122186047425625,0.9721499246654702,1.0215670366539775,0.9250397598356072,1.0583731521531796,1.0851073943709715,0.9552187674315193,0.9674492846109154
Continuous,350.0,188.825,193.33850716809494,169.9514037145508,87.90354606741087,96.8704066036241,1023.7122441822481,0.0,1,99.99999999999999,136.17605481421288,2.938102320571645,-1.242057383730438,183,667508981,2.0,0.005,0.015,0.9683841280345489,1.0122186047425625,0.9721499246654702,1.0215670366539775,0.9250397598356072,1.0583731521531796,1.0851073943709715,0.9552187674315193,0.9674492846109154
T-APIC,350.0,188.825,195.6905279857756,172.05915500556026,87.92410995899961,104.13619779341364,1013.5163914343857,0.0,7,26.923076923076923,23.2935257259603,0.8874163738392051,-0.16399981653884324,183,667508981,2.0,0.005,0.015,0.9683841280345489,1.0122186047425625,0.9721499246654702,1.0215670366539775,0.9250397598356072,1.0583731521531796,1.0851073943709715,0.9552187674315193,0.9674492846109154
E-APIC,350.0,188.825,196.15857590499033,173.38721495691465,88.39135080226876,104.13619779341364,1019.2153578640595,0.0,7,27.36686390532544,46.900954381687384,1.1549651281737572,-0.40467636630994613,183,667508981,2.0,0.005,0.015,0.9683841280345489,1.0122186047425625,0.9721499246654702,1.0215670366539775,0.9250397598356072,1.0583731521531796,1.0851073943709715,0.9552187674315193,0.9674492846109154
ME-APIC,350.0,188.825,194.19444342416404,170.78087129949347,87.94323271468171,103.64739525014551,1014.0627445763067,0.0,7,23.076923076923073,26.747884441885432,0.8761431486370278,-0.49394633579423414,183,667508981,2.0,0.005,0.015,0.9683841280345489,1.0122186047425625,0.9721499246654702,1.0215670366539775,0.9250397598356072,1.0583731521531796,1.0851073943709715,0.9552187674315193,0.9674492846109154
Passive,300.0,157.3,169.65455946222392,102.15401282929638,60.212948684142184,84.60193191825597,467.4655244193812,0.0,0,0.0,0.0,0.0,0.0,184,1141589450,2.0,0.005,0.015,0.8171279646498543,1.038980084663577,0.9445406960282636,1.0456741650280659,1.059312815371273,1.023260043367349,0.9725568202664313,0.9305443366348488,1.0142604094372214
Continuous,300.0,157.3,166.93460665181186,96.95507217535597,58.07967210632514,90.95760222292543,469.41120538952,0.0,1,100.0,78.72042854906968,1.7366599503126203,-0.6116968910704741,184,1141589450,2.0,0.005,0.015,0.8171279646498543,1.038980084663577,0.9445406960282636,1.0456741650280659,1.059312815371273,1.023260043367349,0.9725568202664313,0.9305443366348488,1.0142604094372214
T-APIC,300.0,157.3,169.65980613765143,100.71108922137086,59.360606094091686,90.24897877767248,472.016777294731,0.0,8,27.594936708860757,23.626511073332455,0.6540296568382072,-0.20811374554654136,184,1141589450,2.0,0.005,0.015,0.8171279646498543,1.038980084663577,0.9445406960282636,1.0456741650280659,1.059312815371273,1.023260043367349,0.9725568202664313,0.9305443366348488,1.0142604094372214
E-APIC,300.0,157.3,170.75390621107934,100.68598930284183,58.965555480984264,90.24897877767141,475.2888135391474,0.0,6,18.73417721518987,16.69562081268856,0.45897562648554535,0.011382473777821233,184,1141589450,2.0,0.005,0.015,0.8171279646498543,1.038980084663577,0.9445406960282636,1.0456741650280659,1.059312815371273,1.023260043367349,0.9725568202664313,0.9305443366348488,1.0142604094372214
ME-APIC,300.0,157.3,169.6014692198371,100.87581347779842,59.47814835674765,89.39305875570903,469.8357957012704,0.0,7,22.78481012658228,16.7782125351922,0.5258802313687961,-0.09224945043459339,184,1141589450,2.0,0.005,0.015,0.8171279646498543,1.038980084663577,0.9445406960282636,1.0456741650280659,1.059312815371273,1.023260043367349,0.9725568202664313,0.9305443366348488,1.0142604094372214
Passive,350.0,188.825,195.97594125934532,176.1581173801499,89.8876240869947,94.62788531931562,1070.473828988158,0.0,0,0.0,0.0,0.0,0.0,184,1141589450,2.0,0.005,0.015,0.8171279646498543,1.038980084663577,0.9445406960282636,1.0456741650280659,1.059312815371273,1.023260043367349,0.9725568202664313,0.9305443366348488,1.0142604094372214
Continuous,350.0,188.825,194.37087324483633,173.62073037797558,89.3244586905142,95.19964305041677,1052.2671851951918,0.0,1,99.99999999999999,138.08893454964178,2.958321666803574,-1.333061225047964,184,1141589450,2.0,0.005,0.015,0.8171279646498543,1.038980084663577,0.9445406960282636,1.0456741650280659,1.059312815371273,1.023260043367349,0.9725568202664313,0.9305443366348488,1.0142604094372214
T-APIC,350.0,188.825,197.0188618186676,175.83218938564784,89.24637355152342,102.18408613233456,1041.1310490598116,0.0,7,26.923076923076923,23.363437994632935,0.8982102641542505,-0.1918656482080736,184,1141589450,2.0,0.005,0.015,0.8171279646498543,1.038980084663577,0.9445406960282636,1.0456741650280659,1.059312815371273,1.023260043367349,0.9725568202664313,0.9305443366348488,1.0142604094372214
E-APIC,350.0,188.825,198.93417793045344,178.8010212725193,89.87948834766212,102.18408613233456,1057.5700635628405,0.0,7,25.59171597633136,40.7716226690885,0.9802956611595887,0.0051252792097774965,184,1141589450,2.0,0.005,0.015,0.8171279646498543,1.038980084663577,0.9445406960282636,1.0456741650280659,1.059312815371273,1.023260043367349,0.9725568202664313,0.9305443366348488,1.0142604094372214
ME-APIC,350.0,188.825,195.73927937011987,174.7816661271916,89.29309778273992,100.31008764345742,1043.4492300562558,0.0,7,23.076923076923073,28.676947595785304,0.9005167678453928,-0.48252488540952043,184,1141589450,2.0,0.005,0.015,0.8171279646498543,1.038980084663577,0.9445406960282636,1.0456741650280659,1.059312815371273,1.023260043367349,0.9725568202664313,0.9305443366348488,1.0142604094372214
Passive,300.0,157.3,166.03434439556193,98.70483390640618,59.448443793803754,80.64864105951487,460.2418968498936,0.0,0,0.0,0.0,0.0,0.0,185,1995764633,2.0,0.005,0.015,0.8922553079620088,0.9102891010284517,0.9189571670118082,1.0909839128963683,1.0910310416843287,1.0947916727318074,0.9120905068799757,1.08012911479162,1.084062505687975
Continuous,300.0,157.3,163.9783583290609,93.89570648582666,57.26103581144713,85.89624398307181,452.7877416487518,0.0,1,100.0,73.46560478415016,1.589689179423224,-0.547487148934024,185,1995764633,2.0,0.005,0.015,0.8922553079620088,0.9102891010284517,0.9189571670118082,1.0909839128963683,1.0910310416843287,1.0947916727318074,0.9120905068799757,1.08012911479162,1.084062505687975
T-APIC,300.0,157.3,166.25991558013936,97.28695376817863,58.514978447276484,85.30654072353911,458.86825669725044,0.0,8,27.594936708860757,23.142460228424998,0.6236401496991474,-0.12987889656334298,185,1995764633,2.0,0.005,0.015,0.8922553079620088,0.9102891010284517,0.9189571670118082,1.0909839128963683,1.0910310416843287,1.0947916727318074,0.9120905068799757,1.08012911479162,1.084062505687975
E-APIC,300.0,157.3,166.36973251472563,95.79607649202171,57.5802311177862,85.30654072353911,460.40770210067143,0.0,6,18.73417721518987,23.701357120448414,0.5583728693247294,-0.1510156314504904,185,1995764633,2.0,0.005,0.015,0.8922553079620088,0.9102891010284517,0.9189571670118082,1.0909839128963683,1.0910310416843287,1.0947916727318074,0.9120905068799757,1.08012911479162,1.084062505687975
ME-APIC,300.0,157.3,166.1245484359521,97.62804615909643,58.76798286481789,84.75403688394073,457.57775934230955,0.0,7,22.658227848101262,13.932324636651416,0.43223792124742155,-0.07503707640028459,185,1995764633,2.0,0.005,0.015,0.8922553079620088,0.9102891010284517,0.9189571670118082,1.0909839128963683,1.0910310416843287,1.0947916727318074,0.9120905068799757,1.08012911479162,1.084062505687975
Passive,350.0,188.825,189.8324297721893,163.25083739990544,85.99733859795008,95.11986752645753,981.695165226253,0.0,0,0.0,0.0,0.0,0.0,185,1995764633,2.0,0.005,0.015,0.8922553079620088,0.9102891010284517,0.9189571670118082,1.0909839128963683,1.0910310416843287,1.0947916727318074,0.9120905068799757,1.08012911479162,1.084062505687975
Continuous,350.0,188.825,188.9187973804831,161.59524208013534,85.53687844766552,90.321921017954,992.9603279661292,0.0,1,99.99999999999999,133.11712621547298,2.8449072474195094,-1.1141289927497842,185,1995764633,2.0,0.005,0.015,0.8922553079620088,0.9102891010284517,0.9189571670118082,1.0909839128963683,1.0910310416843287,1.0947916727318074,0.9120905068799757,1.08012911479162,1.084062505687975
T-APIC,350.0,188.825,191.03754165670867,163.15491927700683,85.40463715252028,99.15697429869543,969.8444499173025,0.0,7,26.923076923076923,23.43939246993324,0.8701146463756262,-0.1366689552557976,185,1995764633,2.0,0.005,0.015,0.8922553079620088,0.9102891010284517,0.9189571670118082,1.0909839128963683,1.0910310416843287,1.0947916727318074,0.9120905068799757,1.08012911479162,1.084062505687975
E-APIC,350.0,188.825,193.64220456290332,166.246281649931,85.85229755320569,99.15697429869543,981.9267715707218,0.0,5,16.420118343195266,30.355486897290138,0.8882167942181586,0.34085607720251904,185,1995764633,2.0,0.005,0.015,0.8922553079620088,0.9102891010284517,0.9189571670118082,1.0909839128963683,1.0910310416843287,1.0947916727318074,0.9120905068799757,1.08012911479162,1.084062505687975
ME-APIC,350.0,188.825,189.61022331133307,162.03523385646412,85.45701335439502,98.56775164410953,969.508540733005,0.0,7,22.928994082840234,25.410715272901598,0.8143938083472017,-0.448699124262117,185,1995764633,2.0,0.005,0.015,0.8922553079620088,0.9102891010284517,0.9189571670118082,1.0909839128963683,1.0910310416843287,1.0947916727318074,0.9120905068799757,1.08012911479162,1.084062505687975
Passive,300.0,157.3,166.29929732031025,99.79170742802602,60.00729349794937,79.97633559688542,459.3705532922293,0.0,0,0.0,0.0,0.0,0.0,186,2013681657,2.0,0.005,0.015,0.9159729652656772,1.0103920675197693,1.0570718545725826,1.0493181911675014,0.987971510996719,1.0876361089204771,0.9954890878138136,1.0464712515230818,0.9900323306083074
Continuous,300.0,157.3,164.43977450771027,95.24737487355813,57.922345830687185,85.38448128802547,461.9035449850971,0.0,1,100.0,74.86593112832739,1.656698801891271,-0.5206040466471937,186,2013681657,2.0,0.005,0.015,0.9159729652656772,1.0103920675197693,1.0570718545725826,1.0493181911675014,0.987971510996719,1.0876361089204771,0.9954890878138136,1.0464712515230818,0.9900323306083074
T-APIC,300.0,157.3,166.57298548327105,98.52007135706285,59.14528761745537,84.593972185665,462.24480439799913,0.0,8,27.594936708860757,22.377279233427544,0.6149640844225912,-0.16671594256617597,186,2013681657,2.0,0.005,0.015,0.9159729652656772,1.0103920675197693,1.0570718545725826,1.0493181911675014,0.987971510996719,1.0876361089204771,0.9954890878138136,1.0464712515230818,0.9900323306083074
E-APIC,300.0,157.3,166.4717493057466,97.72591690974723,58.704204958080375,84.593972185665,460.5014053574813,0.0,6,18.73417721518987,20.209849123678943,0.49066744222665326,-0.20094421818121858,186,2013681657,2.0,0.005,0.015,0.9159729652656772,1.0103920675197693,1.0570718545725826,1.0493181911675014,0.987971510996719,1.0876361089204771,0.9954890878138136,1.0464712515230818,0.9900323306083074
ME-APIC,300.0,157.3,166.39907525344316,98.70251296597652,59.31674368721239,83.98878020932143,460.1664295501639,0.0,7,22.78481012658228,14.958790658566429,0.4825065973801816,-0.07964397495775391,186,2013681657,2.0,0.005,0.015,0.9159729652656772,1.0103920675197693,1.0570718545725826,1.0493181911675014,0.987971510996719,1.0876361089204771,0.9954890878138136,1.0464712515230818,0.9900323306083074
Passive,350.0,188.825,191.38598255566288,169.3218738260812,88.47140817997759,93.11775282516366,1017.8252545508532,0.0,0,0.0,0.0,0.0,0.0,186,2013681657,2.0,0.005,0.015,0.9159729652656772,1.0103920675197693,1.0570718545725826,1.0493181911675014,0.987971510996719,1.0876361089204771,0.9954890878138136,1.0464712515230818,0.9900323306083074
Continuous,350.0,188.825,190.71470740415697,167.71253479288873,87.9389623777034,91.96601287803911,1005.9056868959772,0.0,1,99.99999999999999,130.50986284441157,2.8241637453137503,-1.1362939704266646,186,2013681657,2.0,0.005,0.015,0.9159729652656772,1.0103920675197693,1.0570718545725826,1.0493181911675014,0.987971510996719,1.0876361089204771,0.9954890878138136,1.0464712515230818,0.9900323306083074
T-APIC,350.0,188.825,192.69516616388674,169.38895967710175,87.90514212122834,99.56056235503023,995.4152578702475,0.0,7,26.923076923076923,21.642525218637306,0.8477874603315334,-0.1257864585149126,186,2013681657,2.0,0.005,0.015,0.9159729652656772,1.0103920675197693,1.0570718545725826,1.0493181911675014,0.987971510996719,1.0876361089204771,0.9954890878138136,1.0464712515230818,0.9900323306083074
E-APIC,350.0,188.825,194.13341679979973,172.36844221422518,88.78865115323256,99.56056235503023,1009.2966983132533,0.0,6,21.89349112426035,33.57815915010232,0.7555907854311449,0.043463534423961246,186,2013681657,2.0,0.005,0.015,0.9159729652656772,1.0103920675197693,1.0570718545725826,1.0493181911675014,0.987971510996719,1.0876361089204771,0.9954890878138136,1.0464712515230818,0.9900323306083074
ME-APIC,350.0,188.825,191.10371999526993,168.2471397140809,88.03969892278667,98.5171816526306,997.0343940822966,0.0,7,22.928994082840234,24.206306427989002,0.814300035719173,-0.4957072701106851,186,2013681657,2.0,0.005,0.015,0.9159729652656772,1.0103920675197693,1.0570718545725826,1.0493181911675014,0.987971510996719,1.0876361089204771,0.9954890878138136,1.0464712515230818,0.9900323306083074
Passive,300.0,157.3,168.07466763252233,100.01802313247362,59.5080891970898,82.56091546657665,470.0134013554755,0.0,0,0.0,0.0,0.0,0.0,187,672531211,2.0,0.005,0.015,0.9290930253771742,1.099732877958978,0.9907204616140534,1.0753237611721027,0.9245019148059652,1.0567424808115264,1.0569612124895786,0.941419277515129,0.901340670314203
Continuous,300.0,157.3,165.85840333633647,95.20645289419298,57.402248531916875,90.86264606797072,469.6049427889083,0.0,1,100.0,77.83002458861775,1.7372528296063734,-0.5492598908041904,187,672531211,2.0,0.005,0.015,0.9290930253771742,1.099732877958978,0.9907204616140534,1.0753237611721027,0.9245019148059652,1.0567424808115264,1.0569612124895786,0.941419277515129,0.901340670314203
T-APIC,300.0,157.3,168.1997433503168,98.7023786285477,58.68164639405902,88.3272259336229,474.98597247526396,0.0,8,27.594936708860757,21.59766099379721,0.62049091043117,-0.2149528530489374,187,672531211,2.0,0.005,0.015,0.9290930253771742,1.099732877958978,0.9907204616140534,1.0753237611721027,0.9245019148059652,1.0567424808115264,1.0569612124895786,0.941419277515129,0.901340670314203
E-APIC,300.0,157.3,169.23274115992078,98.84005247954029,58.40480500527901,88.32692270948654,478.41155052174025,0.0,6,18.73417721518987,15.515787162729044,0.4480579988665296,-0.004040804930982822,187,672531211,2.0,0.005,0.015,0.9290930253771742,1.099732877958978,0.9907204616140534,1.0753237611721027,0.9245019148059652,1.0567424808115264,1.0569612124895786,0.941419277515129,0.901340670314203
ME-APIC,300.0,157.3,168.07021081241376,98.77025682596664,58.76725943790594,87.18432623136799,473.4634864762308,0.0,7,22.78481012658228,16.348680549355652,0.5407941996358697,-0.0974841185091444,187,672531211,2.0,0.005,0.015,0.9290930253771742,1.099732877958978,0.9907204616140534,1.0753237611721027,0.9245019148059652,1.0567424808115264,1.0569612124895786,0.941419277515129,0.901340670314203
Passive,350.0,188.825,195.24250659953938,176.31975142176378,90.30807609093652,93.0516126862417,1051.0614204276471,0.0,0,0.0,0.0,0.0,0.0,187,672531211,2.0,0.005,0.015,0.9290930253771742,1.099732877958978,0.9907204616140534,1.0753237611721027,0.9245019148059652,1.0567424808115264,1.0569612124895786,0.941419277515129,0.901340670314203
Continuous,350.0,188.825,194.2779969505606,174.22593158899153,89.67867402572001,102.114001393723,1021.4872093913594,0.0,1,99.99999999999999,133.5961334961901,2.9234923900263694,-1.2555049534431466,187,672531211,2.0,0.005,0.015,0.9290930253771742,1.099732877958978,0.9907204616140534,1.0753237611721027,0.9245019148059652,1.0567424808115264,1.0569612124895786,0.941419277515129,0.901340670314203
T-APIC,350.0,188.825,196.48498649865635,176.45142934701602,89.80402650164962,100.46767863228906,1036.424919258589,0.0,7,26.923076923076923,22.33806320160175,0.8701598553740514,-0.17146176079796033,187,672531211,2.0,0.005,0.015,0.9290930253771742,1.099732877958978,0.9907204616140534,1.0753237611721027,0.9245019148059652,1.0567424808115264,1.0569612124895786,0.941419277515129,0.901340670314203
E-APIC,350.0,188.825,197.49291793254483,178.15446786688221,90.20802858750216,100.46767862729781,1041.4709108437976,0.0,6,21.89349112426035,43.98368343478132,1.057572042699717,-0.2972133800603413,187,672531211,2.0,0.005,0.015,0.9290930253771742,1.099732877958978,0.9907204616140534,1.0753237611721027,0.9245019148059652,1.0567424808115264,1.0569612124895786,0.941419277515129,0.901340670314203
ME-APIC,350.0,188.825,195.01882141271477,175.04989063058562,89.76051099197791,98.59967054721812,1034.5094364805336,0.0,7,23.076923076923073,26.276223896688492,0.8619131508070207,-0.503336910864482,187,672531211,2.0,0.005,0.015,0.9290930253771742,1.099732877958978,0.9907204616140534,1.0753237611721027,0.9245019148059652,1.0567424808115264,1.0569612124895786,0.941419277515129,0.901340670314203
Passive,300.0,157.3,167.531634454481,99.05269934187065,59.12477345810391,83.58722557944249,462.4905776162263,0.0,0,0.0,0.0,0.0,0.0,188,46304947,2.0,0.005,0.015,0.9184334359106633,0.9507170358788816,1.0251651713482794,1.0350909266962363,0.9800283849432954,1.0141497471826184,1.0339305716364162,0.9761972368083298,0.9269689711100317
Continuous,300.0,157.3,164.94722522929487,93.90792492366705,56.9321034610462,90.35420198388437,461.04834366972256,0.0,1,100.0,79.50711991855108,1.726805846473464,-0.604902142884726,188,46304947,2.0,0.005,0.015,0.9184334359106633,0.9507170358788816,1.0251651713482794,1.0350909266962363,0.9800283849432954,1.0141497471826184,1.0339305716364162,0.9761972368083298,0.9269689711100317
T-APIC,300.0,157.3,167.50682830739967,97.55753505743427,58.24093026130364,89.49664305020806,462.166907250834,0.0,8,27.594936708860757,22.888503514494676,0.6242269253936057,-0.2126449617530991,188,46304947,2.0,0.005,0.015,0.9184334359106633,0.9507170358788816,1.0251651713482794,1.0350909266962363,0.9800283849432954,1.0141497471826184,1.0339305716364162,0.9761972368083298,0.9269689711100317
E-APIC,300.0,157.3,168.57603489732173,97.54028944158169,57.861302468641334,89.49662917852322,459.37863703309904,0.0,6,18.73417721518987,16.367995390030227,0.44872032484628543,-0.001280336779039569,188,46304947,2.0,0.005,0.015,0.9184334359106633,0.9507170358788816,1.0251651713482794,1.0350909266962363,0.9800283849432954,1.0141497471826184,1.0339305716364162,0.9761972368083298,0.9269689711100317
ME-APIC,300.0,157.3,167.47928100848034,97.8401841563532,58.41927644255832,88.34168806830407,454.2657594343347,0.0,7,22.658227848101262,15.920452975811758,0.49793463548833583,-0.09249797895423165,188,46304947,2.0,0.005,0.015,0.9184334359106633,0.9507170358788816,1.0251651713482794,1.0350909266962363,0.9800283849432954,1.0141497471826184,1.0339305716364162,0.9761972368083298,0.9269689711100317
Passive,350.0,188.825,192.71902769375671,167.32229261798054,86.82188501068339,93.05207196940765,1012.3159734181164,0.0,0,0.0,0.0,0.0,0.0,188,46304947,2.0,0.005,0.015,0.9184334359106633,0.9507170358788816,1.0251651713482794,1.0350909266962363,0.9800283849432954,1.0141497471826184,1.0339305716364162,0.9761972368083298,0.9269689711100317
Continuous,350.0,188.825,191.25204860331516,164.7154804238646,86.1248188590694,101.04234478844577,990.9219595696479,0.0,1,99.99999999999999,136.76129141038678,2.899812655819862,-1.290957650193608,188,46304947,2.0,0.005,0.015,0.9184334359106633,0.9507170358788816,1.0251651713482794,1.0350909266962363,0.9800283849432954,1.0141497471826184,1.0339305716364162,0.9761972368083298,0.9269689711100317
T-APIC,350.0,188.825,193.66847206080107,166.8585010680341,86.15677053291867,100.1801399161529,988.2386121518156,0.0,7,26.923076923076923,22.381195133895115,0.8700851089208028,-0.1978869651805334,188,46304947,2.0,0.005,0.015,0.9184334359106633,0.9507170358788816,1.0251651713482794,1.0350909266962363,0.9800283849432954,1.0141497471826184,1.0339305716364162,0.9761972368083298,0.9269689711100317
E-APIC,350.0,188.825,195.25397798231606,170.15159893860059,87.14372977026416,100.1801399161529,1005.12673960047,0.0,6,21.89349112426035,34.30737277068288,0.7741980047722464,0.0009388713345243076,188,46304947,2.0,0.005,0.015,0.9184334359106633,0.9507170358788816,1.0251651713482794,1.0350909266962363,0.9800283849432954,1.0141497471826184,1.0339305716364162,0.9761972368083298,0.9269689711100317
ME-APIC,350.0,188.825,192.41867923583249,165.9757696958919,86.25761820788117,98.41420479498461,991.036353371367,0.0,7,23.076923076923073,26.727239592263135,0.8562315874292663,-0.4843542636533118,188,46304947,2.0,0.005,0.015,0.9184334359106633,0.9507170358788816,1.0251651713482794,1.0350909266962363,0.9800283849432954,1.0141497471826184,1.0339305716364162,0.9761972368083298,0.9269689711100317
Passive,300.0,157.3,166.53554464389154,99.11972144016418,59.51865810516016,81.66577316212788,463.46596251136964,0.0,0,0.0,0.0,0.0,0.0,189,317377316,2.0,0.005,0.015,1.1001768070376883,1.0409466279957216,0.9269786250942946,1.0682996193598675,1.049319077415143,0.9107822525822541,1.015359283525003,1.0483745915889624,1.0460639906325317
Continuous,300.0,157.3,163.4651065642332,93.98799666293239,57.49728406166,85.5410514808093,464.07299522697855,0.0,1,100.0,83.95114046780301,1.7961934536846553,-0.6300131492069033,189,317377316,2.0,0.005,0.015,1.1001768070376883,1.0409466279957216,0.9269786250942946,1.0682996193598675,1.049319077415143,0.9107822525822541,1.015359283525003,1.0483745915889624,1.0460639906325317
T-APIC,300.0,157.3,166.41548915082907,97.73496544435102,58.729488428670166,85.13355143144028,469.7961157126998,0.0,8,27.594936708860757,23.915901026871264,0.6264168814828192,-0.22305945331297278,189,317377316,2.0,0.005,0.015,1.1001768070376883,1.0409466279957216,0.9269786250942946,1.0682996193598675,1.049319077415143,0.9107822525822541,1.015359283525003,1.0483745915889624,1.0460639906325317
E-APIC,300.0,157.3,166.24876736027147,96.8931614925134,58.28203302256061,85.13355143144028,468.3543424651501,0.0,6,18.73417721518987,18.95599113238714,0.5247881840774746,-0.2698607242051307,189,317377316,2.0,0.005,0.015,1.1001768070376883,1.0409466279957216,0.9269786250942946,1.0682996193598675,1.049319077415143,0.9107822525822541,1.015359283525003,1.0483745915889624,1.0460639906325317
ME-APIC,300.0,157.3,166.31616731440144,97.85805411774663,58.83856975417027,84.7478486333761,467.5888201425742,0.0,7,22.78481012658228,17.175222258568198,0.5311986384301106,-0.08681105047542823,189,317377316,2.0,0.005,0.015,1.1001768070376883,1.0409466279957216,0.9269786250942946,1.0682996193598675,1.049319077415143,0.9107822525822541,1.015359283525003,1.0483745915889624,1.0460639906325317
Passive,350.0,188.825,192.56003111738778,172.67554000709458,89.67361451132541,97.24767218227642,1037.4373905443706,0.0,0,0.0,0.0,0.0,0.0,189,317377316,2.0,0.005,0.015,1.1001768070376883,1.0409466279957216,0.9269786250942946,1.0682996193598675,1.049319077415143,0.9107822525822541,1.015359283525003,1.0483745915889624,1.0460639906325317
Continuous,350.0,188.825,190.54213980444231,169.843927029713,89.13719936389276,90.24257480387521,1029.2911366828046,0.0,1,99.99999999999999,139.18987820450667,2.8834066353959797,-1.3907369844518684,189,317377316,2.0,0.005,0.015,1.1001768070376883,1.0409466279957216,0.9269786250942946,1.0682996193598675,1.049319077415143,0.9107822525822541,1.015359283525003,1.0483745915889624,1.0460639906325317
T-APIC,350.0,188.825,193.40091269041196,172.27999043263492,89.079202386399,99.9871554154821,1008.4497663947893,0.0,7,26.923076923076923,22.336566413034944,0.8516552657355472,-0.220704106202065,189,317377316,2.0,0.005,0.015,1.1001768070376883,1.0409466279957216,0.9269786250942946,1.0682996193598675,1.049319077415143,0.9107822525822541,1.015359283525003,1.0483745915889624,1.0460639906325317
E-APIC,350.0,188.825,194.9029423346004,175.55833783020933,90.07474988695596,99.9871554154821,1026.6469061614964,0.0,6,21.89349112426035,34.652422511804886,0.77211697611801,-0.044298306394666545,189,317377316,2.0,0.005,0.015,1.1001768070376883,1.0409466279957216,0.9269786250942946,1.0682996193598675,1.049319077415143,0.9107822525822541,1.015359283525003,1.0483745915889624,1.0460639906325317
ME-APIC,350.0,188.825,192.0030568520738,171.2869453677611,89.2105303821943,99.62001939632793,1012.4499913049984,0.0,7,22.928994082840234,26.204844359801534,0.8553873508123407,-0.5456660557105084,189,317377316,2.0,0.005,0.015,1.1001768070376883,1.0409466279957216,0.9269786250942946,1.0682996193598675,1.049319077415143,0.9107822525822541,1.015359283525003,1.0483745915889624,1.0460639906325317
Passive,300.0,157.3,166.45847798560095,96.53839606083739,57.99548165350171,83.99002351096372,462.39999429023163,0.0,0,0.0,0.0,0.0,0.0,190,477552671,2.0,0.005,0.015,1.0637619865898067,0.9075238118353187,0.9408613110223396,0.9115993475877718,0.9976154653453594,0.9550375107434884,1.0022043171248278,1.0384955116019976,1.0257659993079538
Continuous,300.0,157.3,163.42910511628816,91.35207449458115,55.89706584367544,88.3483406650059,453.85295617422463,0.0,1,100.0,79.02526786548933,1.6714310699673884,-0.6722031283652857,190,477552671,2.0,0.005,0.015,1.0637619865898067,0.9075238118353187,0.9408613110223396,0.9115993475877718,0.9976154653453594,0.9550375107434884,1.0022043171248278,1.0384955116019976,1.0257659993079538
T-APIC,300.0,157.3,166.32898970784166,94.99748185584002,57.11420602187504,88.10896781332936,459.8404313441826,0.0,8,27.594936708860757,24.641418417422233,0.6384966356435957,-0.19124885483960907,190,477552671,2.0,0.005,0.015,1.0637619865898067,0.9075238118353187,0.9408613110223396,0.9115993475877718,0.9976154653453594,0.9550375107434884,1.0022043171248278,1.0384955116019976,1.0257659993079538
E-APIC,300.0,157.3,166.96934090951532,95.03189852398829,56.91577747527215,88.10896781332936,463.6907463497164,0.0,6,18.73417721518987,20.48319680579546,0.40079178036169305,-0.06438276796216008,190,477552671,2.0,0.005,0.015,1.0637619865898067,0.9075238118353187,0.9408613110223396,0.9115993475877718,0.9976154653453594,0.9550375107434884,1.0022043171248278,1.0384955116019976,1.0257659993079538
ME-APIC,300.0,157.3,166.34955747899326,95.36546790256608,57.32835683353645,87.74758689200364,458.7273571565281,0.0,7,22.40506329113924,15.997943973556804,0.4676896676894761,-0.09178007987595926,190,477552671,2.0,0.005,0.015,1.0637619865898067,0.9075238118353187,0.9408613110223396,0.9115993475877718,0.9976154653453594,0.9550375107434884,1.0022043171248278,1.0384955116019976,1.0257659993079538
Passive,350.0,188.825,191.42354364483666,163.41429108645093,85.36791659736824,98.89173052472627,981.0862720697962,0.0,0,0.0,0.0,0.0,0.0,190,477552671,2.0,0.005,0.015,1.0637619865898067,0.9075238118353187,0.9408613110223396,0.9115993475877718,0.9976154653453594,0.9550375107434884,1.0022043171248278,1.0384955116019976,1.0257659993079538
Continuous,350.0,188.825,189.38184437319694,160.58940475895184,84.79662096990324,94.26643894656942,996.9294779251474,0.0,1,99.99999999999999,139.14830827383082,2.886670518524516,-1.3284051378614528,190,477552671,2.0,0.005,0.015,1.0637619865898067,0.9075238118353187,0.9408613110223396,0.9115993475877718,0.9976154653453594,0.9550375107434884,1.0022043171248278,1.0384955116019976,1.0257659993079538
T-APIC,350.0,188.825,192.16652989829905,162.74358814407418,84.68883120812117,102.31360790152286,976.7054441037626,0.0,7,26.923076923076923,23.98738656988659,0.868837300761058,-0.23436331983872927,190,477552671,2.0,0.005,0.015,1.0637619865898067,0.9075238118353187,0.9408613110223396,0.9115993475877718,0.9976154653453594,0.9550375107434884,1.0022043171248278,1.0384955116019976,1.0257659993079538
E-APIC,350.0,188.825,195.03583013055933,166.3287706043489,85.28113551905125,102.31360790152286,990.8039650832299,0.0,5,16.420118343195266,35.99491701930727,0.8581351073052937,0.29334911631638433,190,477552671,2.0,0.005,0.015,1.0637619865898067,0.9075238118353187,0.9408613110223396,0.9115993475877718,0.9976154653453594,0.9550375107434884,1.0022043171248278,1.0384955116019976,1.0257659993079538
ME-APIC,350.0,188.825,190.95297075289864,161.90260334564752,84.78663762458896,101.86540228486807,978.6437488311386,0.0,7,22.928994082840234,28.35916237620264,0.8826485255378868,-0.5129090966449323,190,477552671,2.0,0.005,0.015,1.0637619865898067,0.9075238118353187,0.9408613110223396,0.9115993475877718,0.9976154653453594,0.9550375107434884,1.0022043171248278,1.0384955116019976,1.0257659993079538
Passive,300.0,157.3,170.063526350559,101.23431565026031,59.52735299724517,83.05911500851616,468.2979156279765,0.0,0,0.0,0.0,0.0,0.0,191,626946628,2.0,0.005,0.015,1.1004461321632513,0.9536189140630354,1.031845565699894,0.9464396109960266,0.9905888176960618,0.9842586996898899,0.9818379221731842,0.9003660242698986,1.0691797396355807
Continuous,300.0,157.3,166.99839327020447,95.72355759457756,57.320047049612164,88.67587487527497,467.6372022226123,0.0,1,100.0,81.78160178522666,1.7440018307803677,-0.6953301512186328,191,626946628,2.0,0.005,0.015,1.1004461321632513,0.9536189140630354,1.031845565699894,0.9464396109960266,0.9905888176960618,0.9842586996898899,0.9818379221731842,0.9003660242698986,1.0691797396355807
T-APIC,300.0,157.3,169.95978272669365,99.63833028241032,58.62465148160092,87.8346022703258,469.9909268679062,0.0,8,27.594936708860757,24.54516239370415,0.6584450747839552,-0.21619572588362737,191,626946628,2.0,0.005,0.015,1.1004461321632513,0.9536189140630354,1.031845565699894,0.9464396109960266,0.9905888176960618,0.9842586996898899,0.9818379221731842,0.9003660242698986,1.0691797396355807
E-APIC,300.0,157.3,170.44072635276177,99.81989756365638,58.56575461727309,87.8346022703258,469.0331283181574,0.0,7,23.41772151898734,22.053696027388032,0.5306301465267627,-0.12497971336701862,191,626946628,2.0,0.005,0.015,1.1004461321632513,0.9536189140630354,1.031845565699894,0.9464396109960266,0.9905888176960618,0.9842586996898899,0.9818379221731842,0.9003660242698986,1.0691797396355807
ME-APIC,300.0,157.3,169.4775503987702,99.44793999301868,58.67912284489823,87.19965273373381,468.1965476488718,0.0,7,22.78481012658228,16.92567380163456,0.5904165528516769,-0.17372200846478747,191,626946628,2.0,0.005,0.015,1.1004461321632513,0.9536189140630354,1.031845565699894,0.9464396109960266,0.9905888176960618,0.9842586996898899,0.9818379221731842,0.9003660242698986,1.0691797396355807
Passive,350.0,188.825,195.71913273377416,171.0811129957743,87.41154255393438,93.9838457728826,1039.042514099001,0.0,0,0.0,0.0,0.0,0.0,191,626946628,2.0,0.005,0.015,1.1004461321632513,0.9536189140630354,1.031845565699894,0.9464396109960266,0.9905888176960618,0.9842586996898899,0.9818379221731842,0.9003660242698986,1.0691797396355807
Continuous,350.0,188.825,193.68074269244957,167.9412735762729,86.71036223923976,89.95123159023224,1030.0556779725728,0.0,1,99.99999999999999,141.4040764773929,2.9680291174070033,-1.3869842639456118,191,626946628,2.0,0.005,0.015,1.1004461321632513,0.9536189140630354,1.031845565699894,0.9464396109960266,0.9905888176960618,0.9842586996898899,0.9818379221731842,0.9003660242698986,1.0691797396355807
T-APIC,350.0,188.825,196.57332528123206,170.38171699226075,86.67590923056335,101.45538332059267,1006.7636034315451,0.0,7,26.923076923076923,22.9102544745391,0.9015700434667634,-0.21367287765478163,191,626946628,2.0,0.005,0.015,1.1004461321632513,0.9536189140630354,1.031845565699894,0.9464396109960266,0.9905888176960618,0.9842586996898899,0.9818379221731842,0.9003660242698986,1.0691797396355807
E-APIC,350.0,188.825,198.29866004851596,173.94357444371272,87.71797772166262,101.45538332059267,1024.6862647626522,0.0,6,21.89349112426035,34.631257628423654,0.8049393424577979,-0.003135107934875121,191,626946628,2.0,0.005,0.015,1.1004461321632513,0.9536189140630354,1.031845565699894,0.9464396109960266,0.9905888176960618,0.9842586996898899,0.9818379221731842,0.9003660242698986,1.0691797396355807
ME-APIC,350.0,188.825,195.38022925783693,169.66003222318918,86.8358241095594,99.5474407530374,1009.4747797581895,0.0,7,23.076923076923073,29.777909695589333,0.907546673852876,-0.502628283522887,191,626946628,2.0,0.005,0.015,1.1004461321632513,0.9536189140630354,1.031845565699894,0.9464396109960266,0.9905888176960618,0.9842586996898899,0.9818379221731842,0.9003660242698986,1.0691797396355807
Passive,300.0,157.3,169.36700988039144,100.27153998823624,59.20370210175461,82.94011388280855,463.76607593407806,0.0,0,0.0,0.0,0.0,0.0,192,479341516,2.0,0.005,0.015,0.9279286081504525,1.0299980071295194,1.0799297651807744,0.9173941295405359,0.9437705722499206,0.9155300019784302,1.0642208954461192,0.9093114247077886,1.004174613222331
Continuous,300.0,157.3,165.99759169739164,94.77009861883181,57.0912491258275,85.53027641758534,462.7182744770845,0.0,1,100.0,85.48441667575409,1.8314645957742053,-0.7307600605985937,192,479341516,2.0,0.005,0.015,0.9279286081504525,1.0299980071295194,1.0799297651807744,0.9173941295405359,0.9437705722499206,0.9155300019784302,1.0642208954461192,0.9093114247077886,1.004174613222331
T-APIC,300.0,157.3,169.12391613582753,98.73384387016358,58.37958706612969,85.36917221022847,468.34560247231803,0.0,8,27.594936708860757,23.52134436139724,0.6375651539136368,-0.2658424809436439,192,479341516,2.0,0.005,0.015,0.9279286081504525,1.0299980071295194,1.0799297651807744,0.9173941295405359,0.9437705722499206,0.9155300019784302,1.0642208954461192,0.9093114247077886,1.004174613222331
E-APIC,300.0,157.3,169.87575823557913,99.0921795600564,58.33214850033989,85.36917221022847,472.1770217581254,0.0,6,18.73417721518987,18.78562776446048,0.40014569645036124,-0.12119419010509411,192,479341516,2.0,0.005,0.015,0.9279286081504525,1.0299980071295194,1.0799297651807744,0.9173941295405359,0.9437705722499206,0.9155300019784302,1.0642208954461192,0.9093114247077886,1.004174613222331
ME-APIC,300.0,157.3,169.14529436249802,98.91981403760468,58.48215548084242,85.17219937472414,466.6710759743068,0.0,7,22.78481012658228,17.580470871730423,0.5462113449001377,-0.1236477961902127,192,479341516,2.0,0.005,0.015,0.9279286081504525,1.0299980071295194,1.0799297651807744,0.9173941295405359,0.9437705722499206,0.9155300019784302,1.0642208954461192,0.9093114247077886,1.004174613222331
Passive,350.0,188.825,195.90067936879956,173.9168478361742,88.77807284616969,99.81799189791403,1045.3783909585236,0.0,0,0.0,0.0,0.0,0.0,192,479341516,2.0,0.005,0.015,0.9279286081504525,1.0299980071295194,1.0799297651807744,0.9173941295405359,0.9437705722499206,0.9155300019784302,1.0642208954461192,0.9093114247077886,1.004174613222331
Continuous,350.0,188.825,193.6009371339385,170.74134175605744,88.19241491477588,99.79492983886892,1032.8662262217752,0.0,1,99.99999999999999,142.7990898747504,3.0028937241954776,-1.4744484815238013,192,479341516,2.0,0.005,0.015,0.9279286081504525,1.0299980071295194,1.0799297651807744,0.9173941295405359,0.9437705722499206,0.9155300019784302,1.0642208954461192,0.9093114247077886,1.004174613222331
T-APIC,350.0,188.825,196.61047402982672,173.5710954788949,88.28171354317743,103.68888189681455,1019.5823088562961,0.0,7,26.923076923076923,23.474707630594676,0.8707621811680932,-0.2668958006536415,192,479341516,2.0,0.005,0.015,0.9279286081504525,1.0299980071295194,1.0799297651807744,0.9173941295405359,0.9437705722499206,0.9155300019784302,1.0642208954461192,0.9093114247077886,1.004174613222331
E-APIC,350.0,188.825,198.2593127556015,177.54954398183392,89.5542012700826,103.68888189681455,1039.301947976582,0.0,6,21.89349112426035,35.595024330694265,0.8861602494344688,-0.099069447215417,192,479341516,2.0,0.005,0.015,0.9279286081504525,1.0299980071295194,1.0799297651807744,0.9173941295405359,0.9437705722499206,0.9155300019784302,1.0642208954461192,0.9093114247077886,1.004174613222331
ME-APIC,350.0,188.825,195.33958552209015,172.3956413248782,88.2543294356395,103.52219767684701,1021.9907454846187,0.0,7,23.076923076923073,28.666555496674455,0.9031596144060706,-0.5535279178033822,192,479341516,2.0,0.005,0.015,0.9279286081504525,1.0299980071295194,1.0799297651807744,0.9173941295405359,0.9437705722499206,0.9155300019784302,1.0642208954461192,0.9093114247077886,1.004174613222331
Passive,300.0,157.3,167.06258129458797,98.26622055148509,58.82000612585318,81.21715303736728,480.3626240267266,0.0,0,0.0,0.0,0.0,0.0,193,135767540,2.0,0.005,0.015,1.1064901012419925,0.9805614822740314,0.9756384069253818,1.0084882011213712,0.937347645251372,1.0120689755692605,0.9741112987109584,0.9994228471806775,1.0954986024721112
Continuous,300.0,157.3,164.63346021903254,93.39693610057681,56.730227243185645,85.66476404325716,472.01720118200234,0.0,1,100.0,78.67540875867695,1.7102230459045542,-0.6031161210617221,193,135767540,2.0,0.005,0.015,1.1064901012419925,0.9805614822740314,0.9756384069253818,1.0084882011213712,0.937347645251372,1.0120689755692605,0.9741112987109584,0.9994228471806775,1.0954986024721112
T-APIC,300.0,157.3,167.1863715745183,96.85573603022328,57.932793874321725,85.20936420688483,477.51887396937803,0.0,8,27.594936708860757,24.099324985092142,0.6391381100901328,-0.18953135519377148,193,135767540,2.0,0.005,0.015,1.1064901012419925,0.9805614822740314,0.9756384069253818,1.0084882011213712,0.937347645251372,1.0120689755692605,0.9741112987109584,0.9994228471806775,1.0954986024721112
E-APIC,300.0,157.3,166.9497375471009,96.38950971295607,57.735646146650616,85.20936420688483,477.4053930063327,0.0,6,18.73417721518987,22.03406467107417,0.5423389005723971,-0.24288827441858288,193,135767540,2.0,0.005,0.015,1.1064901012419925,0.9805614822740314,0.9756384069253818,1.0084882011213712,0.937347645251372,1.0120689755692605,0.9741112987109584,0.9994228471806775,1.0954986024721112
ME-APIC,300.0,157.3,167.00652300579682,96.9780191142395,58.06840198144439,84.75293089815575,477.0785978982438,0.0,7,22.78481012658228,16.575203594614003,0.4983413288981859,-0.11630178404944484,193,135767540,2.0,0.005,0.015,1.1064901012419925,0.9805614822740314,0.9756384069253818,1.0084882011213712,0.937347645251372,1.0120689755692605,0.9741112987109584,0.9994228471806775,1.0954986024721112
Passive,350.0,188.825,192.9306484274338,168.35671071666633,87.262812875472,96.66231972967434,1000.6583003178024,0.0,0,0.0,0.0,0.0,0.0,193,135767540,2.0,0.005,0.015,1.1064901012419925,0.9805614822740314,0.9756384069253818,1.0084882011213712,0.937347645251372,1.0120689755692605,0.9741112987109584,0.9994228471806775,1.0954986024721112
Continuous,350.0,188.825,191.54484992883454,166.02307153036097,86.67582114165127,87.98881408041782,1008.7526402109955,0.0,1,99.99999999999999,136.19559897736485,2.906820941313869,-1.2621276443361524,193,135767540,2.0,0.005,0.015,1.1064901012419925,0.9805614822740314,0.9756384069253818,1.0084882011213712,0.937347645251372,1.0120689755692605,0.9741112987109584,0.9994228471806775,1.0954986024721112
T-APIC,350.0,188.825,194.05848727214652,168.26985266386288,86.71089578673372,98.89437043387903,982.3438518697043,0.0,7,26.923076923076923,22.36463028928008,0.8558148791248739,-0.17165562268877066,193,135767540,2.0,0.005,0.015,1.1064901012419925,0.9805614822740314,0.9756384069253818,1.0084882011213712,0.937347645251372,1.0120689755692605,0.9741112987109584,0.9994228471806775,1.0954986024721112
E-APIC,350.0,188.825,193.69737549286296,169.195955408574,87.35067007390002,97.93062076080135,983.5215977393514,0.0,7,27.36686390532544,46.4670279783814,1.2188076430531796,-0.5116172834353045,193,135767540,2.0,0.005,0.015,1.1064901012419925,0.9805614822740314,0.9756384069253818,1.0084882011213712,0.937347645251372,1.0120689755692605,0.9741112987109584,0.9994228471806775,1.0954986024721112
ME-APIC,350.0,188.825,192.47866445874638,166.98786567872006,86.75655878447259,99.53839330068122,980.1991217395994,0.0,7,23.076923076923073,26.661867872497737,0.865884579393813,-0.5337705746521768,193,135767540,2.0,0.005,0.015,1.1064901012419925,0.9805614822740314,0.9756384069253818,1.0084882011213712,0.937347645251372,1.0120689755692605,0.9741112987109584,0.9994228471806775,1.0954986024721112
Passive,300.0,157.3,167.66549409695804,100.2923944873962,59.81695579497046,77.47783448547564,464.24594010364774,0.0,0,0.0,0.0,0.0,0.0,194,1827854933,2.0,0.005,0.015,0.9945164807144079,0.9050209068096539,1.0841246517854208,0.9125566589909752,1.0530508984844948,1.0290031686839543,0.9897180242900011,1.0228490437798592,1.0775619718962768
Continuous,300.0,157.3,165.11137909964268,95.21219897220868,57.665437410433896,82.18262772692353,456.203901451888,0.0,1,100.0,75.604365166556,1.6104648792963168,-0.6499312406676808,194,1827854933,2.0,0.005,0.015,0.9945164807144079,0.9050209068096539,1.0841246517854208,0.9125566589909752,1.0530508984844948,1.0290031686839543,0.9897180242900011,1.0228490437798592,1.0775619718962768
T-APIC,300.0,157.3,167.75515654911456,98.80397557510923,58.897727859818055,81.88618970848344,462.14332575515374,0.0,8,27.594936708860757,24.148363254896832,0.63744036707314,-0.1647829121276869,194,1827854933,2.0,0.005,0.015,0.9945164807144079,0.9050209068096539,1.0841246517854208,0.9125566589909752,1.0530508984844948,1.0290031686839543,0.9897180242900011,1.0228490437798592,1.0775619718962768
E-APIC,300.0,157.3,168.46312172602302,98.75580050504486,58.621613735529955,81.88618970848344,465.61060896053027,0.0,6,18.73417721518987,20.153829791825125,0.3958133248194359,-0.02422057027706512,194,1827854933,2.0,0.005,0.015,0.9945164807144079,0.9050209068096539,1.0841246517854208,0.9125566589909752,1.0530508984844948,1.0290031686839543,0.9897180242900011,1.0228490437798592,1.0775619718962768
ME-APIC,300.0,157.3,167.69145066748854,99.1403584245404,59.120699373710764,81.39487970362349,461.079090237853,0.0,7,22.78481012658228,15.458739741580017,0.44394659945483406,-0.09713623907226576,194,1827854933,2.0,0.005,0.015,0.9945164807144079,0.9050209068096539,1.0841246517854208,0.9125566589909752,1.0530508984844948,1.0290031686839543,0.9897180242900011,1.0228490437798592,1.0775619718962768
Passive,350.0,188.825,191.22872892040417,163.88099648526543,85.69894147729143,90.68147958541131,987.6795743621367,0.0,0,0.0,0.0,0.0,0.0,194,1827854933,2.0,0.005,0.015,0.9945164807144079,0.9050209068096539,1.0841246517854208,0.9125566589909752,1.0530508984844948,1.0290031686839543,0.9897180242900011,1.0228490437798592,1.0775619718962768
Continuous,350.0,188.825,189.7615000483919,161.6303334119641,85.17551419584376,87.68376184501471,1004.8709464915505,0.0,1,99.99999999999999,134.956228130228,2.863066053348507,-1.2340781843637902,194,1827854933,2.0,0.005,0.015,0.9945164807144079,0.9050209068096539,1.0841246517854208,0.9125566589909752,1.0530508984844948,1.0290031686839543,0.9897180242900011,1.0228490437798592,1.0775619718962768
T-APIC,350.0,188.825,192.22841859362893,163.47610340491786,85.04263032538728,94.25466032190066,982.9065362128543,0.0,7,26.923076923076923,23.011250272378483,0.8661406026534845,-0.18053128141101477,194,1827854933,2.0,0.005,0.015,0.9945164807144079,0.9050209068096539,1.0841246517854208,0.9125566589909752,1.0530508984844948,1.0290031686839543,0.9897180242900011,1.0228490437798592,1.0775619718962768
E-APIC,350.0,188.825,192.66412302324665,164.97780811271411,85.62975063749055,94.25466032190066,990.267440588073,0.0,7,27.36686390532544,53.118102664890976,1.1925347082601614,-0.46122768412557386,194,1827854933,2.0,0.005,0.015,0.9945164807144079,0.9050209068096539,1.0841246517854208,0.9125566589909752,1.0530508984844948,1.0290031686839543,0.9897180242900011,1.0228490437798592,1.0775619718962768
ME-APIC,350.0,188.825,190.94686901516386,162.61936542350765,85.1647195171309,93.77643515127639,984.5782302588824,0.0,7,23.076923076923073,27.65532237903144,0.8699643031049072,-0.4822395899590857,194,1827854933,2.0,0.005,0.015,0.9945164807144079,0.9050209068096539,1.0841246517854208,0.9125566589909752,1.0530508984844948,1.0290031686839543,0.9897180242900011,1.0228490437798592,1.0775619718962768
Passive,300.0,157.3,167.31274465893063,99.17751513464701,59.27672475687477,80.36688467197101,463.51433000605925,0.0,0,0.0,0.0,0.0,0.0,195,239842803,2.0,0.005,0.015,1.10774402714196,0.9736858186636446,1.0968299927442706,0.9541623562186428,0.929410695204306,1.0019629653880209,0.9053958427712248,0.9835957838926006,0.9676457612770856
Continuous,300.0,157.3,164.80386051381862,94.24767221909302,57.18778184276239,86.69436135331053,465.06053036298056,0.0,1,100.0,78.78404207945114,1.715815879975575,-0.6142629797271391,195,239842803,2.0,0.005,0.015,1.10774402714196,0.9736858186636446,1.0968299927442706,0.9541623562186428,0.929410695204306,1.0019629653880209,0.9053958427712248,0.9835957838926006,0.9676457612770856
T-APIC,300.0,157.3,167.32777568816994,97.75114966601963,58.41896198284947,85.4993317036072,465.8036913658624,0.0,8,27.594936708860757,23.2922529804516,0.6352140102287969,-0.22090934548245003,195,239842803,2.0,0.005,0.015,1.10774402714196,0.9736858186636446,1.0968299927442706,0.9541623562186428,0.929410695204306,1.0019629653880209,0.9053958427712248,0.9835957838926006,0.9676457612770856
E-APIC,300.0,157.3,168.35531515094397,97.74626575279933,58.059506862116,85.49933170359225,464.4230455850431,0.0,6,18.73417721518987,16.172761974871324,0.44328544142026605,-0.014034059722568794,195,239842803,2.0,0.005,0.015,1.10774402714196,0.9736858186636446,1.0968299927442706,0.9541623562186428,0.929410695204306,1.0019629653880209,0.9053958427712248,0.9835957838926006,0.9676457612770856
ME-APIC,300.0,157.3,167.2650452112697,97.94032495112339,58.55397033338112,84.7499603515661,459.50094661566976,0.0,7,22.78481012658228,16.45120736793724,0.5031112919670806,-0.11173728665378062,195,239842803,2.0,0.005,0.015,1.10774402714196,0.9736858186636446,1.0968299927442706,0.9541623562186428,0.929410695204306,1.0019629653880209,0.9053958427712248,0.9835957838926006,0.9676457612770856
Passive,350.0,188.825,192.87408441863099,168.0412618936659,87.12485267275943,92.97623575854576,1006.9630408652979,0.0,0,0.0,0.0,0.0,0.0,195,239842803,2.0,0.005,0.015,1.10774402714196,0.9736858186636446,1.0968299927442706,0.9541623562186428,0.929410695204306,1.0019629653880209,0.9053958427712248,0.9835957838926006,0.9676457612770856
Continuous,350.0,188.825,191.44779123600534,165.71412896785063,86.55839166280492,90.72800120602412,1001.5000698099623,0.0,1,99.99999999999999,135.8856702346718,2.8912784305572345,-1.290014405396502,195,239842803,2.0,0.005,0.015,1.10774402714196,0.9736858186636446,1.0968299927442706,0.9541623562186428,0.929410695204306,1.0019629653880209,0.9053958427712248,0.9835957838926006,0.9676457612770856
T-APIC,350.0,188.825,193.89010393948243,167.94159376940146,86.61689810730098,97.82466442838503,984.7910969110889,0.0,7,26.923076923076923,21.16649925182842,0.8383937333963914,-0.18186356160558428,195,239842803,2.0,0.005,0.015,1.10774402714196,0.9736858186636446,1.0968299927442706,0.9541623562186428,0.929410695204306,1.0019629653880209,0.9053958427712248,0.9835957838926006,0.9676457612770856
E-APIC,350.0,188.825,195.40717451704916,171.04356329167854,87.53187477093125,97.82466442838503,1000.0806397414528,0.0,6,21.89349112426035,35.50252442993873,0.7697145096022208,-0.006189401642244523,195,239842803,2.0,0.005,0.015,1.10774402714196,0.9736858186636446,1.0968299927442706,0.9541623562186428,0.929410695204306,1.0019629653880209,0.9053958427712248,0.9835957838926006,0.9676457612770856
ME-APIC,350.0,188.825,192.43739043136685,166.835534850067,86.69600771247686,96.92444339388489,986.6242720518754,0.0,7,23.076923076923073,25.987422443859124,0.8436859211379862,-0.5310400405800871,195,239842803,2.0,0.005,0.015,1.10774402714196,0.9736858186636446,1.0968299927442706,0.9541623562186428,0.929410695204306,1.0019629653880209,0.9053958427712248,0.9835957838926006,0.9676457612770856
Passive,300.0,157.3,169.00361687080093,101.21757060058034,59.89077185132592,84.11663964464698,464.7870563661474,0.0,0,0.0,0.0,0.0,0.0,196,1580379556,2.0,0.005,0.015,1.1227654096075774,0.9735918088354136,1.0755332020472217,1.0365288704853857,1.0312009665797874,0.960501449863243,0.9845782961166987,0.9321126889586651,1.0033406681147126
Continuous,300.0,157.3,165.96274968382417,95.74885258079688,57.692977950297966,87.68540087464929,463.4083684879897,0.0,1,100.0,83.51534491569556,1.7986520074302894,-0.6823029429055775,196,1580379556,2.0,0.005,0.015,1.1227654096075774,0.9735918088354136,1.0755332020472217,1.0365288704853857,1.0312009665797874,0.960501449863243,0.9845782961166987,0.9321126889586651,1.0033406681147126
T-APIC,300.0,157.3,168.8212944384287,99.65482853871963,59.02977398095062,87.59976586992165,464.98954235510575,0.0,8,27.594936708860757,23.320892595205812,0.6313580370864099,-0.2525622027062321,196,1580379556,2.0,0.005,0.015,1.1227654096075774,0.9735918088354136,1.0755332020472217,1.0365288704853857,1.0312009665797874,0.960501449863243,0.9845782961166987,0.9321126889586651,1.0033406681147126
E-APIC,300.0,157.3,169.84332350565413,99.94695522186068,58.84656114759402,87.59976586992165,458.27526275128105,0.0,6,18.73417721518987,18.572241895679586,0.39092942551803467,-0.05241751208108484,196,1580379556,2.0,0.005,0.015,1.1227654096075774,0.9735918088354136,1.0755332020472217,1.0365288704853857,1.0312009665797874,0.960501449863243,0.9845782961166987,0.9321126889586651,1.0033406681147126
ME-APIC,300.0,157.3,168.85337477068308,99.88937115188767,59.15746208066363,87.46927104877976,455.02976137991106,0.0,7,22.78481012658228,17.38212631840327,0.5411439342167118,-0.10246175748637598,196,1580379556,2.0,0.005,0.015,1.1227654096075774,0.9735918088354136,1.0755332020472217,1.0365288704853857,1.0312009665797874,0.960501449863243,0.9845782961166987,0.9321126889586651,1.0033406681147126
Passive,350.0,188.825,193.9150155394248,169.40993131135278,87.36297745695207,93.17576627382523,1024.8093718148905,0.0,0,0.0,0.0,0.0,0.0,196,1580379556,2.0,0.005,0.015,1.1227654096075774,0.9735918088354136,1.0755332020472217,1.0365288704853857,1.0312009665797874,0.960501449863243,0.9845782961166987,0.9321126889586651,1.0033406681147126
Continuous,350.0,188.825,191.98043416931822,166.36880907277498,86.65925243509193,101.22021157799747,1003.0077518162462,0.0,1,99.99999999999999,140.54112976874515,2.9623814822542855,-1.3999224991917545,196,1580379556,2.0,0.005,0.015,1.1227654096075774,0.9735918088354136,1.0755332020472217,1.0365288704853857,1.0312009665797874,0.960501449863243,0.9845782961166987,0.9321126889586651,1.0033406681147126
T-APIC,350.0,188.825,194.6838389880516,168.90199284817095,86.75706916717265,100.0012418428667,997.5700777642023,0.0,7,26.923076923076923,23.325601038267944,0.8753737332247583,-0.2502699325551629,196,1580379556,2.0,0.005,0.015,1.1227654096075774,0.9735918088354136,1.0755332020472217,1.0365288704853857,1.0312009665797874,0.960501449863243,0.9845782961166987,0.9321126889586651,1.0033406681147126
E-APIC,350.0,188.825,195.33007384726932,171.36307572302152,87.73000099155861,100.0012418428667,1011.2996776505908,0.0,7,27.36686390532544,52.73328735406626,1.2212634576531727,-0.5123835840664437,196,1580379556,2.0,0.005,0.015,1.1227654096075774,0.9735918088354136,1.0755332020472217,1.0365288704853857,1.0312009665797874,0.960501449863243,0.9845782961166987,0.9321126889586651,1.0033406681147126
ME-APIC,350.0,188.825,193.53654260351627,167.9383262086378,86.77344544315869,98.35626628022337,1000.3027412909407,0.0,7,23.076923076923073,29.24570410621335,0.8964314090678446,-0.5151492321897142,196,1580379556,2.0,0.005,0.015,1.1227654096075774,0.9735918088354136,1.0755332020472217,1.0365288704853857,1.0312009665797874,0.960501449863243,0.9845782961166987,0.9321126889586651,1.0033406681147126
Passive,300.0,157.3,164.2172887592705,95.1686400039764,57.95287495184874,83.14854159809948,454.8050389735357,0.0,0,0.0,0.0,0.0,0.0,197,1369705906,2.0,0.005,0.015,0.9440862271049325,0.9199451289763447,0.9667181315003861,1.0763801247942635,0.9098394422581245,1.0208128816536235,0.9735812925062611,1.0868787872239263,0.9796582227203171
Continuous,300.0,157.3,162.09026977930418,90.43081859015098,55.79040537922361,91.49547356995802,454.4148482418384,0.0,1,100.0,76.68670302533953,1.6586030651920638,-0.5282165098576503,197,1369705906,2.0,0.005,0.015,0.9440862271049325,0.9199451289763447,0.9667181315003861,1.0763801247942635,0.9098394422581245,1.0208128816536235,0.9735812925062611,1.0868787872239263,0.9796582227203171
T-APIC,300.0,157.3,164.30820018887974,93.76313310140105,57.06540087081233,88.83589560060112,458.99780066097065,0.0,8,27.594936708860757,22.22631669747989,0.5967122558031799,-0.18693920943944828,197,1369705906,2.0,0.005,0.015,0.9440862271049325,0.9199451289763447,0.9667181315003861,1.0763801247942635,0.9098394422581245,1.0208128816536235,0.9735812925062611,1.0868787872239263,0.9796582227203171
E-APIC,300.0,157.3,165.04136052654687,93.68990173937691,56.76752872156971,88.83585539747664,460.23605118565825,0.0,7,23.41772151898734,17.98640772449738,0.4998507290901981,-0.06049870851995087,197,1369705906,2.0,0.005,0.015,0.9440862271049325,0.9199451289763447,0.9667181315003861,1.0763801247942635,0.9098394422581245,1.0208128816536235,0.9735812925062611,1.0868787872239263,0.9796582227203171
ME-APIC,300.0,157.3,164.19916327796642,94.01208875399371,57.25491340954294,87.72478763697315,456.8973897147657,0.0,7,22.40506329113924,14.99153537311488,0.46969026591280444,-0.09042697386938198,197,1369705906,2.0,0.005,0.015,0.9440862271049325,0.9199451289763447,0.9667181315003861,1.0763801247942635,0.9098394422581245,1.0208128816536235,0.9735812925062611,1.0868787872239263,0.9796582227203171
Passive,350.0,188.825,189.28147028152765,161.34969207511259,85.24325800889503,93.96595939839581,958.4279531155294,0.0,0,0.0,0.0,0.0,0.0,197,1369705906,2.0,0.005,0.015,0.9440862271049325,0.9199451289763447,0.9667181315003861,1.0763801247942635,0.9098394422581245,1.0208128816536235,0.9735812925062611,1.0868787872239263,0.9796582227203171
Continuous,350.0,188.825,188.22009810116992,159.20849918250406,84.58634374790736,94.40162285607727,960.1464418983046,0.0,1,99.99999999999999,132.59668016222852,2.8110487768037387,-1.1744718269693972,197,1369705906,2.0,0.005,0.015,0.9440862271049325,0.9199451289763447,0.9667181315003861,1.0763801247942635,0.9098394422581245,1.0208128816536235,0.9735812925062611,1.0868787872239263,0.9796582227203171
T-APIC,350.0,188.825,190.32086845528056,161.1190134315938,84.6565144113199,100.92605584190996,935.5868067353858,0.0,7,26.923076923076923,21.756617611766305,0.8373181763727918,-0.17176796890315574,197,1369705906,2.0,0.005,0.015,0.9440862271049325,0.9199451289763447,0.9667181315003861,1.0763801247942635,0.9098394422581245,1.0208128816536235,0.9735812925062611,1.0868787872239263,0.9796582227203171
E-APIC,350.0,188.825,191.76515981125567,164.08026797631658,85.56312738863103,100.92605584190996,950.1241333512598,0.0,6,21.89349112426035,32.91990427979373,0.7534685554301699,0.007395998693485201,197,1369705906,2.0,0.005,0.015,0.9440862271049325,0.9199451289763447,0.9667181315003861,1.0763801247942635,0.9098394422581245,1.0208128816536235,0.9735812925062611,1.0868787872239263,0.9796582227203171
ME-APIC,350.0,188.825,188.96579506599647,160.19992606234587,84.77720849236017,99.20171764356553,937.5445379226304,0.0,7,22.928994082840234,24.802549983456643,0.7994665281873882,-0.4892941066107297,197,1369705906,2.0,0.005,0.015,0.9440862271049325,0.9199451289763447,0.9667181315003861,1.0763801247942635,0.9098394422581245,1.0208128816536235,0.9735812925062611,1.0868787872239263,0.9796582227203171
Passive,300.0,157.3,169.27795949521087,102.62708761728918,60.62637328765335,83.1908026295057,464.7042354180289,0.0,0,0.0,0.0,0.0,0.0,198,1482459462,2.0,0.005,0.015,1.01680374347445,1.0304240749786995,1.0079655669375573,1.0814124580407032,1.0920333182516517,0.9161715346628274,0.9974127801113997,0.9446188583084306,1.033594899054365
Continuous,300.0,157.3,165.9781889577859,97.12911262071943,58.5192025715034,87.50875555884653,464.28129424978306,0.0,1,100.0,84.92914044891435,1.8282069160091714,-0.6682806632160274,198,1482459462,2.0,0.005,0.015,1.01680374347445,1.0304240749786995,1.0079655669375573,1.0814124580407032,1.0920333182516517,0.9161715346628274,0.9974127801113997,0.9446188583084306,1.033594899054365
T-APIC,300.0,157.3,169.04092385744482,101.12930621836641,59.82533927917391,87.30846788527298,470.01642823656465,0.0,8,27.594936708860757,24.092523855673143,0.6520580841674566,-0.2720685298013567,198,1482459462,2.0,0.005,0.015,1.01680374347445,1.0304240749786995,1.0079655669375573,1.0814124580407032,1.0920333182516517,0.9161715346628274,0.9974127801113997,0.9446188583084306,1.033594899054365
E-APIC,300.0,157.3,170.11502874476355,101.20451393484086,59.491812499814856,87.30846788527298,473.83365159909636,0.0,6,18.73417721518987,14.722563106271556,0.40340550768236194,-0.050013632845840685,198,1482459462,2.0,0.005,0.015,1.01680374347445,1.0304240749786995,1.0079655669375573,1.0814124580407032,1.0920333182516517,0.9161715346628274,0.9974127801113997,0.9446188583084306,1.033594899054365
ME-APIC,300.0,157.3,168.99472232571114,101.22313983461413,59.89721953536644,87.0781192047627,468.2588306911192,0.0,7,22.78481012658228,18.638317725036664,0.5750450703877211,-0.09856329082625907,198,1482459462,2.0,0.005,0.015,1.01680374347445,1.0304240749786995,1.0079655669375573,1.0814124580407032,1.0920333182516517,0.9161715346628274,0.9974127801113997,0.9446188583084306,1.033594899054365
Passive,350.0,188.825,194.99750515374697,174.44542188786195,89.46033527471,94.62686220255794,1051.180340772075,0.0,0,0.0,0.0,0.0,0.0,198,1482459462,2.0,0.005,0.015,1.01680374347445,1.0304240749786995,1.0079655669375573,1.0814124580407032,1.0920333182516517,0.9161715346628274,0.9974127801113997,0.9446188583084306,1.033594899054365
Continuous,350.0,188.825,192.7438043409983,171.37298489976163,88.9123183417985,93.20630402257288,1038.007238257424,0.0,1,99.99999999999999,141.9168994031373,2.963983549488335,-1.476960737855631,198,1482459462,2.0,0.005,0.015,1.01680374347445,1.0304240749786995,1.0079655669375573,1.0814124580407032,1.0920333182516517,0.9161715346628274,0.9974127801113997,0.9446188583084306,1.033594899054365
T-APIC,350.0,188.825,195.75533909816804,174.0534115036456,88.91374932888075,99.36497775489501,1023.2883222503809,0.0,7,26.923076923076923,22.011227840655103,0.8592664133709426,-0.2428505828899541,198,1482459462,2.0,0.005,0.015,1.01680374347445,1.0304240749786995,1.0079655669375573,1.0814124580407032,1.0920333182516517,0.9161715346628274,0.9974127801113997,0.9446188583084306,1.033594899054365
E-APIC,350.0,188.825,197.22254704987603,176.63145969661866,89.55946586165422,99.36497775489501,1037.8775758616675,0.0,7,27.36686390532544,52.09585163309314,1.0778181595859129,-0.32839188550065473,198,1482459462,2.0,0.005,0.015,1.01680374347445,1.0304240749786995,1.0079655669375573,1.0814124580407032,1.0920333182516517,0.9161715346628274,0.9974127801113997,0.9446188583084306,1.033594899054365
ME-APIC,350.0,188.825,194.52137057740782,173.15204960762438,89.01440962175427,98.47569945296497,1027.1347931457983,0.0,7,23.076923076923073,28.023475415969735,0.8871155999441893,-0.5500167492885208,198,1482459462,2.0,0.005,0.015,1.01680374347445,1.0304240749786995,1.0079655669375573,1.0814124580407032,1.0920333182516517,0.9161715346628274,0.9974127801113997,0.9446188583084306,1.033594899054365
Passive,300.0,157.3,166.65279392564634,100.40461474634526,60.247783659205666,80.69775738415032,451.14405682436967,0.0,0,0.0,0.0,0.0,0.0,199,1673116216,2.0,0.005,0.015,0.9220595758678707,1.0183710228211735,1.0756683873954362,0.9539588937312206,1.0613284328087096,1.0613555282071618,1.0454378609456867,1.0671972109234005,0.9017694498562014
Continuous,300.0,157.3,164.47990964952353,95.65068712818108,58.153416628204084,85.4018196978167,452.6227234415037,0.0,1,100.0,72.38042409769722,1.6120649277904067,-0.5271831834995422,199,1673116216,2.0,0.005,0.015,0.9220595758678707,1.0183710228211735,1.0756683873954362,0.9539588937312206,1.0613284328087096,1.0613555282071618,1.0454378609456867,1.0671972109234005,0.9017694498562014
T-APIC,300.0,157.3,166.85141405018283,99.14019491289362,59.418252747367106,84.93221111004617,458.4768692279647,0.0,8,27.594936708860757,21.36681535613341,0.6015974323280094,-0.16266201174745748,199,1673116216,2.0,0.005,0.015,0.9220595758678707,1.0183710228211735,1.0756683873954362,0.9539588937312206,1.0613284328087096,1.0613555282071618,1.0454378609456867,1.0671972109234005,0.9017694498562014
E-APIC,300.0,157.3,166.7651165796594,98.44812630446688,59.03400442708337,84.93221111004617,456.3939725778315,0.0,6,18.73417721518987,19.963239234325883,0.5084224148453156,-0.19567494895127358,199,1673116216,2.0,0.005,0.015,0.9220595758678707,1.0183710228211735,1.0756683873954362,0.9539588937312206,1.0613284328087096,1.0613555282071618,1.0454378609456867,1.0671972109234005,0.9017694498562014
ME-APIC,300.0,157.3,166.70095928284454,99.40231720462178,59.629121291356256,84.47814953151183,455.79863674475945,0.0,7,22.658227848101262,13.770590145698113,0.4504548702006614,-0.07847041636534463,199,1673116216,2.0,0.005,0.015,0.9220595758678707,1.0183710228211735,1.0756683873954362,0.9539588937312206,1.0613284328087096,1.0613555282071618,1.0454378609456867,1.0671972109234005,0.9017694498562014
Passive,350.0,188.825,191.48597025493933,170.97639835650824,89.28925608955832,96.08396871135328,1037.1484573184775,0.0,0,0.0,0.0,0.0,0.0,199,1673116216,2.0,0.005,0.015,0.9220595758678707,1.0183710228211735,1.0756683873954362,0.9539588937312206,1.0613284328087096,1.0613555282071618,1.0454378609456867,1.0671972109234005,0.9017694498562014
Continuous,350.0,188.825,190.5335022627692,169.35745080297315,88.88591706534021,100.15050135558721,1023.3272726556825,0.0,1,99.99999999999999,129.85063680485803,2.811262106826551,-1.1632888102522803,199,1673116216,2.0,0.005,0.015,0.9220595758678707,1.0183710228211735,1.0756683873954362,0.9539588937312206,1.0613284328087096,1.0613555282071618,1.0454378609456867,1.0671972109234005,0.9017694498562014
T-APIC,350.0,188.825,192.64749766043087,170.84434917151094,88.6823609163348,100.4242747243662,1013.8386246749251,0.0,7,26.923076923076923,22.40023426771438,0.8598404731962911,-0.14521506583617494,199,1673116216,2.0,0.005,0.015,0.9220595758678707,1.0183710228211735,1.0756683873954362,0.9539588937312206,1.0613284328087096,1.0613555282071618,1.0454378609456867,1.0671972109234005,0.9017694498562014
E-APIC,350.0,188.825,193.34327360260698,173.9302880450058,89.95931681724694,100.4242747243662,1029.9874768415918,0.0,6,21.89349112426035,35.03802170378241,0.8996584530782475,-0.1800435678535055,199,1673116216,2.0,0.005,0.015,0.9220595758678707,1.0183710228211735,1.0756683873954362,0.9539588937312206,1.0613284328087096,1.0613555282071618,1.0454378609456867,1.0671972109234005,0.9017694498562014
ME-APIC,350.0,188.825,191.3624919740516,170.01063156255367,88.84219149153158,99.73574783798097,1017.0523881712522,0.0,7,22.781065088757394,23.81436754762739,0.8044632987673953,-0.4434410360628065,199,1673116216,2.0,0.005,0.015,0.9220595758678707,1.0183710228211735,1.0756683873954362,0.9539588937312206,1.0613284328087096,1.0613555282071618,1.0454378609456867,1.0671972109234005,0.9017694498562014
